Cited in,Work_id,Title,First author,First author id,Institution name,Affiliation
https://openalex.org/W2883072253,https://openalex.org/W1601560614,Role of microstructure in the electron–hole interaction of hybrid lead halide perovskites,Giulia Grancini,https://openalex.org/A5045697365,Italian Institute of Technology,['Italian Institute of Technology.']
https://openalex.org/W2883072253,https://openalex.org/W1614533393,"Magneto-optical study on excitonic spectra in (<mml:math xmlns:mml=""http://www.w3.org/1998/Math/MathML"" display=""inline""><mml:mrow><mml:msub><mml:mrow><mml:mi mathvariant=""normal"">C</mml:mi></mml:mrow><mml:mrow><mml:mn>6</mml:mn></mml:mrow></mml:msub></mml:mrow></mml:math><mml:math xmlns:mml=""http://www.w3.org/1998/Math/MathML"" display=""inline""><mml:mrow><mml:msub><mml:mrow><mml:mi mathvariant=""normal"">H</mml:mi></mml:mrow><mml:mrow><mml:mn>13</mml:mn></mml:mrow></mml:msub></mml:mrow></mml:math…",Takeshi Kataoka,https://openalex.org/A5063022637,The University of Tokyo,"['Department of Applied Physics, Faculty of Engineering, The University of Tokyo, 7‐3‐1, Hongo, Bunkyo‐ku, Tokyo 113, Japan']"
https://openalex.org/W2883072253,https://openalex.org/W1627960084,"Localization of triplet excitons and biexcitons in the two-dimensional semiconductor<mml:math xmlns:mml=""http://www.w3.org/1998/Math/MathML"" display=""inline""><mml:mrow><mml:msub><mml:mrow><mml:mo>(</mml:mo><mml:mi mathvariant=""normal"">C</mml:mi><mml:msub><mml:mi mathvariant=""normal"">H</mml:mi><mml:mn>3</mml:mn></mml:msub><mml:msub><mml:mi mathvariant=""normal"">C</mml:mi><mml:mn>6</mml:mn></mml:msub><mml:msub><mml:mi mathvariant=""normal"">H</mml:mi><mml:mn>4</mml:mn></mml:msub><mml:mi mathvariant…",T. Goto,https://openalex.org/A5101845185,Tohoku University,"['Center for Interdisciplinary Research, Tohoku University, Sendai 980-8578, Japan']"
https://openalex.org/W2883072253,https://openalex.org/W1857108988,"Lattice dynamics and vibrational spectra of the orthorhombic, tetragonal, and cubic phases of methylammonium lead iodide",Federico Brivio,https://openalex.org/A5045962233,University of Bath,"['Centre for Sustainable Chemical Technologies and Department of Chemistry, University of Bath, Claverton Down,Bath BA2 7AY,United Kingdom']"
https://openalex.org/W2883072253,https://openalex.org/W1963779543,Polaronic effects on excitons in quantum wells,Ruisheng Zheng,https://openalex.org/A5009213585,Yamaguchi University,"['Department of Advanced Materials Science and Engineering, Faculty of Engineering, Yamaguchi University, Ube, 755, Japan', 'Physics Department, Inner Mongolia University, Hohhot, 010021, China']"
https://openalex.org/W2883072253,https://openalex.org/W1964922060,Generating coherent THz phonons with light pulses,R. Merlín,https://openalex.org/A5079126259,University of Michigan–Ann Arbor,"['Center for Ultrafast Optical Science, The University of Michigan, Ann Arbor, MI 48109, U.S.A.', 'The Harrison M. Randall Laboratory of Physics, The University of Michigan, Ann Arbor, MI 48109, U.S.A.']"
https://openalex.org/W2883072253,https://openalex.org/W1972802851,Coherent Phonon Dynamics in Semiconducting Carbon Nanotubes: A Quantitative Study of Electron-Phonon Coupling,Larry Lüer,https://openalex.org/A5013887138,Politecnico di Milano,"['National Laboratory for Ultrafast and Ultraintense Optical Science, Dipartimento di Fisica, Politecnico di Milano, Piazza L. da Vinci 32, 20133 Milano, Italy.']"
https://openalex.org/W2883072253,https://openalex.org/W1973398121,Biexciton lasing in the layered perovskite-type material (C6H13NH3)2PbI4,Takashi Kondo,https://openalex.org/A5020982275,The University of Tokyo,"['Department of Applied Physics, Faculty of Engineering, The University of Tokyo, 7‐3‐1, Hongo, Bunkyo‐ku, Tokyo 113, Japan']"
https://openalex.org/W2883072253,https://openalex.org/W1981368803,Generalized Gradient Approximation Made Simple,John P. Perdew,https://openalex.org/A5014987686,Tulane University,"['Department of Physics and Quantum Theory Group, Tulane University, New Orleans, Louisiana 70118']"
https://openalex.org/W2883072253,https://openalex.org/W2033597029,Electronic and Excitonic Structures of Inorganic–Organic Perovskite-Type Quantum-Well Crystal (C<sub>4</sub>H<sub>9</sub>NH<sub>3</sub>)<sub>2</sub>PbBr<sub>4</sub>,Ken’ichiro Tanaka,https://openalex.org/A5028278086,The University of Tokyo,"['Department of Materials Science, The University of Tokyo, 7-3-1 Hongo, Bunkyo-ku, Tokyo 113-8656, Japan']"
https://openalex.org/W2883072253,https://openalex.org/W2036113194,Special points for Brillouin-zone integrations,Hendrik J. Monkhorst,https://openalex.org/A5082036603,University of Utah,"['Department of Physics, University of Utah, Salt Lake City, Utah 84112']"
https://openalex.org/W2883072253,https://openalex.org/W2040829908,Preparation and characterization of layered lead halide compounds,Joseph C. Calabrese,https://openalex.org/A5067652400,error,[]
https://openalex.org/W2883072253,https://openalex.org/W2040955846,Optical spectroscopy of two-dimensional layered (C_6H_5C_2H_4-NH_3)_2-PbI_4 perovskite,K. Gauthron,https://openalex.org/A5005151407,Centre National de la Recherche Scientifique,"['Laboratoire de Photonique et de Nanostructures , Centre National de la Recherche Scientifique , route de Nozay, 91460 Marcoussis, France']"
https://openalex.org/W2883072253,https://openalex.org/W2041117583,Origin of the Variation of Exciton Binding Energy in Semiconductors,Marc Dvorak,https://openalex.org/A5034659799,Colorado School of Mines,"['Department of Physics, Colorado School of Mines, Golden, Colorado 80401, USA.']"
https://openalex.org/W2883072253,https://openalex.org/W2044423188,The Raman Spectrum of the CH<sub>3</sub>NH<sub>3</sub>PbI<sub>3</sub> Hybrid Perovskite: Interplay of Theory and Experiment,Claudio Quarti,https://openalex.org/A5073400216,Institute of Molecular Science and Technologies,"['Computational Laboratory for Hybrid/Organic Photovoltaics (CLHYO), CNR-ISTM\r\t\t\t\t\t, I-06123, Perugia, Italy']"
https://openalex.org/W2883072253,https://openalex.org/W204759794,"Optical properties due to electronic transitions in two-dimensional semiconductors (<mml:math xmlns:mml=""http://www.w3.org/1998/Math/MathML"" display=""inline""><mml:mrow><mml:msub><mml:mrow><mml:mi mathvariant=""normal"">C</mml:mi></mml:mrow><mml:mrow><mml:mi mathvariant=""italic"">n</mml:mi></mml:mrow></mml:msub></mml:mrow></mml:math><mml:math xmlns:mml=""http://www.w3.org/1998/Math/MathML"" display=""inline""><mml:mrow><mml:msub><mml:mrow><mml:mi mathvariant=""normal"">H</mml:mi></mml:mrow><mml:mrow><mml…",Teruya Ishihara,https://openalex.org/A5067894370,Tohoku University,"['Department of Physics, Faculty of Science, Tohoku University, Sendai 980, Japan']"
https://openalex.org/W2883072253,https://openalex.org/W2055420253,Time-resolved vibrational spectroscopy in the impulsive limit,Lisa Dhar,https://openalex.org/A5057986961,Massachusetts Institute of Technology,['Massachusetts Institute of Technology']
https://openalex.org/W2883072253,https://openalex.org/W2056047920,Huge exchange energy and fine structure of excitons in an organic-inorganic quantum well material,Kazuhiro Ema,https://openalex.org/A5073551029,Sophia University,"['Department of Physics, Sophia University, 7‐1 Kioi‐cho, Chiyoda‐ku, Tokyo 102‐8554, Japan']"
https://openalex.org/W2883072253,https://openalex.org/W2067668337,Binding energies of excitons in polar quantum well heterostructures,R. T. Senger,https://openalex.org/A5058372112,Emory University,"['Department of Physics, Emory University, Atlanta, Georgia 30322, USA']"
https://openalex.org/W2883072253,https://openalex.org/W2068034996,Influence of dielectric confinement on excitonic nonlinearity in inorganic-organic layered semiconductors,Makoto Shimizu,https://openalex.org/A5054225167,RIKEN Center for Emergent Matter Science,"['Frontier Research System, RIKEN, 2-1 Hirosawa, Wako 351-0198, Japan']"
https://openalex.org/W2883072253,https://openalex.org/W2070790598,Investigations of amplitude and phase excitation profiles in femtosecond coherence spectroscopy,Anand T. N. Kumar,https://openalex.org/A5068715325,Northeastern University,"['Department of Physics and Center for Interdisciplinary Research on Complex Systems, Northeastern University, Boston,\u2009Massachusetts\u200902115']"
https://openalex.org/W2883072253,https://openalex.org/W2085777217,Optical properties of natural quantum-well compounds (C6H5-CnH2n-NH3)2PbBr4 (n=1–4),Nobuaki Kitazawa,https://openalex.org/A5048864996,National Defense Academy of Japan,"['Department of Materials Science and Engineering, National Defense Academy, 1-10-20 Hashirimizu, Yokosuka, Kanagawa 239-8686, Japan']"
https://openalex.org/W2883072253,https://openalex.org/W2089799553,Resonance Raman Scattering by Confined LO and TO Phonons in GaAs-AlAs Superlattices,Anil K. Sood,https://openalex.org/A5100640276,Max Planck Society,"['Max-Planck-Institut für Festkorperforschung, D-7000 Stuttgart 80, Federal Republic of Germany']"
https://openalex.org/W2883072253,https://openalex.org/W2095455230,Exciton state in two-dimensional perovskite semiconductor (C10H21NH3)2PbI4,Tatsumi Ishihara,https://openalex.org/A5024539718,Tohoku University,"['Department of Physics, Faculty of Science, Tohoku University, Sendai, 980 Japan']"
https://openalex.org/W2883072253,https://openalex.org/W2120801633,Periodic ab initio study of structural and vibrational features of hexagonal hydroxyapatite Ca10(PO4)6(OH)2,Marta Corno,https://openalex.org/A5000538326,National Interuniversity Consortium of Materials Science and Technology,"['Dipartimento di Chimica IFM, NIS Centre of Excellence and INSTM (Materials Science and Technology) National Consortium, UdR Torino, Italy.']"
https://openalex.org/W2883072253,https://openalex.org/W2141517543,Charge Transport in Organic Semiconductors,Veaceslav Coropceanu,https://openalex.org/A5045853606,Georgia Institute of Technology,"['School of Chemistry and Biochemistry and Center for Organic Photonics and Electronics, Georgia Institute of Technology, Atlanta, Georgia 30332-0400, Laboratory for Chemistry of Novel Materials, University of Mons-Hainaut, Place du Parc 20, B-7000 Mons, Belgium, and Department of Chemistry, Massachusetts Institute of Technology, Cambridge, Massachusetts 02139-4307']"
https://openalex.org/W2883072253,https://openalex.org/W2166602976,Understanding Quantum Confinement of Charge Carriers in Layered 2D Hybrid Perovskites,Jacky Even,https://openalex.org/A5055401545,Fonctions Optiques pour les Technologies de l’information,"[""FOTON - Fonctions Optiques pour les Technologies de l'informatiON (ENSSAT 6, rue de Kerampont CS 80518 22305 LANNION Cedex - France)""]"
https://openalex.org/W2883072253,https://openalex.org/W2187601805,Phonon Mode Transformation Across the Orthohombic–Tetragonal Phase Transition in a Lead Iodide Perovskite CH<sub>3</sub>NH<sub>3</sub>PbI<sub>3</sub>: A Terahertz Time-Domain Spectroscopy Approach,Chan La‐o‐vorakiat,https://openalex.org/A5037935806,King Mongkut's University of Technology Thonburi,"['Faculty\rof Science, King Mongkut’s University of Technology Thonburi, Bangkok 10140 Thailand', 'Nanoscience\rand Nanotechnology Graduate Program, King Mongkut’s University of Technology Thonburi, Bangkok 10140 Thailand', 'Theoretical\rand Computational Science Center (TaCS), Faculty of Science, King Mongkut’s University of Technology Thonburi, Bangkok 10140 Thailand']"
https://openalex.org/W2883072253,https://openalex.org/W2315553808,Solid-State Physics Perspective on Hybrid Perovskite Semiconductors,Jacky Even,https://openalex.org/A5055401545,Fonctions Optiques pour les Technologies de l’information,"[""Fonctions Optiques pour les Technologies de l'informatiON""]"
https://openalex.org/W2883072253,https://openalex.org/W2327721819,Organic–Inorganic Perovskites: Structural Versatility for Functional Materials Design,Bayrammurad Saparov,https://openalex.org/A5064811091,Duke University,"['Department\rof Mechanical\rEngineering and Materials Science, and Department of Chemistry, Duke University, Box 90300 Hudson Hall, Durham, North Carolina 27708-0300, United States']"
https://openalex.org/W2883072253,https://openalex.org/W2334795542,Influence of the image charge effect on excitonic energy structure in organic-inorganic multiple quantum well crystals,Hidetsugu Takagi,https://openalex.org/A5028332815,Sophia University,"['Department of Physics, Sophia University, 7-1 Kioicho, Chiyoda-ku, Tokyo 102-8554, Japan']"
https://openalex.org/W2883072253,https://openalex.org/W2399411924,Polaron Stabilization by Cooperative Lattice Distortion and Cation Rotations in Hybrid Perovskite Materials,Amanda J. Neukirch,https://openalex.org/A5076443503,Los Alamos National Laboratory,"['LANL - Los Alamos National Laboratory (P.O. Box 1663 Los Alamos, NM 87545 - United States)']"
https://openalex.org/W2883072253,https://openalex.org/W2415315768,Excitons in ultrathin organic-inorganic perovskite crystals,Omer Yaffe,https://openalex.org/A5009430471,Columbia University,"['Departments of Physics and Electrical Engineering, Columbia University, New York, New York 10027, USA']"
https://openalex.org/W2883072253,https://openalex.org/W2417573578,Photophysics of Hybrid Lead Halide Perovskites: The Role of Microstructure,Ajay Ram Srimath Kandada,https://openalex.org/A5023786923,Center for Nano Science and Technology,"['Center for Nano Science and\rTechnology @Polimi, Istituto Italiano di Tecnologia, via Giovanni\rPascoli 70/3, 20133 Milan, Italy']"
https://openalex.org/W2883072253,https://openalex.org/W2523411869,Screening in crystalline liquids protects energetic carriers in hybrid perovskites,Haiming Zhu,https://openalex.org/A5067434220,Columbia University,"['Department of Chemistry, Columbia University, New York, NY 10027, USA.']"
https://openalex.org/W2883072253,https://openalex.org/W2527113645,Vibrational Response of Methylammonium Lead Iodide: From Cation Dynamics to Phonon–Phonon Interactions,Tanja Petreska Ivanovska,https://openalex.org/A5031227723,Institute of Nanostructured Materials,"['Institute of Nanostructured Materials (ISMN), National Research Council (CNR), Via Gobetti 101, 40129 Bologna, Italy']"
https://openalex.org/W2883072253,https://openalex.org/W2529313738,Direct Observation of Electron–Phonon Coupling and Slow Vibrational Relaxation in Organic–Inorganic Hybrid Perovskites,Daniel B. Straus,https://openalex.org/A5023058395,University of Pennsylvania,"['Departments of †Chemistry, ‡Physics and Astronomy, §Materials Science and\rEngineering, and ∥Electrical and\rSystems Engineering, University of Pennsylvania, Philadelphia, Pennsylvania 19104, United States']"
https://openalex.org/W2883072253,https://openalex.org/W2529994764,Electron–Phonon Scattering in Atomically Thin 2D Perovskites,Zhi Guo,https://openalex.org/A5101865380,Purdue University West Lafayette,"['Department\rof Chemistry, Purdue University, West Lafayette, Indiana 47907, United States']"
https://openalex.org/W2883072253,https://openalex.org/W2533641981,Local Polar Fluctuations in Lead Halide Perovskite Crystals,Omer Yaffe,https://openalex.org/A5009430471,Columbia University,"['Department of Chemistry, Columbia University, New York, New York 10027, USA']"
https://openalex.org/W2883072253,https://openalex.org/W2562952133,Broadband Emission in Two-Dimensional Hybrid Perovskites: The Role of Structural Deformation,Daniele Cortecchia,https://openalex.org/A5059689384,Nanyang Technological University,"['Centre\rfor Nano Science and Technology (CNST@PoliMi), Istituto Italiano di Tecnologia, via Pascoli 70/3, Milan 20133, Italy', 'Interdisciplinary Graduate School, Energy Research Institute @ NTU(ERI@N), Nanyang Technological University, Singapore 639798, Singapore.']"
https://openalex.org/W2883072253,https://openalex.org/W2611277466,Tailoring the Energy Landscape in Quasi-2D Halide Perovskites Enables Efficient Green-Light Emission,Li Na Quan,https://openalex.org/A5033964677,University of Toronto,"['Department\rof Chemistry and Nano Science, Ewha Woman’s University, 52 Ewhayeodae-gil, Seodaemun-gu, Seoul 03760, Korea', 'Department\rof Electrical and Computer Engineering, University of Toronto, 10 King’s College Road, Toronto, Ontario M5S 3G4, Canada']"
https://openalex.org/W2883072253,https://openalex.org/W2619209878,Room-Temperature Polariton Lasing in All-Inorganic Perovskite Nanoplatelets,Rui Su,https://openalex.org/A5008562304,Nanyang Technological University,"['Division\rof Physics and Applied Physics, School of Physical and Mathematical\rSciences, Nanyang Technological University, Singapore 637371, Singapore']"
https://openalex.org/W2883072253,https://openalex.org/W2620408456,Probing femtosecond lattice displacement upon photo-carrier generation in lead halide perovskite,Giovanni Batignani,https://openalex.org/A5042071222,Sapienza University of Rome,"['Dipartimento di Fisica, Università di Roma “La Sapienza”, Roma, I-00185, Italy']"
https://openalex.org/W2883072253,https://openalex.org/W2739560896,Giant Rashba splitting in 2D organic-inorganic halide perovskites measured by transient spectroscopies,Yaxin Zhai,https://openalex.org/A5090723910,University of Utah,"['Department of Physics and Astronomy, University of Utah, Salt Lake City, UT 84112, USA.']"
https://openalex.org/W2883072253,https://openalex.org/W2744112770,Large polarons in lead halide perovskites,Kiyoshi Miyata,https://openalex.org/A5077616838,Columbia University,"['Department of Chemistry, Columbia University, New York, NY 10027, USA.']"
https://openalex.org/W2883072253,https://openalex.org/W2772587104,Stable biexcitons in two-dimensional metal-halide perovskites with strong dynamic lattice disorder,Félix Thouin,https://openalex.org/A5008622332,Georgia Institute of Technology,"['School of Physics, Georgia Institute of Technology, 837 State Street NW, Atlanta, Georgia 30332, USA']"
https://openalex.org/W2883072253,https://openalex.org/W2787955309,"Electrons, Excitons, and Phonons in Two-Dimensional Hybrid Perovskites: Connecting Structural, Optical, and Electronic Properties",Daniel B. Straus,https://openalex.org/A5023058395,University of Pennsylvania,"['Department of Chemistry, University of Pennsylvania, Philadelphia, Pennsylvania 19104, United States']"
https://openalex.org/W2883072253,https://openalex.org/W2792120617,Exciton-polaron spectral structures in two-dimensional hybrid lead-halide perovskites,Stefanie Neutzner,https://openalex.org/A5090278446,Center for Nano Science and Technology,"['Center for Nano Science and Technology at PoliMi, Istituto Italiano di Tecnologia, via Giovanni Pascoli 70/3, 20133 Milano, Italy']"
https://openalex.org/W2883072253,https://openalex.org/W2793443888,Quantum‐mechanical condensed matter simulations with CRYSTAL,Roberto Dovesi,https://openalex.org/A5027086608,error,['Dipartimento di Chimica IFM and NIS Centre of Excellence']
https://openalex.org/W2883072253,https://openalex.org/W2799376635,Electron–phonon interaction in efficient perovskite blue emitters,Xiwen Gong,https://openalex.org/A5048851485,University of Toronto,"['Department of Electrical and Computer Engineering, University of Toronto, Toronto, ON, Canada']"
https://openalex.org/W2883072253,https://openalex.org/W2805639266,Tuning the Optoelectronic Properties of Two-Dimensional Hybrid Perovskite Semiconductors with Alkyl Chain Spacers,Claudio Quarti,https://openalex.org/A5073400216,University of Mons,"['Laboratory for Chemistry of Novel Materials, University of Mons, Place du Parc, 20, B-7000 Mons, Belgium']"
https://openalex.org/W2883072253,https://openalex.org/W2806602851,Scaling law for excitons in 2D perovskite quantum wells,Jean-Christophe Blancon,https://openalex.org/A5051551195,Los Alamos National Laboratory,"['LANL - Los Alamos National Laboratory (P.O. Box 1663 Los Alamos, NM 87545 - United States)']"
https://openalex.org/W2883072253,https://openalex.org/W2809512561,Excited-state vibrational dynamics toward the polaron in methylammonium lead iodide perovskite,Myeongkee Park,https://openalex.org/A5025533754,"University of California, Berkeley","['Department of Chemistry, University of California, Berkeley, CA, 94720, USA']"
https://openalex.org/W2883072253,https://openalex.org/W2889222687,Vertical Cavity Biexciton Lasing in 2D Dodecylammonium Lead Iodide Perovskites,Edward P. Booker,https://openalex.org/A5022577975,Cavendish Hospital,['Cavendish Laboratory J. J. Thomson Avenue Cambridge CB3 0HE UK']
https://openalex.org/W2883072253,https://openalex.org/W2977928481,Roles of local and nonlocal electron-phonon couplings in triplet exciton diffusion in the anthracene crystal,Luca Grisanti,https://openalex.org/A5067824121,University of Mons,"['Laboratory for Chemistry of Novel Materials, University of Mons, B-7000, Place du Parc 20, Mons (Belgium)']"
https://openalex.org/W2883072253,https://openalex.org/W3098117411,"Dynamic disorder, phonon lifetimes, and the assignment of modes to the vibrational spectra of methylammonium lead halide perovskites",Aurélien M. A. Leguy,https://openalex.org/A5051368306,Imperial College London,"['Physics department, Imperial College London, UK', 'UK']"
https://openalex.org/W2883072253,https://openalex.org/W4254091674,Polarons,David Emin,https://openalex.org/A5065449815,error,['University of New Mexico']
https://openalex.org/W2883072253,https://openalex.org/W4302088598,Quantum Theory of the Optical and Electronic Properties of Semiconductors,Hartmut Haug,https://openalex.org/A5103977072,Goethe University Frankfurt,['Universität FrankfurtGermany']
https://openalex.org/W3011450051,https://openalex.org/W1522434420,Intrinsic homogeneous linewidth and broadening mechanisms of excitons in monolayer transition metal dichalcogenides,Galan Moody,https://openalex.org/A5086781820,The University of Texas at Austin,"['Department of Physics and Center for Complex Quantum Systems, University of Texas at Austin, Austin, Texas 78712, USA.']"
https://openalex.org/W3011450051,https://openalex.org/W1553548964,Studies of polaron motion,T. Holstein,https://openalex.org/A5043043561,Westinghouse Electric (United States),"['Westinghouse Research Laboratories, Pittsburgh, Pennsylvania, USA']"
https://openalex.org/W3011450051,https://openalex.org/W1553661931,Metal-halide perovskites for photovoltaic and light-emitting devices,Samuel D. Stranks,https://openalex.org/A5077878068,University of Oxford,"['Clarendon Laboratory, Parks Road, Oxford, OX1 3PU, UK']"
https://openalex.org/W3011450051,https://openalex.org/W1614533393,"Magneto-optical study on excitonic spectra in (<mml:math xmlns:mml=""http://www.w3.org/1998/Math/MathML"" display=""inline""><mml:mrow><mml:msub><mml:mrow><mml:mi mathvariant=""normal"">C</mml:mi></mml:mrow><mml:mrow><mml:mn>6</mml:mn></mml:mrow></mml:msub></mml:mrow></mml:math><mml:math xmlns:mml=""http://www.w3.org/1998/Math/MathML"" display=""inline""><mml:mrow><mml:msub><mml:mrow><mml:mi mathvariant=""normal"">H</mml:mi></mml:mrow><mml:mrow><mml:mn>13</mml:mn></mml:mrow></mml:msub></mml:mrow></mml:math…",Takeshi Kataoka,https://openalex.org/A5063022637,The University of Tokyo,"['Department of Applied Physics, Faculty of Engineering, The University of Tokyo, 7‐3‐1, Hongo, Bunkyo‐ku, Tokyo 113, Japan']"
https://openalex.org/W3011450051,https://openalex.org/W1627960084,"Localization of triplet excitons and biexcitons in the two-dimensional semiconductor<mml:math xmlns:mml=""http://www.w3.org/1998/Math/MathML"" display=""inline""><mml:mrow><mml:msub><mml:mrow><mml:mo>(</mml:mo><mml:mi mathvariant=""normal"">C</mml:mi><mml:msub><mml:mi mathvariant=""normal"">H</mml:mi><mml:mn>3</mml:mn></mml:msub><mml:msub><mml:mi mathvariant=""normal"">C</mml:mi><mml:mn>6</mml:mn></mml:msub><mml:msub><mml:mi mathvariant=""normal"">H</mml:mi><mml:mn>4</mml:mn></mml:msub><mml:mi mathvariant…",T. Goto,https://openalex.org/A5101845185,Tohoku University,"['Center for Interdisciplinary Research, Tohoku University, Sendai 980-8578, Japan']"
https://openalex.org/W3011450051,https://openalex.org/W1662985218,Polarons in Advanced Materials,A. S. Alexandrov,https://openalex.org/A5009290553,Loughborough University,"['Loughborough University, UK']"
https://openalex.org/W3011450051,https://openalex.org/W1677429112,"Photoluminescence of the inorganic-organic layered semiconductor<mml:math xmlns:mml=""http://www.w3.org/1998/Math/MathML"" display=""inline""><mml:mrow><mml:msub><mml:mrow><mml:mo>(</mml:mo><mml:msub><mml:mi mathvariant=""normal"">C</mml:mi><mml:mn>6</mml:mn></mml:msub><mml:msub><mml:mi mathvariant=""normal"">H</mml:mi><mml:mn>5</mml:mn></mml:msub><mml:msub><mml:mi mathvariant=""normal"">C</mml:mi><mml:mn>2</mml:mn></mml:msub><mml:msub><mml:mi mathvariant=""normal"">H</mml:mi><mml:mn>4</mml:mn></mml:msub><…",Makoto Shimizu,https://openalex.org/A5054225167,RIKEN Center for Emergent Matter Science,"['Frontier Research System, RIKEN, 2-1 Hirosawa, Wako 351-0198, Japan']"
https://openalex.org/W3011450051,https://openalex.org/W1696825759,Direct measurement of the exciton binding energy and effective masses for charge carriers in organic–inorganic tri-halide perovskites,Atsuhiko Miyata,https://openalex.org/A5052927577,Université Toulouse III - Paul Sabatier,['Laboratoire National des Champs Magnetiques Intenses; CNRS-UJF-UPS-INSA; 143 avenue de Rangueil 31400 Toulouse France']
https://openalex.org/W3011450051,https://openalex.org/W1803879908,New perspectives for Rashba spin–orbit coupling,Aurélien Manchon,https://openalex.org/A5014855960,King Abdullah University of Science and Technology,"['King Abdullah University of Science and Technology (KAUST), Physical Science and Engineering Division, Thuwal 23955-6900, Saudi Arabia.']"
https://openalex.org/W3011450051,https://openalex.org/W1882429841,Real-Time Observation of Organic Cation Reorientation in Methylammonium Lead Iodide Perovskites,Artem A. Bakulin,https://openalex.org/A5049502490,Institute for Atomic and Molecular Physics,"['Cavendish#R#Laboratory, University of Cambridge, JJ Thomson Avenue, Cambridge CB30HE, United Kingdom', 'FOM Institute AMOLF, Science#R#Park 104, Amsterdam, 1098#R#XG, The Netherlands']"
https://openalex.org/W3011450051,https://openalex.org/W1963779543,Polaronic effects on excitons in quantum wells,Ruisheng Zheng,https://openalex.org/A5009213585,Yamaguchi University,"['Department of Advanced Materials Science and Engineering, Faculty of Engineering, Yamaguchi University, Ube, 755, Japan', 'Physics Department, Inner Mongolia University, Hohhot, 010021, China']"
https://openalex.org/W3011450051,https://openalex.org/W1970868308,Studies of polaron motion,T. Holstein,https://openalex.org/A5043043561,Westinghouse Electric (United States),"['Westinghouse Research Laboratories,Pittsburgh Pennsylvania']"
https://openalex.org/W3011450051,https://openalex.org/W1973180683,Attractive and repulsive Fermi polarons in two dimensions,M. Koschorreck,https://openalex.org/A5080569060,University of Cambridge,"['Cavendish Laboratory, University of Cambridge, JJ Thomson Avenue, Cambridge CB3 0HE, UK']"
https://openalex.org/W3011450051,https://openalex.org/W1980380153,Real-Time Observation of Cuprates Structural Dynamics by Ultrafast Electron Crystallography,Fabrizio Carbone,https://openalex.org/A5030346068,California Institute of Technology,"['Laboratory of Ultrafast Spectroscopy, Ecole Polytechnique Fédérale de Lausanne (EPFL), 1015 Lausanne, Switzerland', 'Physical Biology Center for Ultrafast Science and Technology, Arthur Amos Noyes Laboratory of Chemical Physics, California Institute of Technology, Pasadena, CA 91125, USA']"
https://openalex.org/W3011450051,https://openalex.org/W1995313738,Polaron Induced Anomalies in the Interband Magnetoabsorption of InSb,E. J. Johnson,https://openalex.org/A5063453528,MIT Lincoln Laboratory,"['Lincoln Laboratory, Massachusetts Institute of Technology, Lexington, Massachusetts']"
https://openalex.org/W3011450051,https://openalex.org/W1995595502,"Excitons in organic–inorganic hybrid compounds (CnH2n+1NH3)2PbBr4 (n=4, 5, 7 and 12)",Nobuaki Kitazawa,https://openalex.org/A5048864996,National Defense Academy of Japan,"['Department of Materials Science and Engineering, National Defense Academy, 1-10-20 Hashirimizu, Yokosuka, Kanagawa 239-8686, Japan']"
https://openalex.org/W3011450051,https://openalex.org/W2013743366,"Substitution effects on bipolarons in alkoxy derivatives of poly(1,4-phenylene-vinylene)",K. Voss,https://openalex.org/A5054589514,"University of California, Santa Barbara","['Institute for Polymers and Organic Solids, University of California at Santa Barbara, Santa Barbara, California 93106']"
https://openalex.org/W3011450051,https://openalex.org/W2015578654,Electrons in lattice fields,H. Fröhlich,https://openalex.org/A5062224714,University of Liverpool,"['Department of Theoretical Physics, University of Liverpool']"
https://openalex.org/W3011450051,https://openalex.org/W2020267938,Optical Absorption of Polarons in the Feynman-Hellwarth-Iddings-Platzman Approximation,J. T. Devreese,https://openalex.org/A5067467670,University of Antwerp,"['Institute for Applied Mathematics, Faculty of Science, University of Antwerp, Middelheimlaan 1, Antwerp, Belgium']"
https://openalex.org/W3011450051,https://openalex.org/W2033597029,Electronic and Excitonic Structures of Inorganic–Organic Perovskite-Type Quantum-Well Crystal (C<sub>4</sub>H<sub>9</sub>NH<sub>3</sub>)<sub>2</sub>PbBr<sub>4</sub>,Ken’ichiro Tanaka,https://openalex.org/A5028278086,The University of Tokyo,"['Department of Materials Science, The University of Tokyo, 7-3-1 Hongo, Bunkyo-ku, Tokyo 113-8656, Japan']"
https://openalex.org/W3011450051,https://openalex.org/W2036460302,Temperature-dependent time-resolved photoluminescence of (C6H5C2H4NH3)2PbX4 (X=Br and I),Nobuaki Kitazawa,https://openalex.org/A5048864996,National Defense Academy of Japan,"['Department of Materials Science and Engineering, National Defense Academy, 1-10-20 Hashirimizu, Yokosuka, Kanagawa 239-8686, Japan']"
https://openalex.org/W3011450051,https://openalex.org/W2039548391,Polaron Physics in 2D and 3D,J. T. Devreese,https://openalex.org/A5048847109,University of Antwerp,"['Physics Department, University of Antwerp (UIA) Universiteitsplein 1, B-2610 Wilrijk-Antwerpen, Belgium']"
https://openalex.org/W3011450051,https://openalex.org/W2040955846,Optical spectroscopy of two-dimensional layered (C_6H_5C_2H_4-NH_3)_2-PbI_4 perovskite,K. Gauthron,https://openalex.org/A5005151407,Centre National de la Recherche Scientifique,"['Laboratoire de Photonique et de Nanostructures , Centre National de la Recherche Scientifique , route de Nozay, 91460 Marcoussis, France']"
https://openalex.org/W3011450051,https://openalex.org/W204759794,"Optical properties due to electronic transitions in two-dimensional semiconductors (<mml:math xmlns:mml=""http://www.w3.org/1998/Math/MathML"" display=""inline""><mml:mrow><mml:msub><mml:mrow><mml:mi mathvariant=""normal"">C</mml:mi></mml:mrow><mml:mrow><mml:mi mathvariant=""italic"">n</mml:mi></mml:mrow></mml:msub></mml:mrow></mml:math><mml:math xmlns:mml=""http://www.w3.org/1998/Math/MathML"" display=""inline""><mml:mrow><mml:msub><mml:mrow><mml:mi mathvariant=""normal"">H</mml:mi></mml:mrow><mml:mrow><mml…",Teruya Ishihara,https://openalex.org/A5067894370,Tohoku University,"['Department of Physics, Faculty of Science, Tohoku University, Sendai 980, Japan']"
https://openalex.org/W3011450051,https://openalex.org/W2047937361,Dynamics of excitons in deformable lattice,Yutaka Toyozawa,https://openalex.org/A5051950354,The University of Tokyo,"['The Institute of Solid State Physics, The University of Tokyo, Roppongi, Minato-ku, Tokyo 106, Japan']"
https://openalex.org/W3011450051,https://openalex.org/W2051269101,Dependence of ir absorption in YBa2Cu3O7−y on the oxygen content,G. Ruani,https://openalex.org/A5041406252,error,"['Istituto di Spettroscopia Molecolare, CNR,I-40126 Bologna, Italy']"
https://openalex.org/W3011450051,https://openalex.org/W2056047920,Huge exchange energy and fine structure of excitons in an organic-inorganic quantum well material,Kazuhiro Ema,https://openalex.org/A5073551029,Sophia University,"['Department of Physics, Sophia University, 7‐1 Kioi‐cho, Chiyoda‐ku, Tokyo 102‐8554, Japan']"
https://openalex.org/W3011450051,https://openalex.org/W2062106737,Exchange effects on excitons in quantum wells,Y. Chen,https://openalex.org/A5043739445,Institut d'Électronique et des Systèmes,"['Groupe d’Etudes des Semiconducteurs, Université des Sciences et Techniques du Languedoc, place Eugène Bataillon, 34060 Montpellier, France']"
https://openalex.org/W3011450051,https://openalex.org/W2068034996,Influence of dielectric confinement on excitonic nonlinearity in inorganic-organic layered semiconductors,Makoto Shimizu,https://openalex.org/A5054225167,RIKEN Center for Emergent Matter Science,"['Frontier Research System, RIKEN, 2-1 Hirosawa, Wako 351-0198, Japan']"
https://openalex.org/W3011450051,https://openalex.org/W2078901757,Dielectric confinement effect for exciton and biexciton states in PbI4-based two-dimensional semiconductor structures,Teruya Ishihara,https://openalex.org/A5067894370,Brown University,"['Division of Engineering and Department of Physics Brown University, Providence, RI 02912, USA']"
https://openalex.org/W3011450051,https://openalex.org/W2085416858,Resonance lineshapes in two-dimensional Fourier transform spectroscopy,Mark E. Siemens,https://openalex.org/A5067287328,National Institute of Standards and Technology,"['JILA, University of Colorado and National Institute of Standards and Technology, Boulder, Colorado\u200980309-0440 USA']"
https://openalex.org/W3011450051,https://openalex.org/W2085777217,Optical properties of natural quantum-well compounds (C6H5-CnH2n-NH3)2PbBr4 (n=1–4),Nobuaki Kitazawa,https://openalex.org/A5048864996,National Defense Academy of Japan,"['Department of Materials Science and Engineering, National Defense Academy, 1-10-20 Hashirimizu, Yokosuka, Kanagawa 239-8686, Japan']"
https://openalex.org/W3011450051,https://openalex.org/W2085860337,"Synthesis and luminescence properties of lead-halide based organic–inorganic layered perovskite compounds (CnH2n+1NH3)2PbI4 (n=4, 5, 7, 8 and 9)",Nobuaki Kitazawa,https://openalex.org/A5048864996,National Defense Academy of Japan,"['Department of Materials Science and Engineering, National Defense Academy, 1-10-20 Hashirimizu, Yokosuka, Kanagawa 239-8686, Japan']"
https://openalex.org/W3011450051,https://openalex.org/W2094474647,Electronic properties of 2D and 3D hybrid organic/inorganic perovskites for optoelectronic and photovoltaic applications,Laurent Pèdesseau,https://openalex.org/A5029924352,Fonctions Optiques pour les Technologies de l’information,"[""Fonctions Optiques pour les Technologies de l'informatiON""]"
https://openalex.org/W3011450051,https://openalex.org/W3099821745,Correlated Quantum Phenomena in the Strong Spin-Orbit Regime,William Witczak‐Krempa,https://openalex.org/A5016488881,Perimeter Institute,"['Perimeter Institute for Theoretical Physics, Waterloo, Ontario N2L 2Y5, Canada']"
https://openalex.org/W3011450051,https://openalex.org/W2159355928,The Spectral Signatures of Frenkel Polarons in H- and J-Aggregates,Frank C. Spano,https://openalex.org/A5061558119,Temple University,"['Department of Chemistry, Temple University, Philadelphia, Pennsylvania 19122']"
https://openalex.org/W3011450051,https://openalex.org/W2160785667,High Charge Carrier Mobilities and Lifetimes in Organolead Trihalide Perovskites,Christian Wehrenfennig,https://openalex.org/A5021063053,University of Oxford,"['Oxford University, Clarendon Laboratory Parks Road Oxford OX1 3PU UK']"
https://openalex.org/W3011450051,https://openalex.org/W2166602976,Understanding Quantum Confinement of Charge Carriers in Layered 2D Hybrid Perovskites,Jacky Even,https://openalex.org/A5055401545,Fonctions Optiques pour les Technologies de l’information,"[""FOTON - Fonctions Optiques pour les Technologies de l'informatiON (ENSSAT 6, rue de Kerampont CS 80518 22305 LANNION Cedex - France)""]"
https://openalex.org/W3011450051,https://openalex.org/W2204788775,Charge Carriers in Hybrid Organic–Inorganic Lead Halide Perovskites Might Be Protected as Large Polarons,Xiaoyang Zhu,https://openalex.org/A5085318525,Columbia University,"['Department\rof Chemistry, Columbia University, New York, New York 10027, United States']"
https://openalex.org/W3011450051,https://openalex.org/W2291816733,Polaron self-localization in white-light emitting hybrid perovskites,Daniele Cortecchia,https://openalex.org/A5059689384,Energy Research Institute,"['Energy Research Institute @ NTU (ERI@N)', 'Energy Research Institute @ NTU (ERI@N), Research Techno Plaza, Nanyang Technological University, 50 Nanyang Drive, Singapore 637553, Singapore', 'Interdisciplinary Graduate School, Nanyang Technological University, Singapore 639798, Singapore', 'Singapore', 'Singapore 639798']"
https://openalex.org/W3011450051,https://openalex.org/W2320924056,Analysis of Multivalley and Multibandgap Absorption and Enhancement of Free Carriers Related to Exciton Screening in Hybrid Perovskites,Jacky Even,https://openalex.org/A5055401545,Fonctions Optiques pour les Technologies de l’information,"[""FOTON - Fonctions Optiques pour les Technologies de l'informatiON (ENSSAT 6, rue de Kerampont CS 80518 22305 LANNION Cedex - France)""]"
https://openalex.org/W3011450051,https://openalex.org/W2327721819,Organic–Inorganic Perovskites: Structural Versatility for Functional Materials Design,Bayrammurad Saparov,https://openalex.org/A5064811091,Duke University,"['Department\rof Mechanical\rEngineering and Materials Science, and Department of Chemistry, Duke University, Box 90300 Hudson Hall, Durham, North Carolina 27708-0300, United States']"
https://openalex.org/W3011450051,https://openalex.org/W2334795542,Influence of the image charge effect on excitonic energy structure in organic-inorganic multiple quantum well crystals,Hidetsugu Takagi,https://openalex.org/A5028332815,Sophia University,"['Department of Physics, Sophia University, 7-1 Kioicho, Chiyoda-ku, Tokyo 102-8554, Japan']"
https://openalex.org/W3011450051,https://openalex.org/W2335548459,Intramolecular Charge- and Energy-Transfer Rates with Reduced Modes: Comparison to Marcus Theory for Donor–Bridge–Acceptor Systems,Xunmo Yang,https://openalex.org/A5048692515,University of Houston,"['Department\rof Chemistry, University of Houston, Houston, Texas 77204, United States']"
https://openalex.org/W3011450051,https://openalex.org/W2402180953,Intrinsic Charge Transport across Phase Transitions in Hybrid Organo‐Inorganic Perovskites,Hee Taek Yi,https://openalex.org/A5054414920,"Rutgers, The State University of New Jersey",['Department of Physics and Astronomy Rutgers University Piscataway NJ 08854 USA']
https://openalex.org/W3011450051,https://openalex.org/W2417573578,Photophysics of Hybrid Lead Halide Perovskites: The Role of Microstructure,Ajay Ram Srimath Kandada,https://openalex.org/A5023786923,Center for Nano Science and Technology,"['Center for Nano Science and\rTechnology @Polimi, Istituto Italiano di Tecnologia, via Giovanni\rPascoli 70/3, 20133 Milan, Italy']"
https://openalex.org/W3011450051,https://openalex.org/W2500425512,Excitonic Processes in Solids,Masayasu Ueta,https://openalex.org/A5005542819,Tohoku University,"['Department of Physics, Tohoku University, Sendai 980, Japan']"
https://openalex.org/W3011450051,https://openalex.org/W2523411869,Screening in crystalline liquids protects energetic carriers in hybrid perovskites,Haiming Zhu,https://openalex.org/A5067434220,Columbia University,"['Department of Chemistry, Columbia University, New York, NY 10027, USA.']"
https://openalex.org/W3011450051,https://openalex.org/W2529313738,Direct Observation of Electron–Phonon Coupling and Slow Vibrational Relaxation in Organic–Inorganic Hybrid Perovskites,Daniel B. Straus,https://openalex.org/A5023058395,University of Pennsylvania,"['Departments of †Chemistry, ‡Physics and Astronomy, §Materials Science and\rEngineering, and ∥Electrical and\rSystems Engineering, University of Pennsylvania, Philadelphia, Pennsylvania 19104, United States']"
https://openalex.org/W3011450051,https://openalex.org/W2533641981,Local Polar Fluctuations in Lead Halide Perovskite Crystals,Omer Yaffe,https://openalex.org/A5009430471,Columbia University,"['Department of Chemistry, Columbia University, New York, New York 10027, USA']"
https://openalex.org/W3011450051,https://openalex.org/W2544262122,Organic Cations Might Not Be Essential to the Remarkable Properties of Band Edge Carriers in Lead Halide Perovskites,Haiming Zhu,https://openalex.org/A5067434220,Columbia University,['Department of Chemistry Columbia University New York NY 10027 USA']
https://openalex.org/W3011450051,https://openalex.org/W3097993699,Four-Wave Mixing in Perovskite Photovoltaic Materials Reveals Long Dephasing Times and Weaker Many-Body Interactions than GaAs,Samuel A. March,https://openalex.org/A5042397018,Dalhousie University,"['Department\rof Physics and Atmospheric Science, Dalhousie University, Halifax, Nova Scotia B3H 4R2, Canada']"
https://openalex.org/W3011450051,https://openalex.org/W2549151605,Persistent Energetic Electrons in Methylammonium Lead Iodide Perovskite Thin Films,Daniel Niesner,https://openalex.org/A5089289390,Columbia University,"['Department of Chemistry, Columbia University, New York, New York 10027, United States']"
https://openalex.org/W3011450051,https://openalex.org/W2551604043,Narrow Linewidth Excitonic Emission in Organic–Inorganic Lead Iodide Perovskite Single Crystals,Hiba Diab,https://openalex.org/A5028019504,Laboratoire Aimé Cotton,"['LAC - Laboratoire Aimé Cotton (Bâtiment 505, Rue du Belvédère, 91400 Orsay - France)']"
https://openalex.org/W3011450051,https://openalex.org/W2562952133,Broadband Emission in Two-Dimensional Hybrid Perovskites: The Role of Structural Deformation,Daniele Cortecchia,https://openalex.org/A5059689384,Nanyang Technological University,"['Centre\rfor Nano Science and Technology (CNST@PoliMi), Istituto Italiano di Tecnologia, via Pascoli 70/3, Milan 20133, Italy', 'Interdisciplinary Graduate School, Energy Research Institute @ NTU(ERI@N), Nanyang Technological University, Singapore 639798, Singapore.']"
https://openalex.org/W3011450051,https://openalex.org/W2576183211,Excitonic and Polaronic Properties of 2D Hybrid Organic–Inorganic Perovskites,Jun Yin,https://openalex.org/A5074165918,King Abdullah University of Science and Technology,"['Division\rof Physics and Applied Physics, School of Physical and\rMathematical Sciences, Nanyang Technological University, 21 Nanyang Link, Singapore 637371', 'Laboratory for\rComputational and Theoretical Chemistry of Advanced Materials, Division of Physical Science and Engineering, King Abdullah University of Science and Technology, Thuwal 23955-6900, Kingdom of Saudi Arabia']"
https://openalex.org/W3011450051,https://openalex.org/W2739550862,Biexciton Resonances Reveal Exciton Localization in Stacked Perovskite Quantum Wells,Madeline H. Elkins,https://openalex.org/A5083138170,Princeton University,"['Department\rof Chemistry, Princeton University, Princeton, New Jersey 08544 United States']"
https://openalex.org/W3011450051,https://openalex.org/W2739560896,Giant Rashba splitting in 2D organic-inorganic halide perovskites measured by transient spectroscopies,Yaxin Zhai,https://openalex.org/A5090723910,University of Utah,"['Department of Physics and Astronomy, University of Utah, Salt Lake City, UT 84112, USA.']"
https://openalex.org/W3011450051,https://openalex.org/W2743136250,Mapping momentum-dependent electron-phonon coupling and nonequilibrium phonon dynamics with ultrafast electron diffuse scattering,Mark J. Stern,https://openalex.org/A5086990527,McGill University,"['Department of Physics, Center for the Physics of Materials, McGill University, 3600 University Street, Montreal, Quebec, Canada H3A 2T8']"
https://openalex.org/W3011450051,https://openalex.org/W2744112770,Large polarons in lead halide perovskites,Kiyoshi Miyata,https://openalex.org/A5077616838,Columbia University,"['Department of Chemistry, Columbia University, New York, NY 10027, USA.']"
https://openalex.org/W3011450051,https://openalex.org/W2761190197,Role of Dielectric Drag in Polaron Mobility in Lead Halide Perovskites,Mischa Bonn,https://openalex.org/A5017647814,Max Planck Institute for Polymer Research,"['Max Planck Institute\rfor Polymer Research, Ackermannweg\r10, 55128 Mainz, Germany']"
https://openalex.org/W3011450051,https://openalex.org/W2787955309,"Electrons, Excitons, and Phonons in Two-Dimensional Hybrid Perovskites: Connecting Structural, Optical, and Electronic Properties",Daniel B. Straus,https://openalex.org/A5023058395,University of Pennsylvania,"['Department of Chemistry, University of Pennsylvania, Philadelphia, Pennsylvania 19104, United States']"
https://openalex.org/W3011450051,https://openalex.org/W2789336124,Characterization of the Valence and Conduction Band Levels of <i>n</i> = 1 2D Perovskites: A Combined Experimental and Theoretical Investigation,Scott Silver,https://openalex.org/A5016258228,Princeton University,"['Department of Electrical Engineering, Princeton University, Princeton, NJ, 08544 USA']"
https://openalex.org/W3011450051,https://openalex.org/W2791402893,What Remains Unexplained about the Properties of Halide Perovskites?,David A. Egger,https://openalex.org/A5010891804,University of Regensburg,"['Institute of Theoretical Physics, University of Regensburg, 93040, Regensburg, Germany.']"
https://openalex.org/W3011450051,https://openalex.org/W2801334706,The influence of the Rashba effect,Samuel D. Stranks,https://openalex.org/A5077878068,error,[]
https://openalex.org/W3011450051,https://openalex.org/W2801597897,Nonequilibrium electron and lattice dynamics of strongly correlated Bi <sub>2</sub> Sr <sub>2</sub> CaCu <sub>2</sub> O <sub>8+δ</sub> single crystals,Tatiana Konstantinova,https://openalex.org/A5031748652,Brookhaven National Laboratory,"['Brookhaven National Laboratory, Upton, NY 11973, USA.', 'Department of Physics and Astronomy, Stony Brook University, Stony Brook, NY 11794, USA.']"
https://openalex.org/W3011450051,https://openalex.org/W2806602851,Scaling law for excitons in 2D perovskite quantum wells,Jean-Christophe Blancon,https://openalex.org/A5051551195,Los Alamos National Laboratory,"['LANL - Los Alamos National Laboratory (P.O. Box 1663 Los Alamos, NM 87545 - United States)']"
https://openalex.org/W3011450051,https://openalex.org/W2883072253,Phonon coherences reveal the polaronic character of excitons in two-dimensional lead halide perovskites,Félix Thouin,https://openalex.org/A5008622332,Georgia Institute of Technology,"['School of Physics, Georgia Institute of Technology, Atlanta, GA, USA']"
https://openalex.org/W3011450051,https://openalex.org/W2886653189,Coherent Spin and Quasiparticle Dynamics in Solution‐Processed Layered 2D Lead Halide Perovskites,David Giovanni,https://openalex.org/A5008258395,Nanyang Technological University,"['Division of Physics and Applied Physics, School of Physical and Mathematical Sciences, Nanyang Technological University, 21 Nanyang Link, Singapore, 637371', 'Energy Research Institute @ NTU, ERI@N, Interdisciplinary Graduate School, Nanyang Technological University, 50 Nanyang Avenue, Block S2-B3a-01, Singapore, 639798 Singapore']"
https://openalex.org/W3011450051,https://openalex.org/W2903744234,Geometry Distortion and Small Polaron Binding Energy Changes with Ionic Substitution in Halide Perovskites,Amanda J. Neukirch,https://openalex.org/A5076443503,Los Alamos National Laboratory,"['Theoretical Physics and Chemistry of Materials, Los Alamos National Laboratory, Los Alamos, New Mexico 87545, United States']"
https://openalex.org/W3011450051,https://openalex.org/W2911025402,Quantum and Dielectric Confinement Effects in Lower-Dimensional Hybrid Perovskite Semiconductors,Claudine Katan,https://openalex.org/A5013980649,Centre National de la Recherche Scientifique,"['Univ Rennes, ENSCR, INSA Rennes, CNRS, ISCR (Institut des Sciences Chimiques de Rennes) - UMR 6226, F-35000 Rennes, France']"
https://openalex.org/W3011450051,https://openalex.org/W2921733447,Dynamic emission Stokes shift and liquid-like dielectric solvation of band edge carriers in lead-halide perovskites,Yinsheng Guo,https://openalex.org/A5000696026,Columbia University,"['Department of Chemistry, Columbia University, New York, NY, 10027, USA']"
https://openalex.org/W3011450051,https://openalex.org/W2925981144,"From Large to Small Polarons in Lead, Tin, and Mixed Lead–Tin Halide Perovskites",Arup Mahata,https://openalex.org/A5071657416,Institute of Molecular Science and Technologies,"['CompuNet, Istituto Italiano di Tecnologia, Via Morego 30, 16163 Genova, Italy', 'Computational Laboratory for Hybrid/Organic Photovoltaics (CLHYO), Istituto CNR di Scienze e Tecnologie Molecolari (ISTM-CNR), Via Elce di Sotto 8, 06123 Perugia, Italy']"
https://openalex.org/W3011450051,https://openalex.org/W2946629440,Excitons in 2D Organic–Inorganic Halide Perovskites,Catherine M. Mauck,https://openalex.org/A5041762124,Massachusetts Institute of Technology,"['Department of Chemical Engineering, Massachusetts Institute of Technology, 77 Massachusetts Avenue, Cambridge, MA 02139, United States']"
https://openalex.org/W3011450051,https://openalex.org/W2950682632,"Polarons from First Principles, without Supercells",Weng Hong Sio,https://openalex.org/A5019665984,University of Oxford,"['Department of Chemistry, Physical and Theoretical Chemistry, University of Oxford, South Parks Road, Oxford OX1 3QZ, United Kingdom', 'Department of Materials, University of Oxford, Parks Road, Oxford OX1 3PH, United Kingdom']"
https://openalex.org/W3011450051,https://openalex.org/W2951168413,<i>Ab initio</i>theory of polarons: Formalism and applications,Weng Hong Sio,https://openalex.org/A5019665984,University of Oxford,"['Department of Chemistry, Physical and Theoretical Chemistry, University of Oxford, South Parks Road, Oxford, OX1 3QZ, United Kingdom', 'Department of Materials, University of Oxford, Parks Road, Oxford, OX1 3PH, United Kingdom']"
https://openalex.org/W3011450051,https://openalex.org/W2955132660,Lattice Anharmonicity: A Double-Edged Sword for 3D Perovskite-Based Optoelectronics,Kyle T. Munson,https://openalex.org/A5009219408,Pennsylvania State University,"['Department of Chemistry, The Pennsylvania State University, University Park, Pennsylvania 16802, United States']"
https://openalex.org/W3011450051,https://openalex.org/W2967832664,Detection of Rashba spin splitting in 2D organic-inorganic perovskite via precessional carrier spin relaxation,Seth B. Todd,https://openalex.org/A5004490000,Dalhousie University,"['1Department of Physics and Atmospheric Science, Dalhousie University, Halifax, Nova Scotia B3H 4R2, Canada', '2Department of Chemistry, Northwestern University, Evanston, Illinois 60208, USA', '3Washington State University, Spokane, Washington 99210, USA']"
https://openalex.org/W3011450051,https://openalex.org/W2968005694,Electron–Phonon Couplings Inherent in Polarons Drive Exciton Dynamics in Two-Dimensional Metal-Halide Perovskites,Félix Thouin,https://openalex.org/A5008622332,Georgia Institute of Technology,"['School of Physics, Georgia Institute of Technology, 837 State Street NW, Atlanta, Georgia 30332, United States']"
https://openalex.org/W3011450051,https://openalex.org/W2941002141,Enhanced screening and spectral diversity in many-body elastic scattering of excitons in two-dimensional hybrid metal-halide perovskites,Félix Thouin,https://openalex.org/A5008622332,State Street (United States),"['School of Physics, Georgia Institute of Technology, 837 State Street NW, Atlanta, Georgia 30332, USA']"
https://openalex.org/W3011450051,https://openalex.org/W2620408456,Probing femtosecond lattice displacement upon photo-carrier generation in lead halide perovskite,Giovanni Batignani,https://openalex.org/A5042071222,Sapienza University of Rome,"['Dipartimento di Fisica, Università di Roma “La Sapienza”, Roma, I-00185, Italy']"
https://openalex.org/W3011450051,https://openalex.org/W2772587104,Stable biexcitons in two-dimensional metal-halide perovskites with strong dynamic lattice disorder,Félix Thouin,https://openalex.org/A5008622332,Georgia Institute of Technology,"['School of Physics, Georgia Institute of Technology, 837 State Street NW, Atlanta, Georgia 30332, USA']"
https://openalex.org/W3011450051,https://openalex.org/W2792120617,Exciton-polaron spectral structures in two-dimensional hybrid lead-halide perovskites,Stefanie Neutzner,https://openalex.org/A5090278446,Center for Nano Science and Technology,"['Center for Nano Science and Technology at PoliMi, Istituto Italiano di Tecnologia, via Giovanni Pascoli 70/3, 20133 Milano, Italy']"
https://openalex.org/W3109347930,https://openalex.org/W1997292801,Semi-metallic polymers,Olga Bubnova,https://openalex.org/A5005507402,Linköping University,"['Department of Science and Technology, Linkoping University, Organic Electronics, SE-601 74 Norrkoping, Sweden']"
https://openalex.org/W3109347930,https://openalex.org/W2004515385,"Polarons, bipolarons, and solitons in conducting polymers",Jean‐Luc Brédas,https://openalex.org/A5021231690,error,['IBM']
https://openalex.org/W3109347930,https://openalex.org/W2008574253,Use of a 1<i>H</i>-Benzoimidazole Derivative as an <i>n</i>-Type Dopant and To Enable Air-Stable Solution-Processed <i>n</i>-Channel Organic Thin-Film Transistors,Peng Wei,https://openalex.org/A5033975853,Tsinghua University,"['Department of Chemical Engineering, Stanford University, Stanford, California 94305, and Department of Chemistry, Tsinghua University, Beijing 100084, P. R. China']"
https://openalex.org/W3109347930,https://openalex.org/W2024143736,Theory of the Effect of Spin-Orbit Coupling on Magnetic Resonance in Some Semiconductors,Robert J. Elliott,https://openalex.org/A5045670674,"University of California, Berkeley","['Dept. of Physics, University of California, Berkeley, California']"
https://openalex.org/W3109347930,https://openalex.org/W2054810869,"A general relationship between disorder, aggregation and charge transport in conjugated polymers",Rodrigo Noriega,https://openalex.org/A5002553841,"University of California, Berkeley","['Department of Applied Physics, Stanford University, Stanford, California 94305, USA', 'Present addresses: Department of Chemistry, University of California Berkeley, 94720, USA (R.N.); Department of Bioelectronics, Ecole Nationale Supérieure des Mines, CMP-EMSE, MOC, 13541 Gardanne, France (J.R.),']"
https://openalex.org/W3109347930,https://openalex.org/W2072394772,Molecular origin of high field-effect mobility in an indacenodithiophene–benzothiadiazole copolymer,Xinran Zhang,https://openalex.org/A5100775075,National Institute of Standards and Technology,"['Materials Science and Engineering Division, National Institute of Standards and Technology, Gaithersburg, Maryland 20899, USA.']"
https://openalex.org/W3109347930,https://openalex.org/W2077768737,Microscopic Signature of Metallic State in Semicrystalline Conjugated Polymers Doped with Fluoroalkylsilane Molecules,Hisaaki Tanaka,https://openalex.org/A5032616208,Nagoya University,['Department of Applied Physics Nagoya University  Chikusa Nagoya 464–8603 Japan']
https://openalex.org/W3109347930,https://openalex.org/W2084952640,n‐Doping of Organic Electronic Materials using Air‐Stable Organometallics,Song Guo,https://openalex.org/A5010967832,Georgia Institute of Technology,"['School of Chemistry and Biochemistry and Center for Organic, Photonics and Electronics, Georgia Institute of Technology, Atlanta, GA 30332-0400, USA']"
https://openalex.org/W3109347930,https://openalex.org/W2094133943,The chemical and structural origin of efficient p-type doping in P3HT,Duc T. Duong,https://openalex.org/A5042854247,Stanford University,"['Department of Materials Science and Engineering Stanford University, Stanford CA 94305, USA']"
https://openalex.org/W3109347930,https://openalex.org/W2095339419,Microparacrystals: The intermediate stage between crystalline and amorphous,A.M. Hindeleh,https://openalex.org/A5073498070,University of Jordan,"['Polymer Physics Research Laboratory, Department of Physics, University of Jordan, Amman, Jordan']"
https://openalex.org/W3109347930,https://openalex.org/W2096480321,"Optimization of the thermoelectric figure of merit in the conducting polymer poly(3,4-ethylenedioxythiophene)",Olga Bubnova,https://openalex.org/A5005507402,Linköping University,"['Organic Electronics, Department of Science and Technology,Campus Norrköping, Linköping University, SE-60174 Norrköping, Sweden.']"
https://openalex.org/W3109347930,https://openalex.org/W2150602296,Solubility‐Limited Extrinsic n‐Type Doping of a High Electron Mobility Polymer for Thermoelectric Applications,Ruth A. Schlitz,https://openalex.org/A5057045944,"University of California, Santa Barbara","['Materials Research Laboratory, MC 5121, University of California; Santa Barbara CA 93106 USA']"
https://openalex.org/W3109347930,https://openalex.org/W2160682409,Molecular Interactions and Ordering in Electrically Doped Polymers: Blends of PBTTT and F<sub>4</sub>TCNQ,Justin E. Cochran,https://openalex.org/A5081296062,error,[]
https://openalex.org/W3109347930,https://openalex.org/W2170637947,Approaching disorder-free transport in high-mobility conjugated polymers,Deepak Venkateshvaran,https://openalex.org/A5071958386,University of Cambridge,"['Optoelectronics Group, Cavendish Laboratory, University of Cambridge, JJ Thomson Avenue, Cambridge CB3 0HE, UK ,']"
https://openalex.org/W3109347930,https://openalex.org/W2264885024,Toward High Performance <i>n</i>-Type Thermoelectric Materials by Rational Modification of BDPPV Backbones,Ke Shi,https://openalex.org/A5103109616,Peking University,"['Beijing National Laboratory for Molecular\rSciences, Key Laboratory of Bioorganic Chemistry and Molecular Engineering\rof Ministry of Education, Center for Soft Matter Science and Engineering,\rCollege of Chemistry and Molecular Engineering, Peking University, Beijing 100871, China']"
https://openalex.org/W3109347930,https://openalex.org/W2271606783,Molecular Electrical Doping of Organic Semiconductors: Fundamental Mechanisms and Emerging Dopant Design Rules,Ingo Salzmann,https://openalex.org/A5082653286,Humboldt-Universität zu Berlin,"['Humboldt-Universität zu Berlin, Institut für Physik & IRIS Adlershof, Brook-Taylor Straße 6, 12489 Berlin, Germany']"
https://openalex.org/W3109347930,https://openalex.org/W2317821468,Semiconducting π-Conjugated Systems in Field-Effect Transistors: A Material Odyssey of Organic Electronics,Chengliang Wang,https://openalex.org/A5072170618,Beijing National Laboratory for Molecular Sciences,"['Beijing National Laboratory for Molecular Sciences, Key Laboratory of Organic Solids, Institute of Chemistry, Chinese Academy of Sciences, Beijing, 100190, China']"
https://openalex.org/W3109347930,https://openalex.org/W2331688097,Charge carrier coherence and Hall effect in organic semiconductors,Hee Taek Yi,https://openalex.org/A5054414920,"Rutgers, The State University of New Jersey","['Dept. of Physics, Rutgers University, Piscataway, 08854, NJ, USA']"
https://openalex.org/W3109347930,https://openalex.org/W2346023415,2D coherent charge transport in highly ordered conducting polymers doped by solid state diffusion,Keehoon Kang,https://openalex.org/A5021192845,University of Cambridge,"['Cavendish Laboratory, University of Cambridge, J. J. Thomson Avenue, Cambridge\xa0CB3\xa00HE, UK']"
https://openalex.org/W3109347930,https://openalex.org/W2462562427,"Thermoelectric plastics: from design to synthesis, processing and structure–property relationships",Renee Kroon,https://openalex.org/A5072341826,Chalmers University of Technology,"['41296 Göteborg', 'Chalmers University of Technology', 'Department of Chemistry and Chemical Engineering', 'Sweden']"
https://openalex.org/W3109347930,https://openalex.org/W2475581948,Organic thermoelectric materials for energy harvesting and temperature control,Boris Russ,https://openalex.org/A5038227519,Lawrence Berkeley National Laboratory,"['The Molecular Foundry, Lawrence Berkeley National Laboratory, Berkeley, 94720, California, USA']"
https://openalex.org/W3109347930,https://openalex.org/W2529774466,Doped Organic Transistors,Björn Lüssem,https://openalex.org/A5016445368,Kent State University,"['Department\rof Physics, Kent State University, Kent, Ohio 44242, United States']"
https://openalex.org/W3109347930,https://openalex.org/W2544483140,Thermoelectric Properties of Solution‐Processed n‐Doped Ladder‐Type Conducting Polymers,Suhao Wang,https://openalex.org/A5043283364,Linköping University,['Laboratory of Organic Electronics Department of Science and Technology Linköping University  SE‐60174 Norrköping Sweden']
https://openalex.org/W3109347930,https://openalex.org/W2581084033,Naphthodithiophenediimide–Benzobisthiadiazole-Based Polymers: Versatile n-Type Materials for Field-Effect Transistors and Thermoelectric Devices,Yang Wang,https://openalex.org/A5100322599,Tokyo Institute of Technology,"['Department\rof Organic and Polymeric Materials, Tokyo Institute of Technology, 2-12-1 Ookayama,\rMeguro-ku, Tokyo 152-8552, Japan', 'Emergent\rMolecular Function Research Group, RIKEN Center for Emergent Matter Science (CEMS), 2-1 Hirosawa, Wako, Saitama 351-0198, Japan']"
https://openalex.org/W3109347930,https://openalex.org/W2625103029,Morphology controls the thermoelectric power factor of a doped semiconducting polymer,Shrayesh N. Patel,https://openalex.org/A5003276517,"University of California, Santa Barbara","['Materials Research Laboratory, University of California, Santa Barbara, Santa Barbara, CA 93106, USA.']"
https://openalex.org/W3109347930,https://openalex.org/W2735449092,High Conductivity and Electron‐Transfer Validation in an n‐Type Fluoride‐Anion‐Doped Polymer for Thermoelectrics in Air,Xingang Zhao,https://openalex.org/A5036890878,Johns Hopkins University,"['Department of Materials Science and Engineering, Johns Hopkins University, 3400 North Charles Street, Baltimore, MD, 21218 USA']"
https://openalex.org/W3109347930,https://openalex.org/W2768621031,Beating the thermodynamic limit with photo-activation of n-doping in organic semiconductors,Xin Lin,https://openalex.org/A5100626457,Princeton University,"['Department of Electrical Engineering, Princeton University, Princeton, New Jersey,  08544, USA']"
https://openalex.org/W3109347930,https://openalex.org/W2769050235,High Conductivity in a Nonplanar <i>n</i>-Doped Ambipolar Semiconducting Polymer,Erin E. Perry,https://openalex.org/A5087581304,"University of California, Santa Barbara","['Materials Department, University of California, Santa Barbara, California 93106, United States']"
https://openalex.org/W3109347930,https://openalex.org/W2781599590,Enhanced n-Doping Efficiency of a Naphthalenediimide-Based Copolymer through Polar Side Chains for Organic Thermoelectrics,David Kiefer,https://openalex.org/A5050419811,Chalmers University of Technology,"['Department\rof Chemistry and Chemical Engineering, Chalmers University of Technology, 412 96 Göteborg, Sweden']"
https://openalex.org/W3109347930,https://openalex.org/W2782882221,Enhancing Molecular n‐Type Doping of Donor–Acceptor Copolymers by Tailoring Side Chains,Jian Liu,https://openalex.org/A5100602506,University of Groningen,['Zernike Institute for Advanced Materials University of Groningen Nijenborgh 4 Groningen NL-9747 AG The Netherlands']
https://openalex.org/W3109347930,https://openalex.org/W2792731383,Improving Miscibility of a Naphthalene Diimide‐Bithiophene Copolymer with n‐Type Dopants through the Incorporation of “Kinked” Monomers,Younghun Shin,https://openalex.org/A5026945192,Chemnitz University of Technology,['Institut für Chemie Technische Universität Chemnitz  Straße der Nationen 62 09111 Chemnitz Germany']
https://openalex.org/W3109347930,https://openalex.org/W2805999679,Why Can High Charge‐Carrier Mobilities be Achieved Along π‐Conjugated Polymer Chains with Alternating Donor–Acceptor Moieties?,Jean‐Luc Brédas,https://openalex.org/A5021231690,King Abdullah University of Science and Technology,"['Center for Organic Photonics and Electronics, Georgia Institute of Technology, Atlanta, GA 30332-0400, USA', 'Laboratory for Computational and Theoretical Chemistry of Advanced Materials, King Abdullah University of Science and Technology, Thuwal 23955-6900, Kingdom of Saudi Arabia', 'School of Chemistry and Biochemistry, Georgia Institute of Technology, Atlanta, GA 30332-0400, USA']"
https://openalex.org/W3109347930,https://openalex.org/W2809115793,A Chemically Doped Naphthalenediimide‐Bithiazole Polymer for n‐Type Organic Thermoelectrics,Suhao Wang,https://openalex.org/A5043283364,Linköping University,['Laboratory of Organic Electronics Department of Science and Technology Linköping University  SE‐601 74 Norrköping Sweden']
https://openalex.org/W3109347930,https://openalex.org/W2889095573,Insight into High-Performance Conjugated Polymers for Organic Field-Effect Transistors,Jie Yang,https://openalex.org/A5101919492,Beijing National Laboratory for Molecular Sciences,"['Key Laboratory of Organic Solids, Beijing National Laboratory for Molecular Sciences, Institute of Chemistry, Chinese Academy of Sciences, Beijing 100190, China', 'Key laboratory of Material Chemistry for Energy Conversion and Storage, Ministry of Education, School of Chemistry and Chemical Engineering, Huazhong University of Science and Technology, Wuhan 430074, China']"
https://openalex.org/W3109347930,https://openalex.org/W2913396338,Advances in n‐Type Organic Thermoelectric Materials and Devices,Yimeng Sun,https://openalex.org/A5103425023,Beijing National Laboratory for Molecular Sciences,['Beijing National Laboratory for Molecular Sciences CAS Key Laboratory of Organic Solids Institute of Chemistry Chinese Academy of Sciences Beijing 100190 China']
https://openalex.org/W3109347930,https://openalex.org/W2939389198,"Effect of Backbone Regiochemistry on Conductivity, Charge Density, and Polaron Structure of n-Doped Donor–Acceptor Polymers",Suhao Wang,https://openalex.org/A5043283364,Linköping University,"['Laboratory of Organic Electronics, Department of Science and Technology, Linköping University, SE-60174 Norrköping, Sweden']"
https://openalex.org/W3109347930,https://openalex.org/W2944435657,Understanding the Effects of Molecular Dopant on n‐Type Organic Thermoelectric Properties,Hio‐Ieng Un,https://openalex.org/A5050063902,Beijing National Laboratory for Molecular Sciences,['Beijing National Laboratory for Molecular Sciences (BNLMS) Key Laboratory of Bioorganic Chemistry and Molecular Engineering of Ministry of Education Key Laboratory of Polymer Chemistry and Physics of Ministry of Education Center of Soft Matter Science and Engineering College of Chemistry and Molecular Engineering Peking University Beijing 100871 China']
https://openalex.org/W3109347930,https://openalex.org/W2944719179,Bringing Conducting Polymers to High Order: Toward Conductivities beyond 10<sup>5</sup> S cm<sup>−1</sup> and Thermoelectric Power Factors of 2 mW m<sup>−1</sup> K<sup>−2</sup>,Vishnu Vijayakumar,https://openalex.org/A5051405841,Université de Strasbourg,['Université de Strasbourg CNRS  ICS UPR 22 F‐67000 Strasbourg France']
https://openalex.org/W3109347930,https://openalex.org/W2951464486,Overcoming Coulomb Interaction Improves Free-Charge Generation and Thermoelectric Properties for n-Doped Conjugated Polymers,Jian Liu,https://openalex.org/A5100602506,University of Groningen,"['Zernike Institute for Advanced Materials, University of Groningen, Nijenborgh 4, 9747 AGGroningen, The Netherlands']"
https://openalex.org/W3109347930,https://openalex.org/W2952132778,Strategies To Enhance the Conductivity of n-Type Polymer Thermoelectric Materials,Yang Lu,https://openalex.org/A5000455419,Beijing National Laboratory for Molecular Sciences,"['Beijing National Laboratory for Molecular Sciences (BNLMS), Key Laboratory of Bioorganic Chemistry and Molecular Engineering of Ministry of Education, Key Laboratory of Polymer Chemistry and Physics of Ministry of Education, Center of Soft Matter Science and Engineering, College of Chemistry and Molecular Engineering, Peking University, Beijing 100871, China']"
https://openalex.org/W3109347930,https://openalex.org/W2952137439,Rigid Coplanar Polymers for Stable n‐Type Polymer Thermoelectrics,Yang Lu,https://openalex.org/A5000455419,Beijing National Laboratory for Molecular Sciences,['Beijing National Laboratory for Molecular Sciences (BNLMS) Key Laboratory of Bioorganic Chemistry and Molecular Engineering of Ministry of Education Key Laboratory of Polymer Chemistry and Physics of Ministry of Education Center of Soft Matter Science and Engineering College of Chemistry and Molecular Engineering Peking University Beijing 100871 China']
https://openalex.org/W3109347930,https://openalex.org/W2970666733,Efficient molecular doping of polymeric semiconductors driven by anion exchange,Yu Yamashita,https://openalex.org/A5013938150,The University of Tokyo,"['Material Innovation Research Center (MIRC), University of Tokyo, Kashiwa, Japan']"
https://openalex.org/W3109347930,https://openalex.org/W2990105054,Pyrazine-Flanked Diketopyrrolopyrrole (DPP): A New Polymer Building Block for High-Performance n-Type Organic Thermoelectrics,Xinwen Yan,https://openalex.org/A5001877621,Peking University,"['College of Chemistry and Molecular Engineering, Peking University, Beijing 100871, China', 'Department of Materials Science and Engineering, College of Engineering, Peking University, Beijing 100871, China']"
https://openalex.org/W3109347930,https://openalex.org/W3030963598,n-Type Molecular Photovoltaic Materials: Design Strategies and Device Applications,Qihui Yue,https://openalex.org/A5000791335,Chinese Academy of Sciences,"['Beijing National Laboratory for Molecular Sciences, CAS Key Laboratory of Organic Solids, Institute of Chemistry, Chinese Academy of Sciences, Beijing 100190, P. R. China', 'School of Chemical Sciences, University of Chinese Academy of Sciences, Beijing 100049, P. R. China']"
https://openalex.org/W3109347930,https://openalex.org/W3036389379,Naphthodithiophenediimide–Bithiopheneimide Copolymers for High‐Performance n‐Type Organic Thermoelectrics: Significant Impact of Backbone Orientation on Conductivity and Thermoelectric Performance,Yang Wang,https://openalex.org/A5102799921,RIKEN Center for Emergent Matter Science,"['Emergent Molecular Function Research Team, RIKEN Center for Emergent Matter Science (CEMS), 2-1 Hirosawa, Wako, Saitama, 351-0198 Japan']"
https://openalex.org/W3109347930,https://openalex.org/W3039774109,A thermally activated and highly miscible dopant for n-type organic thermoelectrics,Chi‐Yuan Yang,https://openalex.org/A5081510427,Beijing National Laboratory for Molecular Sciences,"['Beijing National Laboratory for Molecular Sciences (BNLMS), Key Laboratory of Polymer Chemistry and Physics of Ministry of Education, Center of Soft Matter Science and Engineering, College of Chemistry and Molecular Engineering, Peking University, Beijing, 100871, China']"
https://openalex.org/W3109347930,https://openalex.org/W3103621599,Drastic Improvement of Air Stability in an n-Type Doped Naphthalene-Diimide Polymer by Thionation,Diego Nava,https://openalex.org/A5033709926,Politecnico di Milano,"['Center for Nano Science and Technology @PoliMi, Istituto Italiano di Tecnologia,, Via Pascoli 70/3, Milano 20133, Italy', 'Dipartimento di Fisica, Politecnico di Milano, Piazza L. da Vinci 32, Milano 20133, Italy']"
https://openalex.org/W3109347930,https://openalex.org/W4211202589,Doping of organic semiconductors,Björn Lüssem,https://openalex.org/A5016445368,TU Dresden,"['Institut für Angewandte Photophysik, TU Dresden, Germany']"
https://openalex.org/W3109347930,https://openalex.org/W636195835,Semiconducting and Metallic Polymers,Alan J. Heeger,https://openalex.org/A5087631107,error,[]
https://openalex.org/W4306392269,https://openalex.org/W2049640245,X-ray photoelectron spectroscopic study of water adsorption on iron sulphide minerals,Stephen W. Knipe,https://openalex.org/A5060629388,Western University,"['Department of Chemistry, The University of Western Ontario, London, Ontario, N6A 5B7, Canada']"
https://openalex.org/W4306392269,https://openalex.org/W2120669370,"Synthesis, characterization and phase transitions of the inorganic–organic layered perovskite-type hybrids [(C<sub>n</sub>H<sub>2n+1</sub>NH<sub>3</sub>)<sub>2</sub>PbI<sub>4</sub>], n = 7, 8, 9 and 10",A. Lemmerer,https://openalex.org/A5024511081,University of the Witwatersrand,['Molecular Sciences Institute; School of Chemistry; University of the Witwatersrand; Johannesburg PO Wits 2050 South Africa']
https://openalex.org/W4306392269,https://openalex.org/W2123857657,Low-temperature solution-processed wavelength-tunable perovskites for lasing,Guichuan Xing,https://openalex.org/A5055534213,Nanyang Technological University,['Division of Physics and Applied Physics School of Physical and Mathematical Sciences Nanyang Technological University  21 Nanyang Link Singapore 637371 Singapore']
https://openalex.org/W4306392269,https://openalex.org/W2425887664,Confinement Effects in Low-Dimensional Lead Iodide Perovskite Hybrids,Machteld E. Kamminga,https://openalex.org/A5002283399,University of Groningen,"['Zernike Institute for Advanced Materials, University of Groningen, Nijenborgh 4, 9747 AG Groningen, The Netherlands']"
https://openalex.org/W4306392269,https://openalex.org/W2482154572,Unreacted PbI<sub>2</sub> as a Double-Edged Sword for Enhancing the Performance of Perovskite Solar Cells,T. Jesper Jacobsson,https://openalex.org/A5042032531,University of Cambridge,"['Laboratory\rfor Photomolecular Science, Institute of Chemical Sciences and Engineering, École Polytechnique Fédérale de Lausanne, CH-1015-Lausanne, Switzerland', 'University of Cambridge, Department of Chemistry, Lensfield Road, Cambridge CB2 1EW, U.K.']"
https://openalex.org/W4306392269,https://openalex.org/W2522162104,Nonlinear Carrier Interactions in Lead Halide Perovskites and the Role of Defects,Ajay Ram Srimath Kandada,https://openalex.org/A5023786923,Center for Nano Science and Technology,"['Center\rfor Nano Science and Technology @Polimi, Istituto Italiano di Tecnologia, via Giovanni Pascoli 70/3, 20133 Milano, Italy']"
https://openalex.org/W4306392269,https://openalex.org/W2576659444,Single-crystal microplates of two-dimensional organic–inorganic lead halide layered perovskites for optoelectronics,Dewei Ma,https://openalex.org/A5037729379,University of Wisconsin–Madison,"['Department of Chemistry, University of Wisconsin-Madison, Madison, Wisconsin, 53706, USA']"
https://openalex.org/W4306392269,https://openalex.org/W2602430337,"Chemical Distribution of Multiple Cation (Rb<sup>+</sup>, Cs<sup>+</sup>, MA<sup>+</sup>, and FA<sup>+</sup>) Perovskite Materials by Photoelectron Spectroscopy",Bertrand Philippe,https://openalex.org/A5061191655,Uppsala University,"['Department\rof Physics and Astronomy, Uppsala University, Box 516, 75120 Uppsala, Sweden']"
https://openalex.org/W4306392269,https://openalex.org/W2733171239,Ultralow Self-Doping in Two-dimensional Hybrid Perovskite Single Crystals,Wei Peng,https://openalex.org/A5000619933,King Abdullah University of Science and Technology,"['Division of Physical Sciences and Engineering, King Abdullah University of Science and Technology (KAUST), Thuwal 23955-6900, Saudi Arabia', 'KAUST Catalysis Center, King Abdullah University of Science and Technology (KAUST), Thuwal 23955-6900, Saudi Arabia', 'KAUST Solar Center, King Abdullah University of Science and Technology (KAUST), Thuwal 23955-6900, Saudi Arabia']"
https://openalex.org/W4306392269,https://openalex.org/W2904190616,Multi-inch single-crystalline perovskite membrane for high-detectivity flexible photosensors,Yucheng Liu,https://openalex.org/A5058539060,Shaanxi Normal University,"['Institute for Advanced Energy Materials', 'Key Laboratory of Applied Surface and Colloid Chemistry, Ministry of Education', 'School of Materials Science and Engineering, Shaanxi Normal University, 710119, Xi’an, P. R. China', 'Shaanxi Engineering Lab for Advanced Energy Technology', 'Shaanxi Key Laboratory for Advanced Energy Devices']"
https://openalex.org/W4306392269,https://openalex.org/W2911516389,High‐Performance Perovskite Solar Cells with Enhanced Environmental Stability Based on a (<i>p</i>‐FC<sub>6</sub>H<sub>4</sub>C<sub>2</sub>H<sub>4</sub>NH<sub>3</sub>)<sub>2</sub>[PbI<sub>4</sub>] Capping Layer,Qin Zhou,https://openalex.org/A5101521198,Tianjin University,"['CAS Key Laboratory of Design and Assembly of Functional Nanostructures Fujian Institute of Research on the Structure of Matter Chinese Academy of Sciences Fuzhou 350002 China', 'School of Chemical Engineering and Technology Tianjin University Tianjin 300072 China', 'School of Physical Sciences University of Chinese Academy of Sciences Beijing 100049 P. R. China']"
https://openalex.org/W4306392269,https://openalex.org/W2944427377,Author Correction: Surface passivation of perovskite film for efficient solar cells,Qi Jiang,https://openalex.org/A5044278509,Institute of Semiconductors,"['Key Laboratory of Semiconductor Materials Science, Institute of Semiconductors, Chinese Academy of Sciences, Beijing, China']"
https://openalex.org/W4306392269,https://openalex.org/W4235114115,Accumulation of Deep Traps at Grain Boundaries in Halide Perovskites,Ji‐Sang Park,https://openalex.org/A5033149415,Imperial College London,['Imperial College London']
https://openalex.org/W4306392269,https://openalex.org/W2947780216,Controlling competing photochemical reactions stabilizes perovskite solar cells,Silvia G. Motti,https://openalex.org/A5067364919,Center for Nano Science and Technology,"['Center for Nano Science and Technology @Polimi, Istituto Italiano di Tecnologia, Milan, Italy']"
https://openalex.org/W4306392269,https://openalex.org/W2972944593,Crystal Orientation Drives the Interface Physics at Two/Three-Dimensional Hybrid Perovskites,Marine E. F. Bouduban,https://openalex.org/A5069275333,École Polytechnique Fédérale de Lausanne,"['Photochemical Dynamics Group, Institute of Chemical Sciences and Engineering, EPFL, Station 6, CH-1015 Lausanne, Switzerland']"
https://openalex.org/W4306392269,https://openalex.org/W2981346441,Optimal Interfacial Engineering with Different Length of Alkylammonium Halide for Efficient and Stable Perovskite Solar Cells,Hyeonwoo Kim,https://openalex.org/A5100667696,Ulsan National Institute of Science and Technology,"['Perovtronics Research Center, Department of Energy Engineering, School of Energy and Chemical Engineering, Ulsan National Institute of Science and Technology, 50 UNIST-gil, Eonyang-eup, Ulju-gun, Ulsan, 44919 Republic of Korea']"
https://openalex.org/W4306392269,https://openalex.org/W2995464005,Ethanol induced structure reorganization of 2D layered perovskites (OA)2(MA)n-1PbnI3n+1,Hua Yan,https://openalex.org/A5011695682,Nanjing University,"['Key Laboratory of Mesoscopic Chemistry of MOE, School of Chemistry and Chemical Engineering, Nanjing University, Nanjing, Jiangsu, 210023, China']"
https://openalex.org/W4306392269,https://openalex.org/W3005429860,Reducing Surface Halide Deficiency for Efficient and Stable Iodide-Based Perovskite Solar Cells,Wu‐Qiang Wu,https://openalex.org/A5081869716,Applied Physical Sciences (United States),"['Department of Applied Physical Sciences, University of North Carolina, Chapel Hill, North Carolina 27599, United States', 'Nanomaterials Centre, School of Chemical Engineering and Australian Institute for Bioengineering and Nanotechnology, The University of Queensland, Brisbane, QLD 4072, Australia']"
https://openalex.org/W4306392269,https://openalex.org/W3005970538,Vacuum-Induced Degradation of 2D Perovskites,Yvonne J. Hofstetter,https://openalex.org/A5048781342,TU Dresden,"['Integrated Centre for Applied Physics and Photonic Materials and Centre for Advancing Electronics Dresden (CFAED), Technical University of Dresden, Dresden, Germany', 'Kirchhoff Institute for Physics and the Centre for Advanced Materials, Heidelberg University, Heidelberg, Germany']"
https://openalex.org/W4306392269,https://openalex.org/W3008736366,Tailored Amphiphilic Molecular Mitigators for Stable Perovskite Solar Cells with 23.5% Efficiency,Hongwei Zhu,https://openalex.org/A5041077281,Tianjin University,"['Collaborative Innovation Center of Chemical Science and Engineering Tianjin 300072 China', 'Laboratory of Photonics and Interfaces (LPI) Department of Chemistry and Chemical Engineering École Polytechnique Fédérale de Lausanne  Lausanne CH‐1015 Switzerland', 'School of Chemical Engineering and Technology Tianjin University Tianjin 300072 China']"
https://openalex.org/W4306392269,https://openalex.org/W3023152388,In Situ Analysis Reveals the Role of 2D Perovskite in Preventing Thermal-Induced Degradation in 2D/3D Perovskite Interfaces,Albertus Adrian Sutanto,https://openalex.org/A5030985205,École Polytechnique Fédérale de Lausanne,"['Group for Molecular Engineering of Functional Materials, Institute of Chemical Sciences and Engineering, École Polytechnique Fédérale de Lausanne (EPFL), Valais Wallis, Rue de l’Industrie 17, CH-1951 Sion, Switzerland']"
https://openalex.org/W4306392269,https://openalex.org/W3036060063,Disentangling Second Harmonic Generation from Multiphoton Photoluminescence in Halide Perovskites using Multidimensional Harmonic Generation,Darien J. Morrow,https://openalex.org/A5081649702,University of Wisconsin–Madison,"['Department of Chemistry, University of Wisconsin−Madison, 1101 University Avenue, Madison, Wisconsin 53706, United States']"
https://openalex.org/W4306392269,https://openalex.org/W3082290582,Defect Tolerance and Intolerance in Metal‐Halide Perovskites,Guan‐Woo Kim,https://openalex.org/A5014476587,Center for Nano Science and Technology,"['Center for Nano Science and Technology@Polimi, Istituto Italiano di Tecnologia, via Giovanni Pascoli 70/3, Milan, 20133 Italy']"
https://openalex.org/W4306392269,https://openalex.org/W3085481167,Defect passivation strategies in perovskites for an enhanced photovoltaic performance,Lin Fu,https://openalex.org/A5088595485,Shandong University,"['Jinan 250061', 'Key Laboratory for Liquid-Solid Structural Evolution and Processing of Materials, Ministry of Education, School of Materials Science and Engineering, Shandong University, Jinan 250061, P. R. China', 'Ministry of Education', 'School of Materials Science and Engineering', 'Shandong University']"
https://openalex.org/W4306392269,https://openalex.org/W3088349018,Shallow Iodine Defects Accelerate the Degradation of α-Phase Formamidinium Perovskite,Shaun Tan,https://openalex.org/A5033789355,California NanoSystems Institute,"['Department of Materials Science and Engineering and California NanoSystems Institute, University of California, Los Angeles, Los Angeles, CA 90095, USA']"
https://openalex.org/W4306392269,https://openalex.org/W3112042913,Unraveling the compositional heterogeneity and carrier dynamics of alkali cation doped 3D/2D perovskites with improved stability,Ming‐Chun Tang,https://openalex.org/A5027298708,Physical Measurement Laboratory,"['Gaithersburg', 'Institute for Research in Electronics and Applied Physics & Maryland NanoCenter, University of Maryland, College Park, MD 20742, USA', 'King Abdullah University of Science and Technology (KAUST), KAUST Solar Center (KSC), and Physical Science and Engineering Division (PSE), Thuwal, Saudi Arabia', 'Physical Measurement Laboratory, National Institute of Standards and Technology (NIST), Gaithersburg, MD 20899, USA', 'USA']"
https://openalex.org/W4306392269,https://openalex.org/W3130174494,Efficient perovskite solar cells via improved carrier management,Jason J. Yoo,https://openalex.org/A5035590680,Massachusetts Institute of Technology,"['Department of Chemistry, Massachusetts Institute of Technology, Cambridge, MA, USA']"
https://openalex.org/W4306392269,https://openalex.org/W3143921035,Nonlinear photocarrier dynamics and the role of shallow traps in mixed-halide mixed-cation hybrid perovskites,David A. Valverde-Chávez,https://openalex.org/A5047845773,Georgia Institute of Technology,"['Atlanta', 'Georgia Institute of Technology', 'School of Chemistry and Biochemistry, Georgia Institute of Technology, Atlanta, GA 30332, USA', 'USA']"
https://openalex.org/W4306392269,https://openalex.org/W3153626385,Pressing challenges in halide perovskite photovoltaics—from the atomic to module level,Carlo A. R. Perini,https://openalex.org/A5011798579,Georgia Institute of Technology,"['School of Materials Science and Engineering, Georgia Institute of Technology, Atlanta, GA 30332, USA']"
https://openalex.org/W4306392269,https://openalex.org/W3179103525,Stable and low-photovoltage-loss perovskite solar cells by multifunctional passivation,Guang Yang,https://openalex.org/A5013304509,Hong Kong Polytechnic University,"['Department of Electronic and Information Engineering, Research Institute for Smart Energy (RISE), The Hong Kong Polytechnic University, Hong Kong, China', 'Key Laboratory of Artificial Micro/Nano Structures of Ministry of Education, School of Physics and Technology, Wuhan University, Wuhan, China']"
https://openalex.org/W4306392269,https://openalex.org/W3199708982,Unraveling the varied nature and roles of defects in hybrid halide perovskites with time-resolved photoemission electron microscopy,Sofiia Kosar,https://openalex.org/A5031388099,Okinawa Institute of Science and Technology Graduate University,"['Femtosecond Spectroscopy Unit, Okinawa Institute of Science and Technology Graduate University, Onna, Okinawa, 904 0495, Japan']"
https://openalex.org/W4306392269,https://openalex.org/W3203376904,Thermal- and Light-Induced Evolution of the 2D/3D Interface in Lead-Halide Perovskite Films,Francesca Fiorentino,https://openalex.org/A5003814121,Center for Nano Science and Technology,"['Center for Nano Science and Technology @PoliMi, Istituto Italiano di Tecnologia, via G. Pascoli 70/3, 20133 Milano, Italy', 'Physics Department, Politecnico di Milano, Piazza L. da Vinci, 32, 20133 Milano, Italy']"
https://openalex.org/W4307287673,https://openalex.org/W1155250793,The Passivated Emitter and Rear Cell (PERC): From conception to mass production,Martin A. Green,https://openalex.org/A5060331758,UNSW Sydney,"['Australian Centre for Advanced Photovoltaics, School of Photovoltaic and Renewable Energy Engineering, University of New South Wales (UNSW),Sydney 2052,Australia']"
https://openalex.org/W4307287673,https://openalex.org/W1916611353,Formamidinium and Cesium Hybridization for Photo‐ and Moisture‐Stable Perovskite Solar Cell,Jin‐Wook Lee,https://openalex.org/A5100608704,Sungkyunkwan University,['School of Chemical Engineering and Department of Energy Science; Sungkyunkwan University (SKKU); Suwon 440-746 Korea']
https://openalex.org/W4307287673,https://openalex.org/W1965464747,Efficient Hybrid Solar Cells Based on Meso-Superstructured Organometal Halide Perovskites,Michael M. Lee,https://openalex.org/A5090150583,University of Oxford,"['Clarendon Laboratory, Department of Physics, University of Oxford, Oxford OX1 3PU, UK.']"
https://openalex.org/W4307287673,https://openalex.org/W1968724384,Structure &amp; strength of silica-PDMS nanocomposites,Adrian Camenzind,https://openalex.org/A5060412351,ETH Zurich,"['Particle Technology Laboratory, Institute of Process Engineering, Department of Mechanical & Process Engineering, ETH Zurich, Sonneggstrasse 3, CH-8092 Zurich, Switzerland']"
https://openalex.org/W4307287673,https://openalex.org/W2043360348,22.8% efficient silicon solar cell,Andrew Blakers,https://openalex.org/A5052449051,UNSW Sydney,"['Solar Photovoltaic Laboratory, Joint Microelectronics Research Centre, University of New South Wales, Kensington 2033, Australia']"
https://openalex.org/W4307287673,https://openalex.org/W2057327293,Organometal Halide Perovskites as Visible-Light Sensitizers for Photovoltaic Cells,Akihiro Kojima,https://openalex.org/A5083492946,Tokyo Polytechnic University,"['Graduate School of Arts and Sciences, The University of Tokyo, 3-8-1 Komaba, Meguro-ku, Tokyo 153-8902, Japan, Graduate School of Engineering, Toin University of Yokohama, and Peccell Technologies, Inc., 1614 Kurogane-cho, Aoba, Yokohama, Kanagawa 225-8502, Japan, and Graduate School of Engineering, Tokyo Polytechnic University, 1583 Iiyama, Atsugi, Kanagawa 243-0297, Japan']"
https://openalex.org/W4307287673,https://openalex.org/W2065204918,Impact of microstructure on local carrier lifetime in perovskite solar cells,Dane W. deQuilettes,https://openalex.org/A5064192921,University of Washington,"['Department of Chemistry, University of Washington, Box 351700, Seattle, WA 98195-1700, USA.']"
https://openalex.org/W4307287673,https://openalex.org/W2144574847,Efficient planar heterojunction perovskite solar cells by vapour deposition,Mingzhen Liu,https://openalex.org/A5060376131,University of Oxford,"['Department of Physics University of Oxford, Clarendon Laboratory Parks Road Oxford OX1 3PU UK']"
https://openalex.org/W4307287673,https://openalex.org/W2158821783,Self-Assembly of Broadband White-Light Emitters,Emma R. Dohner,https://openalex.org/A5038740144,Stanford University,"['Department of Chemistry and ‡Geballe Laboratory for Advanced Materials, Stanford University, Stanford, California 94305, United States']"
https://openalex.org/W4307287673,https://openalex.org/W2275507030,Nonlinear Optical Response of Organic–Inorganic Halide Perovskites,Rui Zhang,https://openalex.org/A5100421941,Shandong University,"['State\rKey Laboratory of Crystal Materials and Institute of Crystal Materials, Shandong University, Jinan 250100, China']"
https://openalex.org/W4307287673,https://openalex.org/W2291217527,Shunt‐Blocking Layers for Semitransparent Perovskite Solar Cells,Maximilian T. Hörantner,https://openalex.org/A5049380956,University of Oxford,"['Department of Physics, University of Oxford, Clarendon Laboratory, Parks Road, Oxford, OX1 3PU UK']"
https://openalex.org/W4307287673,https://openalex.org/W2327664603,<sup>29</sup>Si NMR Chemical Shifts of Silicate Species: Ab Initio Study of Environment and Structure Effects,Viktor Moravetski,https://openalex.org/A5086090267,error,"['Contribution from the Materials Research Laboratory, University of California at Santa Barbara, California 93106, and Max-Planck-Gesellschaft, Arbeitsgruppe “Quantenchemie” an der Humboldt-Universität, Jägerstrasse 10/11, D-10117 Berlin, Germany']"
https://openalex.org/W4307287673,https://openalex.org/W2342802384,Perovskite photonic sources,Brandon R. Sutherland,https://openalex.org/A5011871059,University of Toronto,"[""Department of Electrical and Computer Engineering, University of Toronto, 10 King's College Road, Toronto, M5S 3G4, Ontario, Canada""]"
https://openalex.org/W4307287673,https://openalex.org/W2485585547,Photoluminescence Lifetimes Exceeding 8 μs and Quantum Yields Exceeding 30% in Hybrid Perovskite Thin Films by Ligand Passivation,Dane W. deQuilettes,https://openalex.org/A5064192921,University of Washington,"['Department of Chemistry, University of Washington, Box 351700, Seattle, Washington 98195-1700, United States', 'Department of Physics, University of Konstanz, P.O. Box 680, 78457 Konstanz, Germany.']"
https://openalex.org/W4307287673,https://openalex.org/W2522162104,Nonlinear Carrier Interactions in Lead Halide Perovskites and the Role of Defects,Ajay Ram Srimath Kandada,https://openalex.org/A5023786923,Center for Nano Science and Technology,"['Center\rfor Nano Science and Technology @Polimi, Istituto Italiano di Tecnologia, via Giovanni Pascoli 70/3, 20133 Milano, Italy']"
https://openalex.org/W4307287673,https://openalex.org/W2538313433,Anticorrelation between Local Photoluminescence and Photocurrent Suggests Variability in Contact to Active Layer in Perovskite Solar Cells,Giles E. Eperon,https://openalex.org/A5085527099,University of Washington,"['Department\rof Chemistry, University of Washington, Seattle, Washington 98105, United States']"
https://openalex.org/W4307287673,https://openalex.org/W2573297413,Removing Leakage and Surface Recombination in Planar Perovskite Solar Cells,Kristofer Tvingstedt,https://openalex.org/A5010148235,University of Würzburg,"['Experimental\rPhysics VI, Julius Maximillian University of Würzburg, 97074 Würzburg, Germany']"
https://openalex.org/W4307287673,https://openalex.org/W2602181264,Mechanical signatures of degradation of the photovoltaic perovskite CH3NH3PbI3 upon water vapor exposure,Massimo Spina,https://openalex.org/A5083373719,École Polytechnique Fédérale de Lausanne,"['Laboratory of Physics of Complex Matter 1 , Ecole Polytechnique Fédérale de Lausanne, 1015 Lausanne, Switzerland']"
https://openalex.org/W4307287673,https://openalex.org/W2785057478,Compositional Engineering for Efficient Wide Band Gap Perovskites with Improved Stability to Photoinduced Phase Segregation,Kevin A. Bush,https://openalex.org/A5048885690,Stanford University,"['Materials Science & Engineering, Stanford University, Stanford, California 94305, United States']"
https://openalex.org/W4307287673,https://openalex.org/W2786103938,Selective growth of layered perovskites for stable and efficient photovoltaics,Kyung Taek Cho,https://openalex.org/A5005656679,École Polytechnique Fédérale de Lausanne,"['CH-1951 Sion', 'Group for Molecular Engineering of Functional Materials, École Polytechnique Fédérale de Lausanne', 'Switzerland']"
https://openalex.org/W4307287673,https://openalex.org/W2791826156,In Situ Growth of 2D Perovskite Capping Layer for Stable and Efficient Perovskite Solar Cells,Peng Chen,https://openalex.org/A5100329362,University of Queensland,['Nanomaterials Centre School of Chemical Engineering and Australian Institute for Bioengineering and Nanotechnology The University of Queensland  Brisbane QLD 4072 Australia']
https://openalex.org/W4307287673,https://openalex.org/W2800163794,Enhancing Defect Tolerance and Phase Stability of High-Bandgap Perovskites via Guanidinium Alloying,Ryan J. Stoddard,https://openalex.org/A5082253571,Clean Energy (United States),"['Department of Chemical Engineering, Clean Energy Institute, and Molecular Engineering & Sciences Institute, University of Washington, Seattle, Washington 98195, United States']"
https://openalex.org/W4307287673,https://openalex.org/W2801549607,Hybrid perovskite films approaching the radiative limit with over 90% photoluminescence quantum efficiency,Ian L. Braly,https://openalex.org/A5046995339,Clean Energy (United States),"['Department of Chemical Engineering, Clean Energy Institute, and Molecular Engineering & Sciences Institute, University of Washington, Seattle, WA, USA']"
https://openalex.org/W4307287673,https://openalex.org/W2883708814,Visualization and suppression of interfacial recombination for high-efficiency large-area pin perovskite solar cells,Martin Stolterfoht,https://openalex.org/A5053163519,University of Potsdam,"['Institute of Physics and Astronomy, University of Potsdam, Potsdam, Germany']"
https://openalex.org/W4307287673,https://openalex.org/W2905179230,Reducing Surface Recombination Velocities at the Electrical Contacts Will Improve Perovskite Photovoltaics,Jian Wang,https://openalex.org/A5048508815,University of Washington,"['Department of Chemistry, University of Washington, Seattle, Washington 98195, United States']"
https://openalex.org/W4307287673,https://openalex.org/W2934047558,Surface passivation of perovskite film for efficient solar cells,Qi Jiang,https://openalex.org/A5044278509,Institute of Semiconductors,"['Key Laboratory of Semiconductor Materials Science, Institute of Semiconductors, Chinese Academy of Sciences, Beijing, China']"
https://openalex.org/W4307287673,https://openalex.org/W2937127759,Nanoscale Subsurface Morphologies in Block Copolymer Thin Films Revealed by Combined Near-Field Infrared Microscopy and Mechanical Mapping,Kevin Ho,https://openalex.org/A5066543356,University of Toronto,"['Department of Chemistry, University of Toronto, Toronto, Ontario M5S 3H6, Canada']"
https://openalex.org/W4307287673,https://openalex.org/W2978073789,Conformal monolayer contacts with lossless interfaces for perovskite single junction and monolithic tandem solar cells,Amran Al‐Ashouri,https://openalex.org/A5026326456,Helmholtz-Zentrum Berlin für Materialien und Energie,"['12489 Berlin', 'Germany', 'Helmholtz-Zentrum Berlin', 'Young Investigator Group Perovskite Tandem Solar Cells']"
https://openalex.org/W4307287673,https://openalex.org/W2980318823,Role of surface recombination in perovskite solar cells at the interface of HTL/CH3NH3PbI3,Damian Głowienka,https://openalex.org/A5046031729,Gdańsk University of Technology,"['Faculty of Applied Physics and Mathematics, Gdańsk University of Technology, Narutowicza 11/12, 80-233, Gdańsk, Poland', 'TNO – Solliance, High Tech Campus 21, Eindhoven, 5656AE, the Netherlands']"
https://openalex.org/W4307287673,https://openalex.org/W2980383175,Nonradiative Recombination in Perovskite Solar Cells: The Role of Interfaces,Christian Wolff,https://openalex.org/A5090729552,University of Potsdam,"['Institute of Physics and Astronomy, University of Potsdam, Karl-Liebknecht-Str. 24-25, 14476 Potsdam, Germany']"
https://openalex.org/W4307287673,https://openalex.org/W2989642950,Minimizing non-radiative recombination losses in perovskite solar cells,Deying Luo,https://openalex.org/A5019305209,Collaborative Innovation Center of Quantum Matter,"['State Key Laboratory for Artificial Microstructure and Mesoscopic Physics, School of Physics, Frontiers Science Center for Nano-optoelectronics & Collaborative Innovation Center of Quantum Matter, Peking University, Beijing, 100871, China']"
https://openalex.org/W4307287673,https://openalex.org/W2999691245,Highly efficient all-inorganic perovskite solar cells with suppressed non-radiative recombination by a Lewis base,Jing Wang,https://openalex.org/A5100738912,City University of Hong Kong,"['Department of Chemistry, City University of Hong Kong, Tat Chee Avenue, Kowloon, Hong Kong']"
https://openalex.org/W4307287673,https://openalex.org/W3011785384,How To Quantify the Efficiency Potential of Neat Perovskite Films: Perovskite Semiconductors with an Implied Efficiency Exceeding 28%,Martin Stolterfoht,https://openalex.org/A5053163519,University of Potsdam,['Institute of Physics and Astronomy University of Potsdam  Karl‐Liebknecht‐Str. 24–25 Potsdam‐Golm D‐14476 Germany']
https://openalex.org/W4307287673,https://openalex.org/W1865001351,Mechanical properties of APbX3 (A = Cs or CH3NH3; X= I or Br) perovskite single crystals,Yevgeny Rakita,https://openalex.org/A5064664061,Weizmann Institute of Science,"['Materials and Interfaces Department, Weizmann Institute of Science, Rehovot, 76100, Israel']"
https://openalex.org/W4307287673,https://openalex.org/W3143921035,Nonlinear photocarrier dynamics and the role of shallow traps in mixed-halide mixed-cation hybrid perovskites,David A. Valverde-Chávez,https://openalex.org/A5047845773,Georgia Institute of Technology,"['Atlanta', 'Georgia Institute of Technology', 'School of Chemistry and Biochemistry, Georgia Institute of Technology, Atlanta, GA 30332, USA', 'USA']"
https://openalex.org/W4307287673,https://openalex.org/W3168852223,Elastic modulus tailoring in CH3NH3PbI3 perovskite system by the introduction of two dimensionality using (5-AVA)2PbI4,Sudharm Rathore,https://openalex.org/A5057671631,Indian Institute of Technology Bombay,"['Department of Metallurgical Engineering and Materials Science, Indian Institute of Technology Bombay, Mumbai 400076, India', 'School of Electrical and Electronic Engineering, Nanyang Technological University, 50 Nanyang Avenue, 639798, Singapore']"
https://openalex.org/W4307287673,https://openalex.org/W3169897725,Reducing Surface Recombination Velocity of Methylammonium-Free Mixed-Cation Mixed-Halide Perovskites via Surface Passivation,Sarthak Jariwala,https://openalex.org/A5087874945,University of Washington,"['Department of Chemistry, University of Washington, Seattle, Washington 98195, United States', 'Department of Materials Science and Engineering, University of Washington, Seattle, Washington 98195, United States']"
https://openalex.org/W4307287673,https://openalex.org/W3179094753,Tuning Hybrid exciton–Photon Fano Resonances in Two-Dimensional Organic–Inorganic Perovskite Thin Films,Franziska Muckel,https://openalex.org/A5004939650,University of Duisburg-Essen,"['Department of Chemistry, University of Washington, Seattle, Washington 98195, United States', 'Electroenergetic Functional Materials and CENIDE, University Duisburg-Essen, 47057 Duisburg, Germany']"
https://openalex.org/W4307287673,https://openalex.org/W3191917802,Two birds with one stone: dual grain-boundary and interface passivation enables &gt;22% efficient inverted methylammonium-free perovskite solar cells,Saba Gharibzadeh,https://openalex.org/A5003488469,Karlsruhe Institute of Technology,"['Institute of Microstructure Technology, Karlsruhe Institute of Technology, Hermann-von Helmholtz-Platz 1, 76344 Eggenstein-Leopoldshafen, Germany', 'Light Technology Institute, Karlsruhe Institute of Technology, Engesserstrasse 13, 76131 Karlsruhe, Germany']"
https://openalex.org/W4307287673,https://openalex.org/W3208708248,Nanoscale chemical heterogeneity dominates the optoelectronic response of alloyed perovskite solar cells,Kyle Frohna,https://openalex.org/A5015752130,University of Cambridge,"['Cavendish Laboratory, University of Cambridge, Cambridge, UK']"
https://openalex.org/W4307287673,https://openalex.org/W4200369951,Understanding and suppressing non-radiative losses in methylammonium-free wide-bandgap perovskite solar cells,Robert D. J. Oliver,https://openalex.org/A5065072320,University of Oxford,"['Department of Physics, University of Oxford, Clarendon Laboratory, Parks Road, Oxford, OX1 3PU, UK']"
https://openalex.org/W2968005694,https://openalex.org/W1505295575,Energy and charge-transfer dynamics using projected modes,Andrey Pereverzev,https://openalex.org/A5053127682,University of Houston,"['University of Houston 1 Department of Chemistry and Texas Center for Superconductivity, , Houston, Texas 77204, USA']"
https://openalex.org/W2968005694,https://openalex.org/W1510652911,Computing intramolecular charge and energy transfer rates using optimal modes,Xunmo Yang,https://openalex.org/A5048692515,University of Houston,"['University of Houston Department of Chemistry, , Houston, Texas 77204, USA']"
https://openalex.org/W2968005694,https://openalex.org/W1614533393,"Magneto-optical study on excitonic spectra in (<mml:math xmlns:mml=""http://www.w3.org/1998/Math/MathML"" display=""inline""><mml:mrow><mml:msub><mml:mrow><mml:mi mathvariant=""normal"">C</mml:mi></mml:mrow><mml:mrow><mml:mn>6</mml:mn></mml:mrow></mml:msub></mml:mrow></mml:math><mml:math xmlns:mml=""http://www.w3.org/1998/Math/MathML"" display=""inline""><mml:mrow><mml:msub><mml:mrow><mml:mi mathvariant=""normal"">H</mml:mi></mml:mrow><mml:mrow><mml:mn>13</mml:mn></mml:mrow></mml:msub></mml:mrow></mml:math…",Takeshi Kataoka,https://openalex.org/A5063022637,The University of Tokyo,"['Department of Applied Physics, Faculty of Engineering, The University of Tokyo, 7‐3‐1, Hongo, Bunkyo‐ku, Tokyo 113, Japan']"
https://openalex.org/W2968005694,https://openalex.org/W2013669807,Theory of transient excitonic optical nonlinearities in semiconductor quantum-well structures,S. Schmitt‐Rink,https://openalex.org/A5033218721,AT&T (United States),"['AT&T Bell Laboratories Murray Hill, New Jersey 07974']"
https://openalex.org/W2968005694,https://openalex.org/W2025345982,Spectral-hole burning and carrier thermalization in GaAs at room temperature,S. Hunsche,https://openalex.org/A5055005905,RWTH Aachen University,"['Institut für Halbleitertechnik II, Rheinisch Westfälische Technische Hochschule Aachen, Sommerfeldstrasse 24, 52074 Aachen, Germany']"
https://openalex.org/W2968005694,https://openalex.org/W2037223505,Trap States in Lead Iodide Perovskites,Xiaoxi Wu,https://openalex.org/A5009219356,Columbia University,"['Department of Chemistry, Columbia University, New York, New York 10027, United States']"
https://openalex.org/W2968005694,https://openalex.org/W3101200301,Time-convolutionless master equation for mesoscopic electron-phonon systems,Andrey Pereverzev,https://openalex.org/A5053127682,University of Houston,"['Center for Materials Chemistry, Department of Chemistry, University of Houston, Houston, Texas 77204 and the Texas Center for Superconductivity, University of Houston, Houston, Texas 77204', 'University of Houston Center for Materials Chemistry, Department of Chemistry, , Houston, Texas 77204 and the Texas Center for Superconductivity, , Houston, Texas 77204']"
https://openalex.org/W2968005694,https://openalex.org/W2050310840,"Dielectric confinement effect on excitons in<mml:math xmlns:mml=""http://www.w3.org/1998/Math/MathML"" display=""inline""><mml:mrow><mml:msub><mml:mrow><mml:mi mathvariant=""normal"">PbI</mml:mi></mml:mrow><mml:mrow><mml:mn>4</mml:mn></mml:mrow></mml:msub></mml:mrow></mml:math>-based layered semiconductors",X. Hong,https://openalex.org/A5101270089,Brown University,"['Division of Engineering and Department of Physics, Brown University, Providence, Rhode Island 02912']"
https://openalex.org/W2968005694,https://openalex.org/W2078901757,Dielectric confinement effect for exciton and biexciton states in PbI4-based two-dimensional semiconductor structures,Teruya Ishihara,https://openalex.org/A5067894370,Brown University,"['Division of Engineering and Department of Physics Brown University, Providence, RI 02912, USA']"
https://openalex.org/W2968005694,https://openalex.org/W2166602976,Understanding Quantum Confinement of Charge Carriers in Layered 2D Hybrid Perovskites,Jacky Even,https://openalex.org/A5055401545,Fonctions Optiques pour les Technologies de l’information,"[""FOTON - Fonctions Optiques pour les Technologies de l'informatiON (ENSSAT 6, rue de Kerampont CS 80518 22305 LANNION Cedex - France)""]"
https://openalex.org/W2968005694,https://openalex.org/W2233449626,Hot-carrier cooling and photoinduced refractive index changes in organic–inorganic lead halide perovskites,Michael B. Price,https://openalex.org/A5042374722,error,"['Department of Physics, Cavendish Laboratory, JJ Thomson Avenue, Cambridge, CB3 0HE, United Kingdom']"
https://openalex.org/W2968005694,https://openalex.org/W2335548459,Intramolecular Charge- and Energy-Transfer Rates with Reduced Modes: Comparison to Marcus Theory for Donor–Bridge–Acceptor Systems,Xunmo Yang,https://openalex.org/A5048692515,University of Houston,"['Department\rof Chemistry, University of Houston, Houston, Texas 77204, United States']"
https://openalex.org/W2968005694,https://openalex.org/W2441707575,Tunable room-temperature spin-selective optical Stark effect in solution-processed layered halide perovskites,David Giovanni,https://openalex.org/A5008258395,Nanyang Technological University,"['Division of Physics and Applied Physics, School of Physical and Mathematical Sciences, Nanyang Technological University (NTU), 21 Nanyang Link, Singapore 637371, Singapore.', 'Energy Research Institute @NTU (ERI@N), Interdisciplinary Graduate School, Nanyang Technological University, 50 Nanyang Avenue, S2-B3a-01, Singapore 639798, Singapore.']"
https://openalex.org/W2968005694,https://openalex.org/W2529313738,Direct Observation of Electron–Phonon Coupling and Slow Vibrational Relaxation in Organic–Inorganic Hybrid Perovskites,Daniel B. Straus,https://openalex.org/A5023058395,University of Pennsylvania,"['Departments of †Chemistry, ‡Physics and Astronomy, §Materials Science and\rEngineering, and ∥Electrical and\rSystems Engineering, University of Pennsylvania, Philadelphia, Pennsylvania 19104, United States']"
https://openalex.org/W2968005694,https://openalex.org/W2590053450,Identifying electron transfer coordinates in donor-bridge-acceptor systems using mode projection analysis,Xunmo Yang,https://openalex.org/A5048692515,University of Houston,"['Department of Chemistry, University of Houston, Houston, USA']"
https://openalex.org/W2968005694,https://openalex.org/W2762256963,2D Ruddlesden–Popper Perovskites for Optoelectronics,Yani Chen,https://openalex.org/A5076173992,Fudan University,"['Department of Materials Science, Fudan University, Shanghai, 200433 China']"
https://openalex.org/W2968005694,https://openalex.org/W2794180704,Rapid Decoherence Suppresses Charge Recombination in Multi-Layer 2D Halide Perovskites: Time-Domain Ab Initio Analysis,Zhaosheng Zhang,https://openalex.org/A5008407879,Beijing Normal University,"['College of Chemistry, Key Laboratory of Theoretical & Computational Photochemistry of Ministry of Education, Beijing Normal University, Beijing, 100875, P. R. China']"
https://openalex.org/W2968005694,https://openalex.org/W2806602851,Scaling law for excitons in 2D perovskite quantum wells,Jean-Christophe Blancon,https://openalex.org/A5051551195,Los Alamos National Laboratory,"['LANL - Los Alamos National Laboratory (P.O. Box 1663 Los Alamos, NM 87545 - United States)']"
https://openalex.org/W2968005694,https://openalex.org/W2883072253,Phonon coherences reveal the polaronic character of excitons in two-dimensional lead halide perovskites,Félix Thouin,https://openalex.org/A5008622332,Georgia Institute of Technology,"['School of Physics, Georgia Institute of Technology, Atlanta, GA, USA']"
https://openalex.org/W2968005694,https://openalex.org/W2886653189,Coherent Spin and Quasiparticle Dynamics in Solution‐Processed Layered 2D Lead Halide Perovskites,David Giovanni,https://openalex.org/A5008258395,Nanyang Technological University,"['Division of Physics and Applied Physics, School of Physical and Mathematical Sciences, Nanyang Technological University, 21 Nanyang Link, Singapore, 637371', 'Energy Research Institute @ NTU, ERI@N, Interdisciplinary Graduate School, Nanyang Technological University, 50 Nanyang Avenue, Block S2-B3a-01, Singapore, 639798 Singapore']"
https://openalex.org/W2968005694,https://openalex.org/W2890407556,Compositional and orientational control in metal halide perovskites of reduced dimensionality,Rafael Quintero‐Bermudez,https://openalex.org/A5058414727,University of Toronto,"['Department of Electrical and Computer Engineering, University of Toronto, Toronto, Ontario, Canada']"
https://openalex.org/W2968005694,https://openalex.org/W2902802920,Dimensional tailoring of hybrid perovskites for photovoltaics,Giulia Grancini,https://openalex.org/A5045697365,École Polytechnique Fédérale de Lausanne,"['Group for Molecular Engineering of Functional Materials, Institute of Chemical Sciences and Engineering, École Polytechnique Fédérale de Lausanne Valais Wallis, Sion, Switzerland']"
https://openalex.org/W2968005694,https://openalex.org/W2912435447,Tuning the Luminescence of Layered Halide Perovskites,Matthew D. Smith,https://openalex.org/A5101544465,Stanford University,"['Department of Chemistry, Stanford University, Stanford, California 94305, United States']"
https://openalex.org/W2968005694,https://openalex.org/W2941002141,Enhanced screening and spectral diversity in many-body elastic scattering of excitons in two-dimensional hybrid metal-halide perovskites,Félix Thouin,https://openalex.org/A5008622332,State Street (United States),"['School of Physics, Georgia Institute of Technology, 837 State Street NW, Atlanta, Georgia 30332, USA']"
https://openalex.org/W2968005694,https://openalex.org/W2772587104,Stable biexcitons in two-dimensional metal-halide perovskites with strong dynamic lattice disorder,Félix Thouin,https://openalex.org/A5008622332,Georgia Institute of Technology,"['School of Physics, Georgia Institute of Technology, 837 State Street NW, Atlanta, Georgia 30332, USA']"
https://openalex.org/W2968005694,https://openalex.org/W2792120617,Exciton-polaron spectral structures in two-dimensional hybrid lead-halide perovskites,Stefanie Neutzner,https://openalex.org/A5090278446,Center for Nano Science and Technology,"['Center for Nano Science and Technology at PoliMi, Istituto Italiano di Tecnologia, via Giovanni Pascoli 70/3, 20133 Milano, Italy']"
https://openalex.org/W2968005694,https://openalex.org/W4205560419,Quantum Dynamics,Eric R. Bittner,https://openalex.org/A5059402471,error,[]
https://openalex.org/W2968005694,https://openalex.org/W4256172841,Chemical Dynamics in Condensed Phases,Abraham Nitzan,https://openalex.org/A5035641566,error,[]
https://openalex.org/W2916220380,https://openalex.org/W1981518063,Two-dimensional spatial coherence of excitons in semicrystalline polymeric semiconductors: Effect of molecular weight,Francis Paquin,https://openalex.org/A5018079250,Regroupement Québécois sur les Matériaux de Pointe,"['Département de physique & Regroupement québécois sur les matériaux de pointe, Université de Montréal, C. P. 6128, Succursale centre-ville, Montréal (Québec) H3C 3J7, Canada']"
https://openalex.org/W2916220380,https://openalex.org/W1981945143,Morphology and Phase Segregation of Spin-Casted Films of Polyfluorene/PCBM Blends,Svante Nilsson,https://openalex.org/A5104040828,Karlstad University,"['Department of Physics, Karlstad University, SE-651 88 Karlstad, Sweden; Faculty of Physics and Applied Computer Science, AGH-University of Science and Technology, Al. Mickiewicza 30, 30-059 Krakow, Poland; and Institute of Physics, Jagiellonian University, Reymonta 4, 30-059 Kraków, Poland']"
https://openalex.org/W2916220380,https://openalex.org/W1983657862,Surface Directed Phase Separation of Semiconductor Ferroelectric Polymer Blends and their Use in Non‐Volatile Memories,Albert J. J. M. van Breemen,https://openalex.org/A5075248581,Eindhoven University of Technology,"['Eindhoven University of Technology, P.O. Box 513, 5600 MB Eindhoven, The Netherlands', 'Holst Centre/TNO, High Tech Campus 31, Eindhoven, The Netherlands.']"
https://openalex.org/W2916220380,https://openalex.org/W1996575788,Phase Separation in Polyfluorene-Based Conjugated Polymer Blends: Lateral and Vertical Analysis of Blend Spin-Cast Thin Films,Ji‐Seon Kim,https://openalex.org/A5100411995,error,"['Cavendish Laboratory, Madingley Road, Cambridge CB3 0HE, UK, and Cambridge Display Technology Ltd., Madingley Road, Cambridge CB3 0TX, UK']"
https://openalex.org/W2916220380,https://openalex.org/W2012676153,Diffraction Line-Shape Analysis of Poly(3-dodecylthiophene): A Study of Layer Disorder through the Liquid Crystalline Polymer Transition,Ty J. Prosa,https://openalex.org/A5039416839,National Institute of Standards and Technology,"['National Institute of Standards and Technology, Gaithersburg, Maryland 20899, Department of Physics and IPOS, University of California, Santa Barbara, California 93105, and Department of Physics, University of Wisconsin, Madison, Wisconsin 53706']"
https://openalex.org/W2916220380,https://openalex.org/W2017457306,Elastic Moduli of Organic Electronic Materials by the Buckling Method,Dongha Tahk,https://openalex.org/A5072249039,Seoul National University,"['School of Chemical and Biological Engineering, Seoul National University, Seoul 151-744, Korea']"
https://openalex.org/W2916220380,https://openalex.org/W2020378474,An Order–Disorder Transition in the Conjugated Polymer MEH-PPV,Anna Köhler,https://openalex.org/A5035558194,University of Bayreuth,"['Organic Semiconductors, Experimental Physics II, Department\rof Physics and Bayreuth Institute of Macromolecular Science(BIMF), University of Bayreuth, Bayreuth 95440, Germany']"
https://openalex.org/W2916220380,https://openalex.org/W2021158547,Polymer-Polymer Phase Behavior,Frank S. Bates,https://openalex.org/A5069824583,University of Minnesota,"['Department of Chemical Engineering and Materials Science, University of Minnesota, Minneapolis, MN 55455']"
https://openalex.org/W2916220380,https://openalex.org/W2035649072,Determining exciton coherence from the photoluminescence spectral line shape in poly(3-hexylthiophene) thin films,Frank C. Spano,https://openalex.org/A5061558119,Temple University,"['Temple University 1 Department of Chemistry, , Philadelphia, Pennsylvania 19122, USA']"
https://openalex.org/W2916220380,https://openalex.org/W2046483131,Interplay between intrachain and interchain interactions in semiconducting polymer assemblies: The HJ-aggregate model,H. Yamagata,https://openalex.org/A5045137349,Temple University,"['Temple University Department of Chemistry, , Philadelphia, Pennsylvania 19122, USA']"
https://openalex.org/W2916220380,https://openalex.org/W2054807082,Ultrathinning-Induced Surface Phase Separation of Polystyrene/Poly(vinyl methyl ether) Blend Film,Keiji Tanaka,https://openalex.org/A5022872602,error,[]
https://openalex.org/W2916220380,https://openalex.org/W2067648569,An interfacial instability in a transient wetting layer leads to lateral phase separation in thin spin-cast polymer-blend films,Sasha Y. Heriot,https://openalex.org/A5058524952,University of Sheffield,"['Department of Physics and Astronomy, Hicks Building, Hounsfield Road, University of Sheffield, Sheffield, S3 7RH, UK']"
https://openalex.org/W2916220380,https://openalex.org/W2087761498,Modeling disorder in polymer aggregates: The optical spectroscopy of regioregular poly(3-hexylthiophene) thin films,Frank C. Spano,https://openalex.org/A5061558119,Temple University,"['Department of Chemistry, Temple University, Philadelphia, Pennsylvania 19122, USA. spano@temple.edu']"
https://openalex.org/W2916220380,https://openalex.org/W2101312448,Crystallization‐Induced Phase Separation in Solution‐Processed Small Molecule Bulk Heterojunction Organic Solar Cells,Alexander Sharenko,https://openalex.org/A5029087558,"University of California, Santa Barbara","['Center for Polymers and Organic Solids University of California  Santa Barbara CA 93106 USA', 'Materials Department University of California  Santa Barbara CA 93106 USA']"
https://openalex.org/W2916220380,https://openalex.org/W2102241594,Controlling the Interaction of Light with Polymer Semiconductors,Christoph Hellmann,https://openalex.org/A5017147893,Imperial College London,"['Department of Materials and Centre for Plastic Electronics, Imperial College London, London SW7 2AZ, UK']"
https://openalex.org/W2916220380,https://openalex.org/W2118750690,Phase separation of polymer blends in thin films,S. Reich,https://openalex.org/A5049282510,Weizmann Institute of Science,"['Department of Plastics Research, The Weizmann Institute of Science, Rehovot Israel.']"
https://openalex.org/W2916220380,https://openalex.org/W2123623917,Temperature‐Resolved Local and Macroscopic Charge Carrier Transport in Thin P3HT Layers,Patrick Pingel,https://openalex.org/A5028792266,University of Potsdam,"['Institute of Physics and Astronomy, University of Potsdam , Karl-Liebknecht-Straße 24-25, 14476 Potsdam, Germany.']"
https://openalex.org/W2916220380,https://openalex.org/W2132826051,H- and J-Aggregate Behavior in Polymeric Semiconductors,Frank C. Spano,https://openalex.org/A5061558119,Temple University,"['Department of Chemistry, Temple University, Philadelphia, Pennsylvania 19122;']"
https://openalex.org/W2916220380,https://openalex.org/W2137232838,Observation of Field‐Effect Transistor Behavior at Self‐Organized Interfaces,Lay‐Lay Chua,https://openalex.org/A5012640277,University of Cambridge,"['Cavendish Laboratory, University of Cambridge   Madingley Road, Cambridge CB3 0HE, UK']"
https://openalex.org/W2916220380,https://openalex.org/W2142910748,"Two-dimensional charge transport in self-organized, high-mobility conjugated polymers",Henning Sirringhaus,https://openalex.org/A5011763288,University of Cambridge,"['Cavendish Laboratory, University of Cambridge, Madingley Road, Cambridge, CB3 0HE, UK']"
https://openalex.org/W2916220380,https://openalex.org/W2143277447,Solution processing of polymer semiconductor: Insulator blends—Tailored optical properties through liquid–liquid phase separation control,Christoph Hellmann,https://openalex.org/A5017147893,Imperial College London,"['Department of Materials and Centre for Plastic Electronics, Imperial College London, London, SW7 2AZ United Kingdom']"
https://openalex.org/W2916220380,https://openalex.org/W2148103933,Multicomponent semiconducting polymer systems with low crystallization-induced percolation threshold,Shalom Goffri,https://openalex.org/A5005458283,University of Cambridge,"['Cavendish Laboratory, University of Cambridge, JJ Thomson Ave., Cambridge, CB3 0HE, UK']"
https://openalex.org/W2916220380,https://openalex.org/W2148442265,Experimental evidence that short-range intermolecular aggregation is sufficient for efficient charge transport in conjugated polymers,Suhao Wang,https://openalex.org/A5043283364,Linköping University,"['Laboratory of Organic Electronics, Department of Science and Technology, Linköping University, SE-60174, Norrköping, Sweden;']"
https://openalex.org/W2916220380,https://openalex.org/W2290126448,Photoinduced Anisotropic Assembly of Conjugated Polymers in Insulating Polymer Blends,Mincheol Chang,https://openalex.org/A5017712508,error,[]
https://openalex.org/W2916220380,https://openalex.org/W2315814813,Role of confinement and aggregation in charge transport in semicrystalline polythiophene thin films,Duc T. Duong,https://openalex.org/A5042854247,Stanford University,"['Department of Materials Science and Engineering, Stanford University, Stanford, California 94305, USA']"
https://openalex.org/W2916220380,https://openalex.org/W2316926514,Exciton Conformational Dynamics of Poly(3-hexylthiophene) (P3HT) in Solution from Time-Resolved Resonant-Raman Spectroscopy,Wenjian Yu,https://openalex.org/A5061764449,Johns Hopkins University,"['Department of Chemistry, Johns Hopkins University, Baltimore, Maryland 21218-2685, United States']"
https://openalex.org/W2916220380,https://openalex.org/W2317295043,Best of Both Worlds: Conjugated Polymers Exhibiting Good Photovoltaic Behavior and High Tensile Elasticity,Suchol Savagatrup,https://openalex.org/A5001355965,"University of California, San Diego","['Department of NanoEngineering, University of California, San Diego, 9500 Gilman Drive, Mail Code 0448, La Jolla, California 92093-0448, United States']"
https://openalex.org/W2916220380,https://openalex.org/W2318124898,J-Aggregate Behavior in Poly-3-hexylthiophene Nanofibers,Edwards T. Niles,https://openalex.org/A5030023549,University of New Mexico,"['Department\rof Chemistry and\rChemical Biology, University of New Mexico, Albuquerque, New Mexico\r87131, United States']"
https://openalex.org/W2916220380,https://openalex.org/W2333619897,Vertical Phase Separation in Small Molecule:Polymer Blend Organic Thin Film Transistors Can Be Dynamically Controlled,Kui Zhao,https://openalex.org/A5030483815,King Abdullah University of Science and Technology,['Solar and Photovoltaic Engineering Research Center (SPERC) Division of Physical Sciences and Engineering King Abdullah University of Science and Technology (KAUST) Thuwal 23955-6900 Saudi Arabia']
https://openalex.org/W2916220380,https://openalex.org/W2555879192,Toward Precision Control of Nanofiber Orientation in Conjugated Polymer Thin Films: Impact on Charge Transport,Ping‐Hsun Chu,https://openalex.org/A5061776044,Georgia Institute of Technology,"['School\rof Chemical and Biomolecular Engineering, ‡School of Chemistry and Biochemistry, and §School of Materials\rScience and Engineering, Georgia Institute of Technology, Atlanta, Georgia 30332, United States']"
https://openalex.org/W2916220380,https://openalex.org/W2564419855,Effective Use of Electrically Insulating Units in Organic Semiconductor Thin Films for High-Performance Organic Transistors,Boseok Kang,https://openalex.org/A5029346483,Pohang University of Science and Technology,"['Department of Chemical Engineering and Center for Advanced Soft Electronics, Pohang University of Science and Technology, Pohang, 37673 Korea']"
https://openalex.org/W2916220380,https://openalex.org/W2571051306,Highly stretchable polymer semiconductor films through the nanoconfinement effect,Jie Xu,https://openalex.org/A5033793189,Stanford University,"['Department of Chemical Engineering, Stanford University, Stanford, CA 94305, USA.']"
https://openalex.org/W2916220380,https://openalex.org/W2603679970,"Mechanical Properties of Organic Semiconductors for Stretchable, Highly Flexible, and Mechanically Robust Electronics",Samuel E. Root,https://openalex.org/A5008376213,"University of California, San Diego","['Department of NanoEngineering, University of California, San Diego, 9500 Gilman Drive, Mail Code 0448, La Jolla, California 92093-0448, United States']"
https://openalex.org/W2916220380,https://openalex.org/W2748094731,Versatile Interpenetrating Polymer Network Approach to Robust Stretchable Electronic Devices,Guoyan Zhang,https://openalex.org/A5037260087,Georgia Institute of Technology,"['Peking University, No. 5 Yiheyuan Road Haidian District, Beijing 100871, P.R. China', 'School\rof Chemical and Biomolecular Engineering, Georgia Institute of Technology, 311 Ferst Drive NW, Atlanta, Georgia 30332, United States']"
https://openalex.org/W2916220380,https://openalex.org/W2802088141,Skin-Inspired Electronics: An Emerging Paradigm,Sihong Wang,https://openalex.org/A5064222985,Stanford University,"['Department of Chemical Engineering, Stanford University, Stanford, California 94305, United States']"
https://openalex.org/W2916220380,https://openalex.org/W2803983715,High-<i>k</i> Gate Dielectrics for Emerging Flexible and Stretchable Electronics,Binghao Wang,https://openalex.org/A5013735803,Northwestern University,"['Department of Chemistry and the Materials Research Center, Northwestern University, 2145 Sheridan Road, Evanston, Illinois 60208, United States', 'Institute of Functional Nano & Soft Materials (FUNSOM), Jiangsu Key Laboratory for Carbon-Based Functional Materials and Devices, Soochow University, 199 Ren’ai Road, Suzhou 215123, China']"
https://openalex.org/W2916220380,https://openalex.org/W3149902986,Phase separation induced ordered patterns in thin polymer blend films,Longjian Xue,https://openalex.org/A5084211676,Osnabrück University,"['Institute for Chemistry, University of Osnabrück, Barbarastraße 7, 49069 Osnabrück, Germany']"
https://openalex.org/W2916220380,https://openalex.org/W4211244744,Urbach rule,M. V. Kurik,https://openalex.org/A5080301364,"Czech Academy of Sciences, Institute of Physics","['Institute of Physics, Ukrainian Academy of Sciences, Kier']"
https://openalex.org/W2922009072,https://openalex.org/W1972590175,Templating and structural engineering in organic–inorganic perovskites,David B. Mitzi,https://openalex.org/A5024058183,error,"['IBM T.J. Watson Research Center, P.O. Box 218, Yorktown Heights, USA']"
https://openalex.org/W2922009072,https://openalex.org/W1981910115,Cation-Induced Band-Gap Tuning in Organohalide Perovskites: Interplay of Spin–Orbit Coupling and Octahedra Tilting,Anna Amat,https://openalex.org/A5055306945,Institute of Molecular Science and Technologies,"['Computational\rLaboratory for Hybrid/Organic Photovoltaics (CLHYO), CNR-ISTM, Via Elce di\rSotto 8, I-06123, Perugia, Italy']"
https://openalex.org/W2922009072,https://openalex.org/W1983470112,Resolution in 13C NMR of organic solids using high-power proton decoupling and magic-angle sample spinning,David L. VanderHart,https://openalex.org/A5009175559,National Institute of Standards and Technology,"['Center for Materials Research, National Bureau of Standards, Washington, D. C. 20234, USA']"
https://openalex.org/W2922009072,https://openalex.org/W1991683341,Solid‐state lead‐207 NMR of lead(II) nitrate: Localized heating effects at high magic angle spinning speeds,Leon C. M. van Gorkom,https://openalex.org/A5035967545,UNSW Sydney,"['NMR Facility, UNSW, Sydney, 2052, Australia']"
https://openalex.org/W2922009072,https://openalex.org/W2004889883,Novel 〈110〉-Oriented Organic−Inorganic Perovskite Compound Stabilized by <i>N</i>-(3-Aminopropyl)imidazole with Improved Optical Properties,Yangyang Li,https://openalex.org/A5100356505,Chinese Academy of Sciences,"[""Key Laboratory of Rare Earth Chemistry and Physics, State Key Laboratory of Polymer Physics and Chemistry, and State Key Laboratory of Electroanalytical Chemistry, Changchun Institute of Applied Chemistry, Chinese Academy of Sciences, Changchun 130022, People's Republic of China, and Graduate School of the Chinese Academy of Sciences, Beijing 100049, People's Republic of China""]"
https://openalex.org/W2922009072,https://openalex.org/W2006889778,Organic−Inorganic Perovskites Containing Trivalent Metal Halide Layers: The Templating Influence of the Organic Cation Layer,David B. Mitzi,https://openalex.org/A5024058183,error,"['IBM T. J. Watson Research Center, P.O. Box 218, Yorktown Heights, New York 10598']"
https://openalex.org/W2922009072,https://openalex.org/W2027581929,Quadratic Elongation: A Quantitative Measure of Distortion in Coordination Polyhedra,Keith Robinson,https://openalex.org/A5090345516,Virginia Tech,"['Department of Geological Sciences, Virginia Polytechnic Institute and State University, Blacksbhurg 24061']"
https://openalex.org/W2922009072,https://openalex.org/W2031421753,"<sup>13</sup>C CP/MAS NMR Study of the Layered Compounds [C<sub>6</sub>H<sub>5</sub>CH<sub>2</sub>CH<sub>2</sub>NH<sub>3</sub>]<sub>2</sub>[CH<sub>3</sub>NH<sub>3</sub>]<sub>n - 1</sub>Pb<sub>n</sub>l<sub>3n+1</sub> (n = 1, 2)",Takahiro Ueda,https://openalex.org/A5090733376,National Institute for Materials Science,"['Department of Physical Chemistry, National Institute of Materials and Chemical Research. Tsukuba, Ibaraki 305, Japan']"
https://openalex.org/W2922009072,https://openalex.org/W2035982983,"Synthesis, Crystal Structure, and Optical and Thermal Properties of (C<sub>4</sub>H<sub>9</sub>NH<sub>3</sub>)<sub>2</sub>MI<sub>4</sub> (M = Ge, Sn, Pb)",David B. Mitzi,https://openalex.org/A5024058183,error,"['IBM T. J. Watson Research Center, P.O. Box 218, Yorktown Heights, New York 10598']"
https://openalex.org/W2922009072,https://openalex.org/W2036363681,"Synthesis and Characterization of [NH2C(I):NH2]3MI5 (M = Sn, Pb): Stereochemical Activity in Divalent Tin and Lead Halides Containing Single .ltbbrac.110.rtbbrac. Perovskite Sheets",Shumin Wang,https://openalex.org/A5100342185,error,[]
https://openalex.org/W2922009072,https://openalex.org/W2092557528,Importance of O⋯N interaction between nitro groups in crystals,Marek Daszkiewicz,https://openalex.org/A5022334974,Polish Academy of Sciences,"['Institute of Low Temperature and Structure Research, Polish Academy of Sciences, Okólna str. 2, P.O. Box 1410, 50-950 Wrocław, Poland']"
https://openalex.org/W2922009072,https://openalex.org/W2116694786,Structural diversity and retro-crystal engineering analysis of iodometalate hybrids,Nicolas Mercier,https://openalex.org/A5022461270,Centre National de la Recherche Scientifique,"['Chimie Ingénierie Moléculaire d’Angers UMR-CNRS 6200, 2 Bd Lavoisier, Angers, France']"
https://openalex.org/W2922009072,https://openalex.org/W2152034665,A Layered Hybrid Perovskite Solar‐Cell Absorber with Enhanced Moisture Stability,Ian C. P. Smith,https://openalex.org/A5103171807,Stanford University,"['Department of Chemistry, Stanford University, Stanford, CA 94305 (USA)']"
https://openalex.org/W2922009072,https://openalex.org/W2158821783,Self-Assembly of Broadband White-Light Emitters,Emma R. Dohner,https://openalex.org/A5038740144,Stanford University,"['Department of Chemistry and ‡Geballe Laboratory for Advanced Materials, Stanford University, Stanford, California 94305, United States']"
https://openalex.org/W2922009072,https://openalex.org/W2317884741,"Recombination Kinetics in Organic-Inorganic Perovskites: Excitons, Free Charge, and Subgap States",Samuel D. Stranks,https://openalex.org/A5077878068,University of Oxford,"['Department of Physics, University of Oxford, Parks Road, Oxford, OX1 3PU, United Kingdom']"
https://openalex.org/W2922009072,https://openalex.org/W2332549384,Intrinsic White-Light Emission from Layered Hybrid Perovskites,Emma R. Dohner,https://openalex.org/A5038740144,Stanford University,"['Department\rof Chemistry, Stanford University, Stanford, California 94305, United States']"
https://openalex.org/W2922009072,https://openalex.org/W2398196302,Crystal structure of a new hybrid compound based on an iodidoplumbate(II) anionic motif,Oualid Mokhnache,https://openalex.org/A5036498989,Tunis University,"['Laboratoire de Matériaux et Cristallochimie, Faculté des Sciences de Tunis, Université de Tunis El Manar, 2092 Manar II Tunis, Tunisia']"
https://openalex.org/W2922009072,https://openalex.org/W2415925171,Identification of Trap States in Perovskite Solar Cells,Andreas Baumann,https://openalex.org/A5101506461,Bavarian Center for Applied Energy Research,"['Bavarian Center for Applied Energy Research e.V. (ZAE Bayern), 97074 Würzburg, Germany']"
https://openalex.org/W2922009072,https://openalex.org/W2474894284,High-efficiency two-dimensional Ruddlesden–Popper perovskite solar cells,Hsinhan Tsai,https://openalex.org/A5053698047,Los Alamos National Laboratory,"['Los Alamos National Laboratory', 'Rice University [Houston]']"
https://openalex.org/W2922009072,https://openalex.org/W2569826227,One-dimensional organic lead halide perovskites with efficient bluish white-light emission,Yuan Zhao,https://openalex.org/A5075689961,Florida A&M University - Florida State University College of Engineering,"['Department of Chemical and Biomedical Engineering, FAMU-FSU College of Engineering, Florida State University, Tallahassee, 32310, Florida, USA']"
https://openalex.org/W2922009072,https://openalex.org/W2591676480,Extremely efficient internal exciton dissociation through edge states in layered 2D perovskites,Jean-Christophe Blancon,https://openalex.org/A5051551195,Los Alamos National Laboratory,"['Los Alamos National Laboratory, Los Alamos, NM 87545, USA.']"
https://openalex.org/W2922009072,https://openalex.org/W2597250731,White-Light Emission and Structural Distortion in New Corrugated Two-Dimensional Lead Bromide Perovskites,Lingling Mao,https://openalex.org/A5071764319,Northwestern University,"['Department of Chemistry and ‡Argonne-Northwestern Solar Energy Research (ANSER)\rCenter, Northwestern University, Evanston, Illinois 60208, United States']"
https://openalex.org/W2922009072,https://openalex.org/W2609347682,Structural origins of broadband emission from layered Pb–Br hybrid perovskites,Matthew D. Smith,https://openalex.org/A5101544465,Stanford University,"['Department of Chemistry, Stanford University, Stanford, California 94305, USA', 'Stanford', 'Stanford University', 'USA']"
https://openalex.org/W2922009072,https://openalex.org/W2740451316,"Two-Dimensional Lead(II) Halide-Based Hybrid Perovskites Templated by Acene Alkylamines: Crystal Structures, Optical Properties, and Piezoelectricity",Ke‐Zhao Du,https://openalex.org/A5069392017,error,[]
https://openalex.org/W2922009072,https://openalex.org/W2765814254,Bulk assembly of organic metal halide nanotubes,Haoran Lin,https://openalex.org/A5064217174,Florida A&M University - Florida State University College of Engineering,"['Department of Chemical and Biomedical Engineering, FAMU-FSU College of Engineering, Tallahassee, Florida 32310, USA', 'FAMU-FSU College of Engineering', 'Tallahassee', 'USA']"
https://openalex.org/W2922009072,https://openalex.org/W2769314396,Luminescent zero-dimensional organic metal halide hybrids with near-unity quantum efficiency,Chenkun Zhou,https://openalex.org/A5076622190,Florida A&M University - Florida State University College of Engineering,"['Department of Chemical and Biomedical Engineering, FAMU-FSU College of Engineering, Tallahassee, FL 32310, USA', 'Tallahassee', 'USA']"
https://openalex.org/W2922009072,https://openalex.org/W2788576766,Hybrid Dion–Jacobson 2D Lead Iodide Perovskites,Lingling Mao,https://openalex.org/A5071764319,error,['Northwestern University [Evanston]']
https://openalex.org/W2922009072,https://openalex.org/W2883056690,Organic–inorganic metal halide hybrids beyond perovskites,Chenkun Zhou,https://openalex.org/A5076622190,Florida A&M University - Florida State University College of Engineering,"['Department of Chemical and Biomedical Engineering, FAMU-FSU College of Engineering, Tallahassee, FL, USA']"
https://openalex.org/W2922009072,https://openalex.org/W2890644471,Structural Diversity in White-Light-Emitting Hybrid Lead Bromide Perovskites,Lingling Mao,https://openalex.org/A5071764319,error,['Northwestern University [Evanston]']
https://openalex.org/W2922009072,https://openalex.org/W2772587104,Stable biexcitons in two-dimensional metal-halide perovskites with strong dynamic lattice disorder,Félix Thouin,https://openalex.org/A5008622332,Georgia Institute of Technology,"['School of Physics, Georgia Institute of Technology, 837 State Street NW, Atlanta, Georgia 30332, USA']"
https://openalex.org/W2922009072,https://openalex.org/W2792120617,Exciton-polaron spectral structures in two-dimensional hybrid lead-halide perovskites,Stefanie Neutzner,https://openalex.org/A5090278446,Center for Nano Science and Technology,"['Center for Nano Science and Technology at PoliMi, Istituto Italiano di Tecnologia, via Giovanni Pascoli 70/3, 20133 Milano, Italy']"
https://openalex.org/W4323321629,https://openalex.org/W1975214565,"Gel Formation via Physical Cross-Linking in the Soluble Conjugated Polymer, Poly[2-methoxy-5-(2-ethylhexyloxy)-1,4-phenylenevinylene], in Solution by Addition of Alkanes",Po-Shen Wang,https://openalex.org/A5064668034,National Tsing Hua University,"['Department of Chemical Engineering, National Tsing-Hua University, Hsinchu, 30013 Taiwan, R.O.C.']"
https://openalex.org/W4323321629,https://openalex.org/W1979099516,"Role of chain entanglements on fiber formation during electrospinning of polymer solutions: good solvent, non-specific polymer–polymer interaction limit",Suresh L. Shenoy,https://openalex.org/A5030339502,Virginia Commonwealth University,"['Chemical and Life Sciences Engineering, Virginia Commonwealth University, 601 West Main Street, P.O. Box 843028, Richmond, VA 23284-3028, USA']"
https://openalex.org/W4323321629,https://openalex.org/W1997947072,"The impact of molecular weight on microstructure and charge transport in semicrystalline polymer semiconductors–poly(3-hexylthiophene), a model study",Felix P. Koch,https://openalex.org/A5104192367,Board of the Swiss Federal Institutes of Technology,"['Department of Materials, Eidgenössische Technische Hochssuchule (ETH), Zürich, Switzerland']"
https://openalex.org/W4323321629,https://openalex.org/W2012151136,Dramatic Inversion of Charge Polarity in Diketopyrrolopyrrole‐Based Organic Field‐Effect Transistors via a Simple Nitrile Group Substitution,Hui‐Jun Yun,https://openalex.org/A5039606694,Gyeongsang National University,"['School of Materials Science and Engineering &amp; Research Institute for Green Energy Convergence Technology (REGET) Gyeongsang National University  Jinju 660–701 South Korea', 'These authors contributed equally to this work.']"
https://openalex.org/W4323321629,https://openalex.org/W2015528135,"Electrospinning of linear homopolymers of poly(methyl methacrylate): exploring relationships between fiber formation, viscosity, molecular weight and concentration in a good solvent",Pankaj Gupta,https://openalex.org/A5023547963,Virginia Tech,"['Department of Chemical Engineering, Polymer Materials and Interfaces Laboratory, Virginia Polytechnic Institute and State University, Blacksburg, VA 24061, USA']"
https://openalex.org/W4323321629,https://openalex.org/W2020051588,25th Anniversary Article: Organic Field‐Effect Transistors: The Path Beyond Amorphous Silicon,Henning Sirringhaus,https://openalex.org/A5011763288,University of Cambridge,['Cavendish Laboratory University of Cambridge  Cambridge CB3 OHE UK']
https://openalex.org/W4323321629,https://openalex.org/W2034127677,Recent progress of high performance polymer OLED and OPV materials for organic printed electronics,Chizu Sekine,https://openalex.org/A5027051468,Sumitomo Chemical (Japan),"['Sumitomo Chemical Co. LTD, 6 Kitahara Tsukuba Ibaraki, Japan']"
https://openalex.org/W4323321629,https://openalex.org/W2036531934,Materials and Applications for Large Area Electronics: Solution-Based Approaches,Ana Claudia Arias,https://openalex.org/A5024409667,Palo Alto Research Center,"['Palo Alto Research Center, 3333 Coyote Hill Road, Palo Alto, California 94304']"
https://openalex.org/W4323321629,https://openalex.org/W2039598592,"High‐Performance Ambipolar Diketopyrrolopyrrole‐Thieno[3,2‐<i>b</i>]thiophene Copolymer Field‐Effect Transistors with Balanced Hole and Electron Mobilities",Zhuoying Chen,https://openalex.org/A5080615813,University of Cambridge,"['Cavendish Laboratory, Cambridge University, J J Thomson Avenue, Cambridge, CB3 0HE, UK.']"
https://openalex.org/W4323321629,https://openalex.org/W2048921321,A stable solution-processed polymer semiconductor with record high-mobility for printed transistors,Jun Li,https://openalex.org/A5100361681,"Agency for Science, Technology and Research","['Institute of Materials Research and Engineering, Agency for Science, Technology and Research, Singapore, 117602']"
https://openalex.org/W4323321629,https://openalex.org/W3103514251,Determining exciton bandwidth and film microstructure in polythiophene films using linear absorption spectroscopy,Jenny Clark,https://openalex.org/A5070060370,Politecnico di Milano,"['Politecnico di Milano 1 Dipartimento di Fisica, , Piazza Leonardo da Vinci, 32, Milano 20133, Italy']"
https://openalex.org/W4323321629,https://openalex.org/W2064492025,"Absorption in regio-regular poly(3-hexyl)thiophene thin films: Fermi resonances, interband coupling and disorder",Frank C. Spano,https://openalex.org/A5061558119,Temple University,"['Department of Chemistry, Temple University, Philadelphia, PA 19122, United States']"
https://openalex.org/W4323321629,https://openalex.org/W2067778667,π-Conjugated Polymers for Organic Electronics and Photovoltaic Cell Applications,Antonio Facchetti,https://openalex.org/A5055968109,Kyocera (United States),"['Polyera Corporation, 8045 Lamon Avenue, Skokie, Illinois 60077, United States, and Department of Chemistry and the Materials Research Center, Northwestern University, 2145 Sheridan Road, Evanston, Illinois 60208-3113, United States']"
https://openalex.org/W4323321629,https://openalex.org/W2079181239,Study of entanglement of polymers in solution by viscosity measurements,Samuel H. Maron,https://openalex.org/A5087458210,error,"['Physical Chemistry Loboratory, Department of Chemistry and Chemical Engineering, Case Institute of Technology, Cleveland, Ohio']"
https://openalex.org/W4323321629,https://openalex.org/W2087648453,Temperature-dependent behavior of conjugated polymers in solution,Chandralekha Singh,https://openalex.org/A5103500690,"University of California, Santa Barbara","['Department of Physics, University of California, Santa Barbara, CA?93106-9530, USA']"
https://openalex.org/W4323321629,https://openalex.org/W2091691688,Influence of Alkyl Chain Branching Positions on the Hole Mobilities of Polymer Thin‐Film Transistors,Ting Lei,https://openalex.org/A5029544498,Beijing National Laboratory for Molecular Sciences,"['Beijing National Laboratory for Molecular Sciences, The Key Laboratory of Bioorganic Chemistry and Molecular Engineering of Ministry of Education, College of Chemistry and Molecular Engineering, Peking University, Beijing 100871, China']"
https://openalex.org/W4323321629,https://openalex.org/W2093250097,"The influence of shear rate, temperature and chain conformation on the critical concentration c",E. Pierri,https://openalex.org/A5064136882,University of Patras,"['Department of Chemical Engineering, University of Patras,Patras,Greece']"
https://openalex.org/W4323321629,https://openalex.org/W2093652232,Highly π‐Extended Copolymers with Diketopyrrolopyrrole Moieties for High‐Performance Field‐Effect Transistors,Huajie Chen,https://openalex.org/A5010069772,Chinese Academy of Sciences,"['Beijing National Laboratory for Molecular Sciences, Institute of Chemistry, Chinese Academy of Sciences, PR China.']"
https://openalex.org/W4323321629,https://openalex.org/W2095473292,The Entanglement Concept in Polymer Systems,Roger S. Porter,https://openalex.org/A5042094743,error,[]
https://openalex.org/W4323321629,https://openalex.org/W2107948928,Simultaneous enhancement of charge generation quantum yield and carrier transport in organic solar cells,Ardalan Armin,https://openalex.org/A5047253437,Applied Photonics (United Kingdom),"['Australia', 'Brisbane 4072', 'Centre for Organic Photonics & Electronics (COPE)', 'School of Mathematics and Physics and School of Chemistry and Molecular Biosciences', 'The University of Queensland']"
https://openalex.org/W4323321629,https://openalex.org/W2113523992,Selenophene-DPP donor–acceptor conjugated polymer for high performance ambipolar field effect transistor and nonvolatile memory applications,Hsiang-Wei Lin,https://openalex.org/A5103462635,National Taiwan University,"['Institute of Polymer Science and Engineering, National Taiwan University, Taipei, Taiwan']"
https://openalex.org/W4323321629,https://openalex.org/W2115939762,Effect of Selenophene in a DPP Copolymer Incorporating a Vinyl Group for High‐Performance Organic Field‐Effect Transistors,Il‐Suk Kang,https://openalex.org/A5055968314,Gyeongsang National University,"['School of Materials Science and Engineering, Research Institute for Green Energy Convergence, Technology (REGET), Gyeongsang National University, Jinju 660-701, Korea']"
https://openalex.org/W4323321629,https://openalex.org/W2146149955,Entanglements in marginal solutions: a means of tuning pre-aggregation of conjugated polymers with positive implications for charge transport,Hanlin Hu,https://openalex.org/A5068499737,King Abdullah University of Science and Technology,"['King Abdullah University of Science and Technology (KAUST)', 'Physical Sciences and Engineering Division, Solar and Photovoltaic Engineering Research Center, King Abdullah University of Science and Technology (KAUST), Thuwal, Saudi Arabia', 'Saudi Arabia', 'Solar and Photovoltaic Engineering Research Center', 'Thuwal']"
https://openalex.org/W4323321629,https://openalex.org/W2239610429,Side-Chain-Induced Rigid Backbone Organization of Polymer Semiconductors through Semifluoroalkyl Side Chains,Boseok Kang,https://openalex.org/A5029346483,Pohang University of Science and Technology,"['Department of Chemical Engineering, Pohang University of Science and Technology, Pohang 790-784 (Korea)']"
https://openalex.org/W4323321629,https://openalex.org/W2317671948,"Water-Soluble Conjugated Polymers for Imaging, Diagnosis, and Therapy",Chunlei Zhu,https://openalex.org/A5010912107,Institute of Chemistry,"['Beijing National Laboratory for Molecular Sciences, Key\rLaboratory of Organic Solids, Institute of Chemistry, Chinese Academy\rof Sciences, Beijing 100190, P. R. China']"
https://openalex.org/W4323321629,https://openalex.org/W2322426357,Advances in Charge Carrier Mobilities of Semiconducting Polymers Used in Organic Transistors,Sarah Holliday,https://openalex.org/A5031774432,Imperial College London,"['Department of Chemistry and\rCentre for Plastic Electronics, Imperial College London, London SW7 2AZ, U.K.']"
https://openalex.org/W4323321629,https://openalex.org/W2339738535,Solution-Processed Donor-Acceptor Polymer Nanowire Network Semiconductors For High-Performance Field-Effect Transistors,Yanlian Lei,https://openalex.org/A5054293578,Hong Kong Baptist University,"['Department of Physics and Institute of Advanced Materials, Hong Kong Baptist University, Hong Kong, SAR, P. R. China']"
https://openalex.org/W4323321629,https://openalex.org/W2460246119,Avoid the kinks when measuring mobility,Iain McCulloch,https://openalex.org/A5034296749,King Abdullah University of Science and Technology,"['Department of Chemistry and Centre for Plastic Electronics, Imperial College London, London SW7 2AZ, UK.', 'King Abdullah University of Science and Technology, KSC, Thuwal 23955-6900, Saudi Arabia.']"
https://openalex.org/W4323321629,https://openalex.org/W2488738981,Introduction to Physical Polymer Science,L. H. Sperling,https://openalex.org/A5052669018,error,[]
https://openalex.org/W4323321629,https://openalex.org/W2505820139,Chain conformations and phase behavior of conjugated polymers,Brooke Kuei,https://openalex.org/A5027304838,Pennsylvania State University,"['Department of Materials Science and Engineering, The Pennsylvania State University, University Park, PA 16802, USA']"
https://openalex.org/W4323321629,https://openalex.org/W2513090195,"Dilute Semiflexible Polymers with Attraction: Collapse, Folding and Aggregation",Johannes Zierenberg,https://openalex.org/A5087924638,Leipzig University,"['Institut für Theoretische Physik, Universität Leipzig, Postfach 100 920, Leipzig D-04009, Germany']"
https://openalex.org/W4323321629,https://openalex.org/W2803919758,"Intrinsic charge-mobility in benzothieno[3,2-<i>b</i>][1]benzothiophene (BTBT) organic semiconductors is enhanced with long alkyl side-chains",Melisa Alkan,https://openalex.org/A5088223494,Marmara University,"['Marmara University', 'Physics Department, Marmara University, Ziverbey, Istanbul, Turkey', 'Turkey', 'Ziverbey']"
https://openalex.org/W4323321629,https://openalex.org/W2804118877,The meniscus-guided deposition of semiconducting polymers,Xiaodan Gu,https://openalex.org/A5089284339,Stanford University,"['Department of Chemical Engineering, Stanford University, Stanford, CA, 94305, USA']"
https://openalex.org/W4323321629,https://openalex.org/W2806425702,Unraveling the Main Chain and Side Chain Effects on Thin Film Morphology and Charge Transport in Quinoidal Conjugated Polymers,Xuncheng Liu,https://openalex.org/A5042611752,Lawrence Berkeley National Laboratory,"['Institute of Polymer Optoelectronic Materials and Devices, State Key Laboratory of Luminescent Materials and Devices, South China University of Technology, Guangzhou, 510640 P. R. China', 'The Molecular Foundry, Lawrence Berkeley National Laboratory, One Cyclotron Road, Berkeley, CA, 94720 USA']"
https://openalex.org/W4323321629,https://openalex.org/W2885513136,"Tutorial: Organic field-effect transistors: Materials, structure and operation",Zachary A. Lamport,https://openalex.org/A5018652898,Wake Forest University,"['Department of Physics and Center for Functional Materials, Wake Forest University , 1834 Wake Forest Rd., Winston Salem, North Carolina 27109, USA']"
https://openalex.org/W4323321629,https://openalex.org/W2896543564,Intrinsic Viscosity Determination of High Molecular Weight Biopolymers by Different Plot Methods. Chia Gum Case,Martin Alberto Masuelli,https://openalex.org/A5045180705,National University of San Luis,"['Laboratorio de Investigación y Servicios de Química Física (LISeQF-UNSL). Instituto de Física Aplicada-CONICET y FQByF-Universidad Nacional de San Luis, Ejercito de los Andes 950, ZC: 5700, San Luis, Argentina']"
https://openalex.org/W4323321629,https://openalex.org/W2901830692,Donor polymer based on alkylthiophene side chains for efficient non-fullerene organic solar cells: insights into fluorination and side chain effects on polymer aggregation and blend morphology,Jing Liu,https://openalex.org/A5100374944,HKUST Shenzhen Research Institute,"['China', 'Department of Chemistry and Hong Kong Branch of Chinese National Engineering Research Center for Tissue Restoration & Reconstruction, Hong Kong University of Science and Technology, Clear Water Bay, Kowloon, Hong Kong', 'Hong Kong University of Science and Technology', 'Shenzhen 518057', 'The Hong Kong University of Science and Technology-Shenzhen Research Institute, No. 9 Yuexing 1st RD, Hi-tech Park, Nanshan, Shenzhen 518057, China']"
https://openalex.org/W4323321629,https://openalex.org/W2904790099,Wafer‐Scale Fabrication of High‐Performance n‐Type Polymer Monolayer Transistors Using a Multi‐Level Self‐Assembly Strategy,Ze‐Fan Yao,https://openalex.org/A5065291790,Beijing National Laboratory for Molecular Sciences,"['Beijing National Laboratory for Molecular Sciences (BNLMS), Key Laboratory of Bioorganic Chemistry and Molecular Engineering of Ministry of Education, Key Laboratory of Polymer Chemistry and Physics of Ministry of Education, Center of Soft Matter Science and Engineering, College of Chemistry and Molecular Engineering, Peking University, Beijing, 100871 China']"
https://openalex.org/W4323321629,https://openalex.org/W2914997315,Self-assembly of donor–acceptor conjugated polymers induced by miscible ‘poor’ solvents,Yuyin Xi,https://openalex.org/A5071765020,University of Washington,"['Department of Chemical Engineering, University of Washington, Seattle, WA 98195, USA', 'Seattle', 'USA', 'University of Washington']"
https://openalex.org/W4323321629,https://openalex.org/W2944960926,Viscosity of Semidilute and Concentrated Nonentangled Flexible Polyelectrolytes in Salt-Free Solution,Carlos G. Lopez,https://openalex.org/A5001371851,RWTH Aachen University,"['Institute of Physical Chemistry, RWTH Aachen University, Landoltweg 2, 52056 Aachen, Germany']"
https://openalex.org/W4323321629,https://openalex.org/W2955901599,Impact of polymorphism on the optoelectronic properties of a low-bandgap semiconducting polymer,Mengmeng Li,https://openalex.org/A5100348215,Eindhoven University of Technology,"['Molecular Materials and Nanosystems, Institute for Complex Molecular Systems, Eindhoven University of Technology, P.O. Box 513, 5600 MB, Eindhoven, The Netherlands']"
https://openalex.org/W4323321629,https://openalex.org/W2969670714,Donor–Acceptor‐Conjugated Polymer for High‐Performance Organic Field‐Effect Transistors: A Progress Report,Minjun Kim,https://openalex.org/A5100406593,Pohang University of Science and Technology,"['Department of Chemical Engineering, Pohang University of Science and Technology (POSTECH), 77 Cheongam-ro, Nam-gu, Pohang, Gyeongbuk, 37673 South Korea']"
https://openalex.org/W4323321629,https://openalex.org/W2983205327,Understanding the Meniscus‐Guided Coating Parameters in Organic Field‐Effect‐Transistor Fabrications,Ming Chen,https://openalex.org/A5100423312,University of Hong Kong,"['Department of Mechanical Engineering, The University of Hong Kong, Pok Fu Lam Road, Hong Kong, China']"
https://openalex.org/W4323321629,https://openalex.org/W2988687465,Controlling the Microstructure of Conjugated Polymers in High‐Mobility Monolayer Transistors via the Dissolution Temperature,Mengmeng Li,https://openalex.org/A5100348215,Institute of Microelectronics,"['Dutch Institute For Fundamental Energy Research, De Zaale 20, 5612 AJ, Eindhoven, The Netherlands', 'Key Laboratory of Microelectronic Devices and Integrated Technology, Institute of Microelectronics, Chinese Academy of Sciences, Beijing, 100029 China', 'Molecular Materials and Nanosystems, Institute for Complex Molecular Systems, Eindhoven University of Technology, P.O. Box 513, 5600, MB Eindhoven, The Netherlands']"
https://openalex.org/W4323321629,https://openalex.org/W3018224705,Effect of post-deposition annealing temperature on the charge carrier mobility and morphology of DPPDTT based organic field effect transistors,Tahmina Afzal,https://openalex.org/A5088336671,University of the Punjab,"['Centre of Excellence in Solid State Physics, University of the Punjab, Lahore 54590, Pakistan']"
https://openalex.org/W4323321629,https://openalex.org/W3048661490,Tuning Intra and Intermolecular Interactions for Balanced Hole and Electron Transport in Semiconducting Polymers,Tanmoy Sarkar,https://openalex.org/A5014201145,Technion – Israel Institute of Technology,"['Department of Materials Science and Engineering, Technion Israel Institute of Technology, Haifa 32000, Israel']"
https://openalex.org/W4323321629,https://openalex.org/W3116124714,What Is the Assembly Pathway of a Conjugated Polymer From Solution to Thin Films?,Zhuang Xu,https://openalex.org/A5074488665,University of Illinois Urbana-Champaign,"['Department of Chemistry, University of Illinois Urbana-Champaign, Urbana, IL, United States']"
https://openalex.org/W4323321629,https://openalex.org/W3117779698,Vibronic exciton model for low bandgap donor–acceptor polymers,Mohammad Balooch Qarai,https://openalex.org/A5103017260,Temple University,"['Department of Chemistry, Temple University , Philadelphia, Pennsylvania 19122, USA']"
https://openalex.org/W4323321629,https://openalex.org/W3143454380,"Multicomponent Blend Systems Used in Organic Field-Effect Transistors: Charge Transport Properties, Large-Area Preparation, and Functional Devices",Yuchai Pan,https://openalex.org/A5082681295,Beijing National Laboratory for Molecular Sciences,"['Beijing National Laboratory for Molecular Sciences, CAS Research/Education Center for Excellence in Molecular Sciences, Institute of Chemistry, Chinese Academy of Sciences, Beijing 100190, P. R. China', 'School of Chemical Sciences, University of Chinese Academy of Sciences, Beijing 100049, P. R. China']"
https://openalex.org/W4323321629,https://openalex.org/W3189291595,Data Science Guided Experiments Identify Conjugated Polymer Solution Concentration as a Key Parameter in Device Performance,R. Venkatesh,https://openalex.org/A5015371248,Georgia Institute of Technology,"['School of Chemical and Biomolecular Engineering, Georgia Institute of Technology, 311 Ferst Drive Northwest, Atlanta, Georgia 30332, United States']"
https://openalex.org/W4323321629,https://openalex.org/W4205833006,The Solution is the Solution: Data-Driven Elucidation of Solution-to-Device Feature Transfer for π-Conjugated Polymer Semiconductors,Connor P. Callaway,https://openalex.org/A5026102828,University of Kentucky,"['Department of Chemistry & Center for Applied Energy Research, University of Kentucky, Lexington, Kentucky 40506-0055, United States']"
https://openalex.org/W4323321629,https://openalex.org/W4241082647,Handbook of Organic Materials for Electronic and Photonic Devices,error,error,error,error
https://openalex.org/W4323321629,https://openalex.org/W4280649949,Understanding Solution State Conformation and Aggregate Structure of Conjugated Polymers via Small Angle X-ray Scattering,Justin J. Kwok,https://openalex.org/A5029714229,University of Illinois Urbana-Champaign,"['Department of Materials Science and Engineering, University of Illinois at Urbana-Champaign, 1304 W. Green St., Urbana, Illinois 61801, United States']"
https://openalex.org/W4323321629,https://openalex.org/W4283206842,"Not All Aggregates Are Made the Same: Distinct Structures of Solution Aggregates Drastically Modulate Assembly Pathways, Morphology, and Electronic Properties of Conjugated Polymers",Zhuang Xu,https://openalex.org/A5074488665,University of Illinois Urbana-Champaign,"['Department of Chemistry, University of Illinois at Urbana-Champaign, 600 S. Mathews Avenue, Urbana, IL, 61801 USA']"
https://openalex.org/W4323321629,https://openalex.org/W4310464333,Competing single-chain folding and multi-chain aggregation pathways control solution-phase aggregate morphology of organic semiconducting polymers,Belinda J. Boehm,https://openalex.org/A5060410610,University of Adelaide,"['Department of Chemistry, School of Physical Sciences, The University of Adelaide, SA 5005, Australia']"
https://openalex.org/W3106016258,https://openalex.org/W1841857456,Enhanced Polymer Thin Film Transistor Performance by Carefully Controlling the Solution Self-Assembly and Film Alignment with Slot Die Coating,Jingjing Chang,https://openalex.org/A5100728377,National University of Singapore,"['Department of Chemistry National University of Singapore  3 Science Drive 3 117543 Singapore', 'Institute of Materials Research and Engineering (IMRE) A*STAR  3 Research Link 117602 Singapore']"
https://openalex.org/W3106016258,https://openalex.org/W1858465226,Natures of optical absorption transitions and excitation energy dependent photostability of diketopyrrolopyrrole (DPP)-based photovoltaic copolymers,Sebastian Wood,https://openalex.org/A5058492424,Imperial College London,"['Department of Physics and Centre for Plastic Electronics', 'Imperial College London', 'UK']"
https://openalex.org/W3106016258,https://openalex.org/W1968259945,A glass‐forming conjugated main‐chain liquid crystal polymer for polarized electroluminescence applications,Martin Grell,https://openalex.org/A5047442854,University of Sheffield,"['Department of Physics and Centre for Molecular Materials, The University of Sheffield, Hicks Building, Hounsfield Road, Sheffield S3 7RH (UK)']"
https://openalex.org/W3106016258,https://openalex.org/W1968555294,Assessing the width of Gaussian density of states in organic semiconductors,Francesco Maddalena,https://openalex.org/A5044061913,Center for Nano Science and Technology,"['Center for Nano Science and Technology @PoliMi, Istituto Italiano di Tecnologia, via Pascoli 70/3, 20133 Milano, Italy']"
https://openalex.org/W3106016258,https://openalex.org/W1970659402,Mapping Orientational Order of Charge-Probed Domains in a Semiconducting Polymer,Nicola Martino,https://openalex.org/A5058795368,Center for Nano Science and Technology,"['Center for Nano Science and Technology @PoliMi, Istituto Italiano di Tecnologia, Via G. Pascoli 70/3, 20133 Milano, Italy', 'Dipartimento di Fisica, Politecnico di Milano, Piazza L. da Vinci, 32, 20133 Milano, Italy']"
https://openalex.org/W3106016258,https://openalex.org/W1972333973,Role of Intermolecular Coupling in the Photophysics of Disordered Organic Semiconductors: Aggregate Emission in Regioregular Polythiophene,Jenny Clark,https://openalex.org/A5070060370,University of Cambridge,"['Cavendish Laboratory, University of Cambridge J. J. Thomson Avenue, Cambridge CB3 0HE, United Kingdom']"
https://openalex.org/W3106016258,https://openalex.org/W1973607760,"An Improved Optical Method for Determining the Order Parameter in Thin Oriented Molecular Films and Demonstration of a Highly Axial Dipole Moment for the Lowest Energy π–π* Optical Transition in Poly(9,9‐ dioctylfluorene‐<i>co</i>‐bithiophene)",Malte C. Gather,https://openalex.org/A5020466168,Imperial College London,"['Present address: Physical Chemistry Department, Universität zu Köln, Luxemburger Strasse 116, 50939 Köln, Germany', 'The Blackett Laboratory, Imperial College London, Prince Consort Road, London SW7 2AZ, UK']"
https://openalex.org/W3106016258,https://openalex.org/W1976849993,Organic semiconductors: A theoretical characterization of the basic parameters governing charge transport,Jean‐Luc Brédas,https://openalex.org/A5021231690,University of Arizona,"['Department of Chemistry, University of Arizona, Tucson, AZ 85721-0041; and Laboratory for Chemistry of Novel Materials, Center for Research on Molecular Electronics and Photonics, University of Mons-Hainaut, Place du Parc 20, B-7000 Mons, Belgium']"
https://openalex.org/W3106016258,https://openalex.org/W1980694956,Effect of interchain interactions on the absorption and emission of poly(3-hexylthiophene),P. J. Brown,https://openalex.org/A5033715114,University of Cambridge,"['University of Cambridge, Cavendish Laboratory, Madingley Road, Cambridge, Cambridgeshire, United Kingdom CB3 0HE']"
https://openalex.org/W3106016258,https://openalex.org/W1985119501,Aggregation in a High-Mobility n-Type Low-Bandgap Copolymer with Implications on Semicrystalline Morphology,Robert Steyrleuthner,https://openalex.org/A5073299286,error,[]
https://openalex.org/W3106016258,https://openalex.org/W1987849663,Advances in Molecular Design and Synthesis of Regioregular Polythiophenes,Itaru Osaka,https://openalex.org/A5051650296,Carnegie Mellon University,"['Department of Chemistry, Carnegie Mellon University, Pittsburgh, Pennsylvania 15213']"
https://openalex.org/W3106016258,https://openalex.org/W2012039698,Intramolecular Energy Hopping and Energy Trapping in Polyphenylene Dendrimers with Multiple Peryleneimide Donor Chromophores and a Terryleneimide Acceptor Trap Chromophore,Michael Maus,https://openalex.org/A5044785489,Max Planck Institute for Polymer Research,"['Contribution from the Department of Chemistry, Katholieke Universiteit Leuven, Celestijnenlaan 200F, 3001 Heverlee, Belgium and Max-Planck-Institut für Polymerforschung, Ackermannweg 10, 55128 Mainz, Germany']"
https://openalex.org/W3106016258,https://openalex.org/W2018107224,Origin of the different transport properties of electron and hole polarons in an ambipolar polyselenophene-based conjugated polymer,Zhuoying Chen,https://openalex.org/A5080615813,University of Cambridge,"['Cavendish Laboratory, Department of Physics, University of Cambridge, J J Thomson Avenue, Cambridge CB3 0HE, United Kingdom', 'Institut Matériaux Microélectronique Nanosciences de Provence, UMR CNRS 6242, Faculté des Sciences St Jérôme, Université Aix-Marseille III, 13397 Marseille cedex 20, France']"
https://openalex.org/W3106016258,https://openalex.org/W2025308916,Enhanced order and electronic delocalization in conjugated polymers oriented by gel processing in polyethylene,T.W. Hagler,https://openalex.org/A5077213579,"University of California, Santa Barbara","['Department of Physics and Institute for Polymers and Organic Solids, University of California, Santa Barbara, Santa Barbara, California 93106']"
https://openalex.org/W3106016258,https://openalex.org/W2025939244,Recent Advances in the Development of Semiconducting DPP‐Containing Polymers for Transistor Applications,Christian B. Nielsen,https://openalex.org/A5090427477,Imperial College London,"['Department of Chemistry and Centre for Plastic Electronics, Imperial College London, London SW7 2AZ, United Kingdom']"
https://openalex.org/W3106016258,https://openalex.org/W2031185845,"The red-phase of poly[2-methoxy-5-(2-ethylhexyloxy)-1,4-phenylenevinylene] (MEH-PPV): A disordered HJ-aggregate",H. Yamagata,https://openalex.org/A5045137349,Temple University,"['Temple University 1 Department of Chemistry, , Philadelphia, Pennsylvania 19122, USA']"
https://openalex.org/W3106016258,https://openalex.org/W2031509125,High Mobility Ambipolar Charge Transport in Polyselenophene Conjugated Polymers,Zhuoying Chen,https://openalex.org/A5080615813,University of Cambridge,"['University of Cambridge, UK.']"
https://openalex.org/W3106016258,https://openalex.org/W2034427537,Large modulation of carrier transport by grain-boundary molecular packing and microstructure in organic thin films,Jonathan Rivnay,https://openalex.org/A5066036682,Stanford University,"['Department of Materials Science and Engineering, Stanford University, Stanford, California 94305, USA.']"
https://openalex.org/W3106016258,https://openalex.org/W2038828985,Nature of Charge Carriers in a High Electron Mobility Naphthalenediimide Based Semiconducting Copolymer,Valerio D’Innocenzo,https://openalex.org/A5062319571,Center for Nano Science and Technology,"['Center for Nano Science and Technology @PoliMi, Istituto Italiano di Tecnologia, Via Giovanni Pascoli 70/3, 20133 Milan, Italy', 'Dipartimento di Fisica, Politecnico di Milano, Piazza L. da Vinci, 32, 20133 Milano, Italy']"
https://openalex.org/W3106016258,https://openalex.org/W2046483131,Interplay between intrachain and interchain interactions in semiconducting polymer assemblies: The HJ-aggregate model,H. Yamagata,https://openalex.org/A5045137349,Temple University,"['Temple University Department of Chemistry, , Philadelphia, Pennsylvania 19122, USA']"
https://openalex.org/W3106016258,https://openalex.org/W2048898873,High‐Mobility Field‐Effect Transistors Fabricated with Macroscopic Aligned Semiconducting Polymers,Hsin‐Rong Tseng,https://openalex.org/A5087267964,"University of California, Santa Barbara","['Center for Polymer and Organic Solids Mitsubishi Chemical Center for Advanced Materials University of California, Santa Barbara  Santa Barbara CA 93106 United States']"
https://openalex.org/W3106016258,https://openalex.org/W2049012067,The art of aligning one-dimensional (1D) nanostructures,Bin Su,https://openalex.org/A5000486867,Beijing National Laboratory for Molecular Sciences,"['Beijing National Laboratory for Molecular Sciences (BNLMS), Key Laboratory of Organic Solids, Institute of Chemistry, Chinese Academy of Sciences (ICCAS), Beijing, P. R. China']"
https://openalex.org/W3106016258,https://openalex.org/W2052948883,Mobility enhancement in conjugated polymer field-effect transistors through chain alignment in a liquid-crystalline phase,Henning Sirringhaus,https://openalex.org/A5011763288,University of Cambridge,"['Cavendish Laboratory, University of Cambridge, Madingley Road, Cambridge, CB3\u2009OHE\u2009United Kingdom']"
https://openalex.org/W3106016258,https://openalex.org/W2053442354,The electronic states of polyfluorene copolymers with alternating donor-acceptor units,Kim G. Jespersen,https://openalex.org/A5072354565,Lund University,"['Department of Chemical Physics, Lund University, Kemicentrum, Getingevägen 60, SE-22100\u2009Lund, Sweden']"
https://openalex.org/W3106016258,https://openalex.org/W2054810869,"A general relationship between disorder, aggregation and charge transport in conjugated polymers",Rodrigo Noriega,https://openalex.org/A5002553841,"University of California, Berkeley","['Department of Applied Physics, Stanford University, Stanford, California 94305, USA', 'Present addresses: Department of Chemistry, University of California Berkeley, 94720, USA (R.N.); Department of Bioelectronics, Ecole Nationale Supérieure des Mines, CMP-EMSE, MOC, 13541 Gardanne, France (J.R.),']"
https://openalex.org/W3106016258,https://openalex.org/W3103514251,Determining exciton bandwidth and film microstructure in polythiophene films using linear absorption spectroscopy,Jenny Clark,https://openalex.org/A5070060370,Politecnico di Milano,"['Politecnico di Milano 1 Dipartimento di Fisica, , Piazza Leonardo da Vinci, 32, Milano 20133, Italy']"
https://openalex.org/W3106016258,https://openalex.org/W2067314254,Monodomain alignment of thermotropic fluorene copolymers,Martin Grell,https://openalex.org/A5047442854,error,[]
https://openalex.org/W3106016258,https://openalex.org/W2068539433,Employing ∼100% Excitons in OLEDs by Utilizing a Fluorescent Molecule with Hybridized Local and Charge‐Transfer Excited State,Weijun Li,https://openalex.org/A5100359314,Jilin University,['State Key Lab of Supramolecular Structure and Materials Jilin University  2699 Qianjin Avenue Changchun 130012 PR China']
https://openalex.org/W3106016258,https://openalex.org/W2076386857,Morphology-dependent energy transfer within polyfluorene thin films,Amena L. T. Khan,https://openalex.org/A5009963219,University of Cambridge,"['Cavendish Laboratory, University of Cambridge, Madingley Road, Cambridge CB3 0HE, United Kingdom']"
https://openalex.org/W3106016258,https://openalex.org/W2076892610,Toward Printed Integrated Circuits based on Unipolar or Ambipolar Polymer Semiconductors,Kang-Jun Baeg,https://openalex.org/A5049311878,Korea Electrotechnology Research Institute,"['Nano Carbon Materials Research Group, Korea Electrotechnology Research Institute (KERI), 12, Bulmosan-ro 10beon-gil, Seongsan-gu, Changwon, Gyeongsangnam-do 642-120, Republic of Korea.']"
https://openalex.org/W3106016258,https://openalex.org/W2082306860,High mobility diketopyrrolopyrrole (DPP)-based organic semiconductor materials for organic thin film transistors and photovoltaics,Yuning Li,https://openalex.org/A5035017369,University of Waterloo,"['Department of Chemical Engineering and Waterloo Institute for Nanotechnology (WIN), University of Waterloo, 200 University Ave West, Waterloo, Canada']"
https://openalex.org/W3106016258,https://openalex.org/W2083958150,Optical spectroscopy of field-induced charge in self-organized high mobility poly(3-hexylthiophene),P. J. Brown,https://openalex.org/A5033715114,University of Cambridge,"['Optoelectronics Group, Cavendish Laboratory, Madingley Road, Cambridge CB3 OHE, United Kingdom']"
https://openalex.org/W3106016258,https://openalex.org/W2090566266,Interplay of Thermochromicity and Liquid Crystalline Behavior in Poly(<i>p-</i>phenyleneethynylene)s: π−π Interactions or Planarization of the Conjugated Backbone?,Tzenka Miteva,https://openalex.org/A5060525370,error,"['Department of Chemistry and Biochemistry, The University of South Carolina, Columbia, South Carolina 29208, Max-Planck-Institut für Polymerforschung, Ackermannweg 10, 55021 Mainz, FRG, and Institut für Physik, Universität Potsdam, Am Neuen Palais 10, 14469 Potsdam, FRG']"
https://openalex.org/W3106016258,https://openalex.org/W2094474552,High Mobility Field Effect Transistors Based on Macroscopically Oriented Regioregular Copolymers,Hsin-Rong Tseng,https://openalex.org/A5103530064,"University of California, Santa Barbara","['Center\rfor Polymers and Organic Solids, ‡Department of Materials, and §Department of Physics, University of California—Santa\rBarbara, Santa Barbara, California 93106, United States']"
https://openalex.org/W3106016258,https://openalex.org/W2106055916,A Highly Planar Fluorinated Benzothiadiazole‐Based Conjugated Polymer for High‐Performance Organic Thin‐Film Transistors,Benjamin Nketia‐Yawson,https://openalex.org/A5090065216,Dongguk University,"['Department of Energy and Materials Engineering, Dongguk University, 26 Pil-dong, 3 ga, Jung-gu, Seoul, 100-715 South Korea']"
https://openalex.org/W3106016258,https://openalex.org/W2118795950,LD spectroscopy of natural and synthetic biomaterials,Matthew R. Hicks,https://openalex.org/A5102787143,University of Warwick,"['Dept. of Chemistry, University of Warwick,Coventry,UK']"
https://openalex.org/W3106016258,https://openalex.org/W2132826051,H- and J-Aggregate Behavior in Polymeric Semiconductors,Frank C. Spano,https://openalex.org/A5061558119,Temple University,"['Department of Chemistry, Temple University, Philadelphia, Pennsylvania 19122;']"
https://openalex.org/W3106016258,https://openalex.org/W2135123757,Solution coating of large-area organic semiconductor thin films with aligned single-crystalline domains,Ying Diao,https://openalex.org/A5036684590,Stanford University,"['Department of Chemical Engineering, Stanford University, Stanford, California 94305, USA,']"
https://openalex.org/W3106016258,https://openalex.org/W2137902085,Sub-Micrometer Charge Modulation Microscopy of a High Mobility Polymeric n-Channel Field-Effect Transistor,Calogero Sciascia,https://openalex.org/A5000826349,Center for Nano Science and Technology,"['Center for Nano Science and Technology @PoliMi, Istituto Italiano di Tecnologia, Via Pascoli 70/3, 20133 Milano, Italy']"
https://openalex.org/W3106016258,https://openalex.org/W2141008036,Organic Field-Effect Transistors,Gilles Horowitz,https://openalex.org/A5064881341,error,[]
https://openalex.org/W3106016258,https://openalex.org/W2157866373,Unidirectional coating technology for organic field-effect transistors: materials and methods,Huabin Sun,https://openalex.org/A5036300634,Collaborative Innovation Center of Advanced Microstructures,"['School of Electronic Science and Engineering, Collaborative Center of Advanced Microstructures, National Laboratory of Solid-State Microstructures, Nanjing University, Nanjing 210093, People’s Republic of China']"
https://openalex.org/W3106016258,https://openalex.org/W2159355928,The Spectral Signatures of Frenkel Polarons in H- and J-Aggregates,Frank C. Spano,https://openalex.org/A5061558119,Temple University,"['Department of Chemistry, Temple University, Philadelphia, Pennsylvania 19122']"
https://openalex.org/W3106016258,https://openalex.org/W2160494719,A molecular design principle of lyotropic liquid-crystalline conjugated polymers with directed alignment capability for plastic electronics,Bong-Gi Kim,https://openalex.org/A5045310865,University of Michigan–Ann Arbor,"['Macromolecular Science and Engineering, University of Michigan, Ann Arbor, Michigan 48109, USA']"
https://openalex.org/W3106016258,https://openalex.org/W2165425142,Unification of trap-limited electron transport in semiconducting polymers,Herman T. Nicolai,https://openalex.org/A5052520989,University of Groningen,"['Molecular Electronics, Zernike Institute for Advanced Materials, University of Groningen, Nijenborgh 4, 9747 AG, Groningen, The Netherlands']"
https://openalex.org/W3106016258,https://openalex.org/W2167088931,Ultra-high mobility transparent organic thin film transistors grown by an off-centre spin-coating method,Yongbo Yuan,https://openalex.org/A5011729462,University of Nebraska–Lincoln,"['Department of Mechanical and Materials Engineering and Nebraska Center for Materials and Nanoscience, University of Nebraska-Lincoln, Lincoln, 68588-0656, Nebraska, USA']"
https://openalex.org/W3106016258,https://openalex.org/W2168036745,Structural Changes Accompanying Intramolecular Electron Transfer: Focus on Twisted Intramolecular Charge-Transfer States and Structures,Zbigniew R. Grabowski,https://openalex.org/A5090176145,Jan Kochanowski University,"['Institute of Physical Chemistry, Polish Academy of Sciences, Warsaw, Poland, and Institute of Chemistry, Akademia Świȩtokrzyska, Chȩcińska 5, 25-020 Kielce, Poland']"
https://openalex.org/W3106016258,https://openalex.org/W2252665526,Precisely Controlled Ultrathin Conjugated Polymer Films for Large Area Transparent Transistors and Highly Sensitive Chemical Sensors,Dongyoon Khim,https://openalex.org/A5071725303,Dongguk University,"['Department of Energy and Materials Engineering, Dongguk University, 30 Pildong-ro, 1-gil, Jung-gu, Seoul, 04620 Republic of Korea', 'Present address: Department of Physics and Centre for Plastic Electronics, Blackett Laboratory, Imperial College London, London, SW7 2AZ, UK']"
https://openalex.org/W3106016258,https://openalex.org/W2273029215,Macroscopic and high-throughput printing of aligned nanostructured polymer semiconductors for MHz large-area electronics,Sadir Gabriele Bucella,https://openalex.org/A5075964093,Center for Nano Science and Technology,"['Center for Nano Science and Technology @PoliMi, Istituto Italiano di Tecnologia, Via Pascoli 70/3, Milano, 20133, Italy']"
https://openalex.org/W3106016258,https://openalex.org/W2292293051,"Photo- and electroluminescence of ambipolar, high-mobility, donor-acceptor polymers",Martin Held,https://openalex.org/A5013204671,Heidelberg University,"['Universität Heidelberg, Institute for Physical Chemistry, 69120 Heidelberg, Germany']"
https://openalex.org/W3106016258,https://openalex.org/W2298364254,Direct Uniaxial Alignment of a Donor–Acceptor Semiconducting Polymer Using Single-Step Solution Shearing,Leo Shaw,https://openalex.org/A5010820593,Stanford University,"['Department\rof Chemical Engineering, Stanford University, Stanford, California 94305, United States']"
https://openalex.org/W3106016258,https://openalex.org/W2312551585,"Absorption, Circular Dichroism, and Photoluminescence in Perylene Diimide Bichromophores: Polarization-Dependent H- and J-Aggregate Behavior",Kurt A. Kistler,https://openalex.org/A5044971113,Pennsylvania State University,"['Department of Chemistry, Pennsylvania State University, Brandywine Campus Media, Pennsylvania 19063, United States']"
https://openalex.org/W3106016258,https://openalex.org/W2318523723,Electron and hole polaron accumulation in low-bandgap ambipolar donor-acceptor polymer transistors imaged by infrared microscopy,Omar Khatib,https://openalex.org/A5022100994,"University of California, San Diego","['Department of Physics, University of California, San Diego, La Jolla, California 92093, USA']"
https://openalex.org/W3106016258,https://openalex.org/W2319804123,High-Temperature Rubbing: A Versatile Method to Align π-Conjugated Polymers without Alignment Substrate,Laure Biniek,https://openalex.org/A5005804426,Institut Charles Sadron,"['Institut\rCharles Sadron, CNRS- Université de Strasbourg, 23 rue\rdu loess, 67034, Strasbourg, France']"
https://openalex.org/W3106016258,https://openalex.org/W2323282278,Dependence of Crystallite Formation and Preferential Backbone Orientations on the Side Chain Pattern in PBDTTPD Polymers,Abdulrahman El Labban,https://openalex.org/A5010318065,King Abdullah University of Science and Technology,['King Abdullah University of Science and Technology']
https://openalex.org/W3106016258,https://openalex.org/W2325816149,Simultaneous Control over both Molecular Order and Long-Range Alignment in Films of the Donor–Acceptor Copolymer,Haiyang Wang,https://openalex.org/A5100438270,State Key Laboratory of Polymer Physics and Chemistry,"[""State Key Laboratory of Polymer Physics and Chemistry, Changchun Institute of Applied Chemistry, Chinese Academy of Sciences, 5625 Renmin Street,Changchun 130022,People's Republic of China""]"
https://openalex.org/W3106016258,https://openalex.org/W2326390995,"The Role of Regioregularity, Crystallinity, and Chain Orientation on Electron Transport in a High-Mobility n-Type Copolymer",Robert Steyrleuthner,https://openalex.org/A5073299286,University of Potsdam,"['Institut\rfür Physik und Astronomie, Universität Potsdam, Karl-Liebknecht-Str.\r24-25, 14476 Potsdam, Germany']"
https://openalex.org/W3106016258,https://openalex.org/W2326956512,"HJ-Aggregate Behavior of Crystalline 7,8,15,16-Tetraazaterrylene: Introducing a New Design Paradigm for Organic Materials",H. Yamagata,https://openalex.org/A5045137349,Temple University,"['Department\rof Chemistry, Temple University, Philadelphia, Pennsylvania 19122, United States']"
https://openalex.org/W3106016258,https://openalex.org/W2330749018,Quantum-Chemical Insights into the Prediction of Charge Transport Parameters for a Naphthalenetetracarboxydiimide-Based Copolymer with Enhanced Electron Mobility,Daniele Fazzi,https://openalex.org/A5034082492,Center for Nano Science and Technology,"['Center for Nano Science and Technology @ PoliMi, Istituto Italiano di Tecnologia, Via Pascoli 70/3, 20133 Milano, Italy']"
https://openalex.org/W3106016258,https://openalex.org/W2337771521,High-Performance Organic Field-Effect Transistors with Directionally Aligned Conjugated Polymer Film Deposited from Pre-Aggregated Solution,Nam-Koo Kim,https://openalex.org/A5045709826,Gwangju Institute of Science and Technology,[]
https://openalex.org/W3106016258,https://openalex.org/W2347884365,Exploring the origin of high optical absorption in conjugated polymers,Michelle S. Vezie,https://openalex.org/A5008368914,Imperial College London,"['Centre for Plastic Electronics and Department of Physics, Imperial College London, Prince Consort Road, London SW7 2AZ, UK']"
https://openalex.org/W3106016258,https://openalex.org/W2392659847,Remarkable enhancement of charge carrier mobility of conjugated polymer field-effect transistors upon incorporating an ionic additive,Hongjie Luo,https://openalex.org/A5054722889,Beijing National Laboratory for Molecular Sciences,"['Beijing National Laboratory for Molecular Sciences, Organic Solids Laboratory, Institute of Chemistry, Chinese Academy of Sciences, Beijing 100190, China.']"
https://openalex.org/W3106016258,https://openalex.org/W2404045298,High‐Mobility Naphthalene Diimide and Selenophene‐Vinylene‐Selenophene‐Based Conjugated Polymer: n‐Channel Organic Field‐Effect Transistors and Structure–Property Relationship,Min Jae Sung,https://openalex.org/A5055469177,Gyeongsang National University,"['School of Materials Science & Engineering and ERI, Gyeongsang National University, 501 Jinju Daero, Jinju, 660-701 South Korea']"
https://openalex.org/W3106016258,https://openalex.org/W2517058404,Polarized Absorption in Crystalline Pentacene: Theory vs Experiment,Nicholas J. Hestand,https://openalex.org/A5061801939,Temple University,"['Department\rof Chemistry, Temple University, Philadelphia, Pennsylvania 19122, United States']"
https://openalex.org/W3106016258,https://openalex.org/W2564647023,Ambipolar charge distribution in donor–acceptor polymer field-effect transistors,Xin Yu Chin,https://openalex.org/A5047472603,Nanyang Technological University,"['Division of Physics and Applied Physics, School of Physical and Mathematical Sciences, Nanyang Technological University, 21 Nanyang Link, Singapore 637371', 'Nanyang Technological University', 'School of Physical and Mathematical Sciences', 'Singapore 637371']"
https://openalex.org/W3106016258,https://openalex.org/W2580273561,A Role of Side-Chain Regiochemistry of Thienylene–Vinylene–Thienylene (TVT) in the Transistor Performance of Isomeric Polymers,So‐Huei Kang,https://openalex.org/A5076725763,Ulsan National Institute of Science and Technology,"['Department\rof Energy Engineering, School of Energy and Chemical Engineering,\rPerovtronics Research Center, Low Dimensional Carbon Materials Center, Ulsan National Institute of Science and Technology (UNIST), 50 UNIST-gil, Ulju-gun, Ulsan 44919, South Korea']"
https://openalex.org/W3106016258,https://openalex.org/W2588212695,Enhanced Davydov Splitting in Crystals of a Perylene Diimide Derivative,Ashli Austin,https://openalex.org/A5027650150,Lafayette College,"['Department\rof Chemistry, Lafayette College, Easton, Pennsylvania 18042, United States']"
https://openalex.org/W3106016258,https://openalex.org/W2603654426,Regioregular narrow-bandgap-conjugated polymers for plastic electronics,Lei Ying,https://openalex.org/A5041923029,South China University of Technology,"['State Key Laboratory of Luminescent Materials and Devices, Institute of Polymer Optoelectronic Materials and Devices, South China University of Technology, Guangzhou, 510640, China']"
https://openalex.org/W3106016258,https://openalex.org/W2622630909,Effect of pre-aggregation in conjugated polymer solution on performance of diketopyrrolopyrrole-based organic field-effect transistors,Melaku Dereje Mamo,https://openalex.org/A5020957870,Dongguk University,"['Department of Energy and Materials Engineering, Dongguk University, 30 Pildong-ro, 1-gil, Jung-gu, Seoul 04620, Republic of Korea']"
https://openalex.org/W3106016258,https://openalex.org/W2747990313,Influence of Simultaneous Tuning of Molecular Weights and Alkyl Substituents of Poly(thienoisoindigo-<i>alt</i>-naphthalene)s on Morphology and Change Transport Properties,Hye Jin Cho,https://openalex.org/A5020324093,Ulsan National Institute of Science and Technology,[]
https://openalex.org/W3106016258,https://openalex.org/W2799566423,Expanded Theory of H- and J-Molecular Aggregates: The Effects of Vibronic Coupling and Intermolecular Charge Transfer,Nicholas J. Hestand,https://openalex.org/A5061801939,Temple University,"['Department of Chemistry, Temple University, Philadelphia, Pennsylvania 19122, United States']"
https://openalex.org/W3117664348,https://openalex.org/W1590264442,"Raman Spectroscopy: Principles, Bene.ts, and Applications",Melissa M. Mariani,https://openalex.org/A5103492475,Icahn School of Medicine at Mount Sinai,"['Mount Sinai School of Medicine, Department of Developmental & Regenerative Biology, One Gustave L. Levy Place, New York, NY 10029, USA']"
https://openalex.org/W3117664348,https://openalex.org/W1886046708,Epilepsy Treatment: Controlling Epileptiform Activity with Organic Electronic Ion Pumps (Adv. Mater. 20/2015),Adam Williamson,https://openalex.org/A5012563992,Aix-Marseille Université,"['Aix Marseille Université INS, UMR_S 1106  13005 Marseille France', 'Inserm UMR_S 1106  13005 Marseille France']"
https://openalex.org/W3117664348,https://openalex.org/W1965434391,Electrochromic organic and polymeric materials for display applications,Roger J. Mortimer,https://openalex.org/A5003203843,University of Florida,"['The George and Josephine Butler Polymer Research Laboratory, Department of Chemistry, Center for Macromolecular Sciences and Engineering, University of Florida, Gainesville, FL 32611, USA']"
https://openalex.org/W3117664348,https://openalex.org/W1972277019,In vivo recordings of brain activity using organic transistors,Dion Khodagholy,https://openalex.org/A5010668757,Mines Saint-Étienne,"['Ecole Nationale Supérieure des Mines de Saint-Etienne, Centre Microélectronique de Provence (EMSE-CMP)']"
https://openalex.org/W3117664348,https://openalex.org/W1981192087,Structural Model of Regioregular Poly(3-hexylthiophene) Obtained by Electron Diffraction Analysis,Navaphun Kayunkid,https://openalex.org/A5001870558,Université de Strasbourg,"['Institut Charles Sadron, CNRS-Université de Strasbourg, 23 rue du Loess, 67034 Strasbourg, France']"
https://openalex.org/W3117664348,https://openalex.org/W1981696091,Conjugated Polymer Actuators for Biomedical Applications,Elisabeth Smela,https://openalex.org/A5088261669,error,[]
https://openalex.org/W3117664348,https://openalex.org/W1991557939,Evidence of a Novel Side Chain Structure in Regioregular Poly(3-alkylthiophenes),Ty J. Prosa,https://openalex.org/A5039416839,University of Wisconsin–Madison,"['Department of Physics, University of Wisconsin, Madison, Wisconsin 53706']"
https://openalex.org/W3117664348,https://openalex.org/W2003991218,Charge-transfer excitons in strongly coupled organic semiconductors,Jean‐François Glowe,https://openalex.org/A5065542811,Université de Montréal,"['UdeM - Université de Montréal (2900 Boulevard Edouard-Montpetit, Montréal, QC H3T 1J4 - Canada)']"
https://openalex.org/W3117664348,https://openalex.org/W2004515385,"Polarons, bipolarons, and solitons in conducting polymers",Jean‐Luc Brédas,https://openalex.org/A5021231690,error,['IBM']
https://openalex.org/W3117664348,https://openalex.org/W2008766615,The influence of the structural defects and microscopic aggregation of poly(3-alkylthiophenes) on electrochemical and optical properties of the polymer films: discussion of an origin of redox peaks in the cyclic voltammograms,Magdalena Skompska,https://openalex.org/A5050601645,University of Warsaw,"['Laboratory of Electrochemistry, Department of Chemistry, University of Warsaw, ul. Pasteura 1, 02 093 Warsaw, Poland']"
https://openalex.org/W3117664348,https://openalex.org/W2009456380,"In Situ Spectroelectrochemical Raman Studies of Poly(3,4-ethylenedioxythiophene) (PEDT)",S. Garreau,https://openalex.org/A5016489762,Institut des Matériaux Jean Rouxel,"['Laboratoire de Physique Cristalline, Institut des Matériaux de Nantes, B.P. 32229, 44322 Nantes Cedex 3, France']"
https://openalex.org/W3117664348,https://openalex.org/W2010302203,"Studies of dopant effects in poly(3,4-ethylenedi-oxythiophene) using Raman spectroscopy",William W. Chiu,https://openalex.org/A5041201111,University of Auckland,"['Polymer Electronics Research Centre, Department of Chemistry, The University of Auckland, Private Bag 92019, Auckland, New Zealand']"
https://openalex.org/W3117664348,https://openalex.org/W2012781661,Designing conducting polymer-based sensors: selective ionochromic response in crown ether-containing polythiophenes,Michael J. Marsella,https://openalex.org/A5053620260,error,[]
https://openalex.org/W3117664348,https://openalex.org/W2042707645,Organic Electrode Materials for Rechargeable Lithium Batteries,Yanliang Liang,https://openalex.org/A5043474041,Nankai University,"['Key Laboratory of Advanced Energy Materials Chemistry, (Ministry of Education), Chemistry College, Nankai University, Tianjin 300071, China.']"
https://openalex.org/W3117664348,https://openalex.org/W2043008793,Enzymatic sensing with organic electrochemical transistors,Daniel A. Bernards,https://openalex.org/A5075044871,Cornell University,"['Cornell University, Ithaca, NY, USA']"
https://openalex.org/W3117664348,https://openalex.org/W2044688936,Organic Electrochemical Transistors for Clinical Applications,P. Leleux,https://openalex.org/A5004485471,Mines Saint-Étienne,"['Department of Bioelectronics Ecole Nationale Supérieure des Mines  CMP‐EMSE, MOC 13541 Gardanne France', 'INSERM, UMR_S 1106, F‐13005 Marseille, France Aix‐Marseille Université  F‐13005 Marseille France', ""MicroVitae Technologies, Pôle d'Activité Y. Morandat  1480 rue d'Arménie 13120 Gardanne France""]"
https://openalex.org/W3117664348,https://openalex.org/W2048400654,Electrochemical properties of luminescent polymers and polymer light-emitting electrochemical cells,Yongfang Li,https://openalex.org/A5100694086,"University of California, Santa Barbara","['Institute for Polymers and Organic Solids, University of California at Santa Barbara, Santa Barbara, CA 93106-5090, USA']"
https://openalex.org/W3117664348,https://openalex.org/W2054810869,"A general relationship between disorder, aggregation and charge transport in conjugated polymers",Rodrigo Noriega,https://openalex.org/A5002553841,"University of California, Berkeley","['Department of Applied Physics, Stanford University, Stanford, California 94305, USA', 'Present addresses: Department of Chemistry, University of California Berkeley, 94720, USA (R.N.); Department of Bioelectronics, Ecole Nationale Supérieure des Mines, CMP-EMSE, MOC, 13541 Gardanne, France (J.R.),']"
https://openalex.org/W3117664348,https://openalex.org/W2059148518,Resonance Chemical Imaging of Polythiophene/Fullerene Photovoltaic Thin Films: Mapping Morphology-Dependent Aggregated and Unaggregated C═C Species,Yongqian Gao,https://openalex.org/A5100951626,University of New Mexico,"['Department of Chemistry and Chemical Biology, University of New Mexico, Albuquerque, New Mexico 87131']"
https://openalex.org/W3117664348,https://openalex.org/W2059263224,The organic electrochemical transistor for biological applications,Xenofon Strakosas,https://openalex.org/A5085890600,Mines Saint-Étienne,"['Department of Bioelectronics Ecole Nationale Supérieure des Mines CMP‐EMSE, MOC, 880 avenue de Mimet 13541 Gardanne France', 'Xenofon Strakosas and Manuelle Bongo contributed equally to this work.']"
https://openalex.org/W3117664348,https://openalex.org/W3103514251,Determining exciton bandwidth and film microstructure in polythiophene films using linear absorption spectroscopy,Jenny Clark,https://openalex.org/A5070060370,Politecnico di Milano,"['Politecnico di Milano 1 Dipartimento di Fisica, , Piazza Leonardo da Vinci, 32, Milano 20133, Italy']"
https://openalex.org/W3117664348,https://openalex.org/W2066620132,"Vibrational spectroscopy and structure of polymer electrolytes, poly(ethylene oxide) complexes of alkali metal salts",B. L. Papke,https://openalex.org/A5002212341,Northwestern University,"['Department of Chemistry and Materials Research Center, Northwestern University, Evanston, IL 60201, U.S.A.']"
https://openalex.org/W3117664348,https://openalex.org/W2072231531,"Highly conducting polyparaphenylene, polypyrrole, and polythiophene chains: An<i>ab initio</i>study of the geometry and electronic-structure modifications upon doping",Jean‐Luc Brédas,https://openalex.org/A5021231690,University of Namur,"['Laboratoire de Chimie Théorique Appliquée Facultés Universitaires Notre-Dame de la Paix rue de Bruxelles, 61 B-5000 Namur, Belgium']"
https://openalex.org/W3117664348,https://openalex.org/W2074546090,Tuning of the aqueous electroactivity of substituted poly(thiophene)s by ether groups,Jean Roncali,https://openalex.org/A5037633237,Centre National de la Recherche Scientifique,"['Laboratoire des Matériaux Moléculaires, CNRS ER 241, 2 rue Henry Dunant, 94320 Thiais France']"
https://openalex.org/W3117664348,https://openalex.org/W2078853455,Conducting-polymer-based supercapacitor devices and electrodes,Graeme A. Snook,https://openalex.org/A5007454868,CSIRO Manufacturing,"['CSIRO Process Science and Engineering, Box 312, Clayton South, Victoria 3169, Australia']"
https://openalex.org/W3117664348,https://openalex.org/W2092227202,Electrical conductivity in ionic complexes of poly(ethylene oxide),Peter V. Wright,https://openalex.org/A5103470073,University of Sheffield,"['Department of Ceramics, Glasses and Polymers, University of Sheffield S10 2TZ']"
https://openalex.org/W3117664348,https://openalex.org/W2094133943,The chemical and structural origin of efficient p-type doping in P3HT,Duc T. Duong,https://openalex.org/A5042854247,Stanford University,"['Department of Materials Science and Engineering Stanford University, Stanford CA 94305, USA']"
https://openalex.org/W3117664348,https://openalex.org/W2117881244,Electronic control of Ca2+ signalling in neuronal cells using an organic electronic ion pump,Joakim Isaksson,https://openalex.org/A5057559353,Linköping University,"['Department of Science and Technology, Campus Norrköping, Linköpings Universitet, SE-601 74 Norrköping, Sweden']"
https://openalex.org/W3117664348,https://openalex.org/W2120029574,"Buckled, Stretchable Polypyrrole Electrodes for Battery Applications",Caiyun Wang,https://openalex.org/A5100658468,University of Wollongong,"['ARC Centre of Excellence for Electromaterials Science, Intelligent Polymer Research Institute, University of Wollongong, NSW 2522, Australia']"
https://openalex.org/W3117664348,https://openalex.org/W2132826051,H- and J-Aggregate Behavior in Polymeric Semiconductors,Frank C. Spano,https://openalex.org/A5061558119,Temple University,"['Department of Chemistry, Temple University, Philadelphia, Pennsylvania 19122;']"
https://openalex.org/W3117664348,https://openalex.org/W2134249793,Printable All‐Organic Electrochromic Active‐Matrix Displays,Peter Andersson Ersman,https://openalex.org/A5068553326,Linköping University,"['ITN, Linköpings Universitet, 601 74 Norrköping (Sweden)']"
https://openalex.org/W3117664348,https://openalex.org/W2139364364,Dynamic Processes in Sandwich Polymer Light‐Emitting Electrochemical Cells,Stephan van Reenen,https://openalex.org/A5076221668,Eindhoven University of Technology,"['Department of Applied Physics, Eindhoven University of Technology, PO Box 513, 5600 MB, Eindhoven, The Netherlands']"
https://openalex.org/W3117664348,https://openalex.org/W2155999340,Exciton‐Charge Annihilation in Organic Semiconductor Films,Justin M. Hodgkiss,https://openalex.org/A5079771199,MacDiarmid Institute for Advanced Materials and Nanotechnology,"['Cavendish Laboratory, Department of Physics, University of Cambridge, Cambridge, CB3 0HE, UK', 'MacDiarmid Institute for Advanced, Materials and Nanotechnology, School of Chemical and Physical Sciences, Victoria University of Wellington, Wellington, PO Box 600, New Zealand']"
https://openalex.org/W3117664348,https://openalex.org/W2157059098,Pump-Probe Spectroscopy in Organic Semiconductors: Monitoring Fundamental Processes of Relevance in Optoelectronics,Juan Cabanillas‐González,https://openalex.org/A5011067692,Madrid Institute for Advanced Studies,"['Instituto Madrileño de Estudios Avanzados en Nanociencia, (IMDEA-Nanociencia), Cantoblanco, 28049–Madrid, Spain']"
https://openalex.org/W3117664348,https://openalex.org/W2158732141,Electrochromic devices based on soluble and processable dioxythiophene polymersElectronic supplementary information (ESI) available: details of the synthesis of PProDOT(CH2OC18H37)2 and PProDOT(CH2OEtHx)2 and their polymerization. See http://www.rsc.org/suppdata/jm/b3/b306365h/,Ali Çırpan,https://openalex.org/A5065417392,University of Florida,"['Department of Chemistry, Center for Macromolecular Sciences and Engineering, University of Florida, Gainesville, USA']"
https://openalex.org/W3117664348,https://openalex.org/W2159663024,Simultaneous Electronic and Ionic Conduction in a Block Copolymer: Application in Lithium Battery Electrodes,Anna E. Javier,https://openalex.org/A5091040126,Lawrence Berkeley National Laboratory,"['Department of Chemical Engineering, University of California at Berkeley, Berkeley, CA 94720 (USA)', 'Environmental Energy Technologies Division, Lawrence Berkeley National Laboratory (LBNL), Berkeley, CA 94720 (USA)']"
https://openalex.org/W3117664348,https://openalex.org/W2252926782,Ultrafast decoherence dynamics govern photocarrier generation efficiencies in polymer solar cells,Eleonora Vella,https://openalex.org/A5039522745,Regroupement Québécois sur les Matériaux de Pointe,"['Department of Physics and Regroupement québécois sur les matériaux de pointe, Université de Montréal, C.P. 6128, Succursale centre-ville, Montréal, H3C 3J7, Canada']"
https://openalex.org/W3117664348,https://openalex.org/W2315814813,Role of confinement and aggregation in charge transport in semicrystalline polythiophene thin films,Duc T. Duong,https://openalex.org/A5042854247,Stanford University,"['Department of Materials Science and Engineering, Stanford University, Stanford, California 94305, USA']"
https://openalex.org/W3117664348,https://openalex.org/W2319820076,Characterization of the Polymer Energy Landscape in Polymer:Fullerene Bulk Heterojunctions with Pure and Mixed Phases,Sean Sweetnam,https://openalex.org/A5020864770,Stanford University,"['Materials\rScience and Engineering Department, Stanford University, Stanford, California 94305-4034, United States']"
https://openalex.org/W3117664348,https://openalex.org/W2321831642,Optical measurement of doping efficiency in poly(3-hexylthiophene) solutions and thin films,Chenchen Wang,https://openalex.org/A5100363978,Stanford University,"['Department of Applied Physics, Stanford University, Stanford, California 94305, USA']"
https://openalex.org/W3117664348,https://openalex.org/W2331068783,The Nature of In-Plane Skeleton Raman Modes of P3HT and Their Correlation to the Degree of Molecular Order in P3HT:PCBM Blend Thin Films,Wing Chung Tsoi,https://openalex.org/A5049956167,Imperial College London,"['Department of Physics and Centre for Plastic Electronics, Imperial College London, London SW7\u20092AZ, United Kingdom', 'National Physical Laboratory (NPL), Teddington, Middlesex TW11\u20090LW, United Kingdom']"
https://openalex.org/W3117664348,https://openalex.org/W2335393164,"Oligoethylene-Glycol-Functionalized Polyoxythiophenes for Cell Engineering: Syntheses, Characterizations, and Cell Compatibilities",Haichao Zhao,https://openalex.org/A5091292878,RIKEN Advanced Science Institute,"['Yu Initiative Research Unit, RIKEN Advanced Science Institute, 2-1 Hirosawa, Wako, Saitama 351-0198,\rJapan']"
https://openalex.org/W3117664348,https://openalex.org/W2336569366,Structural control of mixed ionic and electronic transport in conducting polymers,Jonathan Rivnay,https://openalex.org/A5066036682,Mines Saint-Étienne,"['Department of Bioelectronics, Ecole Nationale Supérieure des Mines, CMP-EMSE, MOC, Gardanne, 13541, France']"
https://openalex.org/W3117664348,https://openalex.org/W2464811097,Organic Bioelectronics: Bridging the Signaling Gap between Biology and Technology,Daniel T. Simon,https://openalex.org/A5017161153,Linköping University,"['Laboratory\rof Organic Electronics, Department of Science and Technology, Linköping University, 60174 Norrköping, Sweden']"
https://openalex.org/W3117664348,https://openalex.org/W2490309669,Conducting Polymers for Pseudocapacitive Energy Storage,Aimee M. Bryan,https://openalex.org/A5089290208,Washington University in St. Louis,"['Department\rof Chemistry, Washington University in St. Louis, St. Louis, Missouri 63130, United States']"
https://openalex.org/W3117664348,https://openalex.org/W2530175031,Controlling the mode of operation of organic transistors through side-chain engineering,Alexander Giovannitti,https://openalex.org/A5072114407,Imperial College London,"['Department of Chemistry and Centre for Plastic Electronics, Imperial College London, London SW7 2AZ, United Kingdom;']"
https://openalex.org/W3117664348,https://openalex.org/W2607738424,Excitonic coupling dominates the homogeneous photoluminescence excitation linewidth in semicrystalline polymeric semiconductors,Pascal Grégoire,https://openalex.org/A5090176524,Regroupement Québécois sur les Matériaux de Pointe,"['Département de Physique and Regroupement québécois sur les matériaux de pointe, Université de Montréal, Case Postale 6128, succursale Centre-ville, Montréal H3C 3J7, Canada']"
https://openalex.org/W3117664348,https://openalex.org/W2626620820,Electrochemical strain microscopy probes morphology-induced variations in ion uptake and performance in organic electrochemical transistors,Rajiv Giridharagopal,https://openalex.org/A5061053574,University of Washington,"['Department of Chemistry, University of Washington, Seattle, Washington 98195, USA']"
https://openalex.org/W3117664348,https://openalex.org/W2738297906,Impact of Organic Semiconductor Microstructure on Transport: Basic Concepts,Alberto Salleo,https://openalex.org/A5075568011,Stanford University,"['Department of Materials Science and Engineering, Stanford University, Stanford CA 94305, USA']"
https://openalex.org/W3117664348,https://openalex.org/W2767417486,"Flexible, aqueous-electrolyte supercapacitors based on water-processable dioxythiophene polymer/carbon nanotube textile electrodes",Augustus W. Lang,https://openalex.org/A5081333048,AID Atlanta,"['Atlanta', 'Georgia Institute of Technology', 'School of Materials Science and Engineering, Georgia Institute of Technology, Atlanta, Georgia, USA', 'USA']"
https://openalex.org/W3117664348,https://openalex.org/W2787602475,"Thermoelectric Properties of Poly(3-hexylthiophene) (P3HT) Doped with 2,3,5,6-Tetrafluoro-7,7,8,8-tetracyanoquinodimethane (F<sub>4</sub>TCNQ) by Vapor-Phase Infiltration",Eunhee Lim,https://openalex.org/A5101996865,"University of California, Santa Barbara","['Materials\rDepartment, University of California, Santa Barbara, California 93106, United States']"
https://openalex.org/W3117664348,https://openalex.org/W2800128614,The Photophysics of Polythiophene Nanoparticles for Biological Applications,Ilaria Bargigia,https://openalex.org/A5084084531,Center for Nano Science and Technology,"['Center for Nano Science and Technology @Polimi, Istituto Italiano di Tecnologia, via Pascoli 70/3, 20133 Milano, Italy']"
https://openalex.org/W3117664348,https://openalex.org/W2884871524,Active Materials for Organic Electrochemical Transistors,Erica Zeglio,https://openalex.org/A5036184776,ARC Centre of Excellence for Electromaterials Science,"['Intelligent Polymer Research Institute, ARC Centre of Excellence for Electromaterials Science, AIIM Facility, Innovation Campus, University of Wollongong, Wollongong, NSW, 2522 Australia']"
https://openalex.org/W3117664348,https://openalex.org/W2891358078,X‐Ray Scattering Reveals Ion‐Induced Microstructural Changes During Electrochemical Gating of Poly(3‐Hexylthiophene),Elayne M. Thomas,https://openalex.org/A5001401098,"University of California, Santa Barbara",['Materials Department University of California Santa Barbara Santa Barbara CA 93106 USA']
https://openalex.org/W3117664348,https://openalex.org/W2898181038,Balancing Charge Storage and Mobility in an Oligo(Ether) Functionalized Dioxythiophene Copolymer for Organic‐ and Aqueous‐ Based Electrochemical Devices and Transistors,Lisa R. Savagian,https://openalex.org/A5023814723,Georgia Institute of Technology,"['School of Chemistry and Biochemistry, School of Materials Science and Engineering, Center for Organic Photonics and Electronics, Georgia Tech Polymer Network, Georgia Institute of Technology, Atlanta, GA, 30332 USA']"
https://openalex.org/W3117664348,https://openalex.org/W2904278165,"Materials in Organic Electrochemical Transistors for Bioelectronic Applications: Past, Present, and Future",Maximilian Moser,https://openalex.org/A5090435394,Imperial College London,"['Department of Chemistry and Centre for Plastic Electronics, Imperial College London, London, SW7 2AZ UK']"
https://openalex.org/W3117664348,https://openalex.org/W2904636712,Linear Artificial Muscle Based on Ionic Electroactive Polymer: A Rational Design for Open‐Air and Vacuum Actuation,Adelyne Fannir,https://openalex.org/A5076157339,CY Cergy Paris Université,"['Laboratoire de Physicochimie des Polymères et des Interfaces (LPPI, EA2528)Institut des MateriauxUniversité de Cergy‐Pontoise 5 mail Gay Lussac Neuville sur Oise 95031 Cergy‐Pontoise France']"
https://openalex.org/W3117664348,https://openalex.org/W2909980704,Managing Local Order in Conjugated Polymer Blends via Polarity Contrast,Matthew Dyson,https://openalex.org/A5019471999,Eindhoven University of Technology,"['Department of Physics and Centre for Plastic Electronics, Imperial College London, Exhibition Road, London SW7 2AZ, U.K.', 'Molecular Materials and Nanosystems, Institute for Complex Molecular Systems, Eindhoven University of Technology, P.O. Box 513, 5600 MB Eindhoven, The Netherlands']"
https://openalex.org/W3117664348,https://openalex.org/W2911012458,Ion Electron–Coupled Functionality in Materials and Devices Based on Conjugated Polymers,Magnus Berggren,https://openalex.org/A5088574290,Linköping University,['Laboratory of Organic Electronics Department of Science and Technology Linköping University  SE‐601 74 Norrköping Sweden']
https://openalex.org/W3117664348,https://openalex.org/W2916455373,Polymer Crystallinity Controls Water Uptake in Glycol Side-Chain Polymer Organic Electrochemical Transistors,Lucas Q. Flagg,https://openalex.org/A5065043914,University of Washington,"['Department of Chemistry, University of Washington, Seattle, Washington 98195, United States']"
https://openalex.org/W3117664348,https://openalex.org/W2918121100,"Nonaggregating Doped Polymers Based on Poly(3,4-Propylenedioxythiophene)",Amir Mazaheripour,https://openalex.org/A5008803053,"University of California, Santa Barbara","['Materials Department, University of California, Santa Barbara, Santa Barbara, California 93106, United States']"
https://openalex.org/W3117664348,https://openalex.org/W2927761179,Disentangling Redox Properties and Capacitance in Solution-Processed Conjugated Polymers,Anna M. Österholm,https://openalex.org/A5026497978,Georgia Institute of Technology,"['School of Chemistry and Biochemistry, School of Materials Science and Engineering, Center for Organic Photonics and Electronics, Georgia Tech Polymer Network, Georgia Institute of Technology, Atlanta, Georgia 30332, United States']"
https://openalex.org/W3117664348,https://openalex.org/W2937698100,How conducting polymer electrodes operate,Magnus Berggren,https://openalex.org/A5088574290,Linköping University,"['Laboratory of Organic Electronics, ITN, Linköping University, Linköping, Sweden.']"
https://openalex.org/W3117664348,https://openalex.org/W2939531314,Highly selective chromoionophores for ratiometric Na<sup>+</sup>sensing based on an oligoethyleneglycol bridged bithiophene detection unit,Maximilian Moser,https://openalex.org/A5090435394,Imperial College London,"['Department of Chemistry and Centre for Plastic Electronics, Imperial College London, London, UK', 'London', 'UK']"
https://openalex.org/W3117664348,https://openalex.org/W2955017877,Intersystem Subpopulation Charge Transfer and Conformational Relaxation Preceding <i>in Situ</i> Conductivity in Electrochemically Doped Poly(3-hexylthiophene) Electrodes,Jonathan Harris,https://openalex.org/A5047994933,Rogers (United States),"['Department of Materials Science and Engineering, University of Arizona, 1235 E. James E. Rogers Way, Tucson, Arizona 85721, United States']"
https://openalex.org/W3117664348,https://openalex.org/W2969761778,Organic mixed ionic–electronic conductors,Bryan D. Paulsen,https://openalex.org/A5073456011,Northwestern University,"['Department of Biomedical Engineering, Northwestern University, Evanston, IL, USA']"
https://openalex.org/W3117664348,https://openalex.org/W2971435914,Ultimately Sensitive Organic Bioelectronic Transistor Sensors by Materials and Device Structure Design,Rosaria Anna Picca,https://openalex.org/A5016908432,University of Bari Aldo Moro,"['Centre for Colloid and Surface Science Università degli Studi di Bari “Aldo Moro”  Bari 70125 Italy', 'Dipartimento di Chimica Università degli Studi di Bari “Aldo Moro”  Bari 70125 Italy']"
https://openalex.org/W3117664348,https://openalex.org/W2996034877,Structural effects on the charge transport properties of chemically and electrochemically doped dioxythiophene polymers,Sandra L. Pittelli,https://openalex.org/A5025416456,Georgia Institute of Technology,"['Center for Organic Photonics and Electronics', 'Georgia Institute of Technology', 'Georgia Tech Polymer Network', 'School of Chemistry and Biochemistry, School of Materials Science and Engineering, Center for Organic Photonics and Electronics, Georgia Tech Polymer Network, Georgia Institute of Technology, Atlanta, GA, USA', 'School of Materials Science and Engineering']"
https://openalex.org/W3117664348,https://openalex.org/W2996399233,Excited State Dynamics of a Self‐Doped Conjugated Polyelectrolyte,Δήμητρα Τσόκκου,https://openalex.org/A5029891003,University of Bern,"['Department of Chemistry and Biochemistry, University of Bern, Freiestrasse 3, 3012 Bern, Switzerland']"
https://openalex.org/W3117664348,https://openalex.org/W3014069552,A Reversible Structural Phase Transition by Electrochemically-Driven Ion Injection into a Conjugated Polymer,Connor G. Bischak,https://openalex.org/A5048628755,University of Washington,"['Department of Chemistry, University of Washington, Seattle, Washington 98195-1700, United States']"
https://openalex.org/W3117664348,https://openalex.org/W3033827564,Identification of the local electrical properties of crystalline and amorphous domains in electrochemically doped conjugated polymer thin films,Hemanth Maddali,https://openalex.org/A5005469375,"Rutgers, The State University of New Jersey","['Department of Chemistry and Chemical Biology, Rutgers University, 610 Taylor Road., Piscataway, NJ, USA', 'Rutgers University', 'USA']"
https://openalex.org/W3117664348,https://openalex.org/W3045063152,Ethylene Glycol-Based Side Chain Length Engineering in Polythiophenes and its Impact on Organic Electrochemical Transistor Performance,Maximilian Moser,https://openalex.org/A5090435394,Imperial College London,"['Department of Chemistry and Centre for Plastic Electronics, Imperial College London, London W12 0BZ, United Kingdom']"
https://openalex.org/W3117664348,https://openalex.org/W3087717276,Decoupling Critical Parameters in Large-Range Crystallinity-Controlled Polypyrrole-Based High-Performance Organic Electrochemical Transistors,Ji Hwan Kim,https://openalex.org/A5101788736,Gwangju Institute of Science and Technology,"['School of Materials Science and Engineering, Gwanju Institute of Science and Technology, 123 Cheomdangwagi-ro, Buk-gu, Gwangju 61005, Republic of Korea']"
https://openalex.org/W3117664348,https://openalex.org/W3092292999,Ion diffusion coefficients in poly(3-alkylthiophenes) for energy conversion and biosensing: role of side-chain length and microstructure,Jonathan Harris,https://openalex.org/A5047994933,University of Arizona,"['Department of Chemical Engineering, University of Arizona, 1133 E. James E Rogers Way, Tucson Arizona 85721, USA', 'Tucson Arizona 85721', 'USA', 'University of Arizona']"
https://openalex.org/W3117664348,https://openalex.org/W4211040736,Organic electrochemical transistors,Jonathan Rivnay,https://openalex.org/A5066036682,Northwestern University,"['Department of Biomedical Engineering, Northwestern University, Evanston, IL, USA']"
https://openalex.org/W3094207821,https://openalex.org/W1893773386,Charge Separation in Semicrystalline Polymeric Semiconductors by Photoexcitation: Is the Mechanism Intrinsic or Extrinsic?,Francis Paquin,https://openalex.org/A5018079250,Regroupement Québécois sur les Matériaux de Pointe,"['Département de physique and Regroupement québécois sur les matériaux de pointe, Université de Montréal, C.P. 6128, Succursale centre-ville, Montréal (Québec), H3C 3J7, Canada']"
https://openalex.org/W3094207821,https://openalex.org/W1969108262,Enthalpy Recovery in Nanometer to Micrometer Thick Polystyrene Films,Virginie M. Boucher,https://openalex.org/A5065643864,Material Physics Center,"['Centro de Física de Materiales (CSIC-UPV/EHU), Paseo Manuel de Lardizabal\r5, 20018 San Sebastián, Spain']"
https://openalex.org/W3094207821,https://openalex.org/W1990245069,Absolute Measurement of Domain Composition and Nanoscale Size Distribution Explains Performance in PTB7:PC<sub>71</sub>BM Solar Cells,Brian A. Collins,https://openalex.org/A5066696801,North Carolina State University,"['Department of Physics, NCSU, Raleigh, NC 27695‐8202, USA']"
https://openalex.org/W3094207821,https://openalex.org/W2021079384,Effects of Fullerene Bisadduct Regioisomers on Photovoltaic Performance,Xiangyue Meng,https://openalex.org/A5102005895,Institute of Chemistry,"['Key Laboratory of Molecular Nanostructure and Nanotechnology, Beijing National Laboratory for Molecular Sciences, Institute of Chemistry, Chinese Academy of Sciences, Beijing, 100190 China', 'University of Chinese Academy of Sciences, Beijing, 100049 China']"
https://openalex.org/W3094207821,https://openalex.org/W2037259381,Importance of Domain Purity and Molecular Packing in Efficient Solution‐Processed Small‐Molecule Solar Cells,S. Mukherjee,https://openalex.org/A5101971563,North Carolina State University,['Department of Physics North Carolina State University  Raleigh North Carolina 27695 USA']
https://openalex.org/W3094207821,https://openalex.org/W2037441291,The Importance of Fullerene Percolation in the Mixed Regions of Polymer–Fullerene Bulk Heterojunction Solar Cells,Jonathan A. Bartelt,https://openalex.org/A5086751997,Stanford University,"['Department of Materials Science and Engineering Stanford University, Stanford CA 94305, USA']"
https://openalex.org/W3094207821,https://openalex.org/W2047948690,Ideal copolymers and the second‐order transitions of synthetic rubbers. i. non‐crystalline copolymers,M. Gordon,https://openalex.org/A5091649610,error,"['Technical Chemistry Department Royal Technical College Glasgow, C.I']"
https://openalex.org/W3094207821,https://openalex.org/W2118118934,On the role of intermixed phases in organic photovoltaic blends,Paul Westacott,https://openalex.org/A5066897404,Imperial College London,"['Centre for Plastic Electronics, Imperial College London, London, UK', 'Department of Materials, Imperial College London, London, UK']"
https://openalex.org/W3094207821,https://openalex.org/W2140551148,Approximations Leading to a Unified Exponential/Power-Law Approach to Small-Angle Scattering,Gregory Beaucage,https://openalex.org/A5060264160,error,[]
https://openalex.org/W3094207821,https://openalex.org/W2165719416,Enhanced Photovoltaic Performance by Modulating Surface Composition in Bulk Heterojunction Polymer Solar Cells Based on PBDTTT‐C‐T/PC<sub>71</sub>BM,Xia Guo,https://openalex.org/A5056335794,State Key Laboratory of Polymer Physics and Chemistry,"['State Key Laboratory of Polymer, Physics and Chemistry, Institute of Chemistry, Chinese Academy of Sciences, Beijing, 100190 P. R. China', 'University of Chinese Academy of Sciences, Beijing, 100049 P. R. China']"
https://openalex.org/W3094207821,https://openalex.org/W2313980624,"Miscibility, Crystallinity, and Phase Development in P3HT/PCBM Solar Cells: Toward an Enlightened Understanding of Device Morphology and Stability",Brian A. Collins,https://openalex.org/A5066696801,North Carolina State University,"['Department of Physics, North Carolina State University, North\rCarolina']"
https://openalex.org/W3094207821,https://openalex.org/W2318755802,Capacitance Spectroscopy for Quantifying Recombination Losses in Nonfullerene Small‐Molecule Bulk Heterojunction Solar Cells,В. В. Брус,https://openalex.org/A5028212321,"University of California, Santa Barbara","['Center for Polymers and Organic Solids, Department of Chemistry and Biochemistry, University of California at Santa Barbara, Santa Barbara, CA, 93106 USA']"
https://openalex.org/W3094207821,https://openalex.org/W2320645230,Molecular Miscibility of Polymer−Fullerene Blends,Brian A. Collins,https://openalex.org/A5066696801,North Carolina State University,"['Department of Physics, North Carolina State University, Raleigh, North Carolina 27695, United States']"
https://openalex.org/W3094207821,https://openalex.org/W2322967467,The influence of polymer purification on the efficiency of poly(3-hexylthiophene):fullerene organic solar cells,James H. Bannock,https://openalex.org/A5011226438,Imperial College London,"['Centre for Plastic Electronics, Imperial College London, London, SW7 2AZ, UK']"
https://openalex.org/W3094207821,https://openalex.org/W2324382697,Quantifying Charge Extraction in Organic Solar Cells: The Case of Fluorinated PCPDTBT,Steve Albrecht,https://openalex.org/A5053013321,University of Potsdam,"['Institut\rfür Physik und Astronomie, Universität Potsdam, Karl-Liebknecht-Str.\r24-25, 14476 Potsdam, Germany']"
https://openalex.org/W3094207821,https://openalex.org/W2328492517,Visualizing a Homogeneous Blend in Bulk Heterojunction Polymer Solar Cells by Analytical Electron Microscopy,Martin Pfannmöller,https://openalex.org/A5066323701,Heidelberg University,"['CellNetworks, Bioquant, Heidelberg University, Heidelberg, Germany.']"
https://openalex.org/W3094207821,https://openalex.org/W2328866086,Polymer Crystallization of Partially Miscible Polythiophene/Fullerene Mixtures Controls Morphology,Derek Kozub,https://openalex.org/A5048445517,Pennsylvania State University,"['Department of Chemical Engineering, The Pennsylvania State University, University Park, Pennsylvania 16802, United States']"
https://openalex.org/W3094207821,https://openalex.org/W2484589930,Cooling Rate Dependent Glass Transition in Thin Polymer Films and in Bulk,Daniele Cangialosi,https://openalex.org/A5023496801,Material Physics Center,"['Centro de Física de Materiales (CSIC-UPV/EHU), Paseo Manuel de Lardizabal 5, 20018, San Sebastián, Spain']"
https://openalex.org/W3094207821,https://openalex.org/W2610389265,Quantitative Morphology–Performance Correlations in Organic Solar Cells: Insights from Soft X‐Ray Scattering,Xuechen Jiao,https://openalex.org/A5007671860,North Carolina State University,['Department of Physics and Organic and Carbon Electronics Laboratory North Carolina State University  Raleigh NC 27695 USA']
https://openalex.org/W3094207821,https://openalex.org/W2736230978,The amorphous state: first-principles derivation of the Gordon–Taylor equation for direct prediction of the glass transition temperature of mixtures; estimation of the crossover temperature of fragile glass formers; physical basis of the “Rule of 2/3”,Peter J. Skrdla,https://openalex.org/A5042818980,GlaxoSmithKline (United States),"['709 Swedeland Road', 'GlaxoSmithKline, 709 Swedeland Road, King of Prussia, PA 19406, USA', 'King of Prussia', 'PA 19406', 'USA']"
https://openalex.org/W3094207821,https://openalex.org/W2738019780,Isolating and quantifying the impact of domain purity on the performance of bulk heterojunction solar cells,Wenchao Huang,https://openalex.org/A5055929714,Australian Regenerative Medicine Institute,"['Australia', 'Clayton', 'Department of Materials Science and Engineering, Monash University, Wellington Road, Clayton, VIC 3800, Australia', 'Monash University']"
https://openalex.org/W3094207821,https://openalex.org/W2755986381,Tuning reaction products by constrained optimisation,Barnaby E. Walker,https://openalex.org/A5045811050,Imperial College London,"['Centre for Plastic Electronics, Department of Chemistry, Imperial College London, Exhibition Road, South Kensington, London SW7 2AY, UK', 'Department of Chemistry', 'Imperial College London', 'London SW7 2AY', 'UK']"
https://openalex.org/W3094207821,https://openalex.org/W2787281953,Direct Calorimetric Observation of the Rigid Amorphous Fraction in a Semiconducting Polymer,Jaime Martín,https://openalex.org/A5103086995,Polymat,"['Centre\rfor Plastic Electronics and Department of Materials, Imperial College London, Exhibition Road, London, SW7 2AZ, United Kingdom', 'POLYMAT, University of the Basque Country UPV/EHU, Avenida de Tolosa 72, 20018 Donostia-San Sebastián, Spain']"
https://openalex.org/W3094207821,https://openalex.org/W2789761381,"Quantitative relations between interaction parameter, miscibility and function in organic solar cells",Long Ye,https://openalex.org/A5070675021,North Carolina State University,"['Department of Physics and ORaCEL, North Carolina State University, Raleigh, NC, USA']"
https://openalex.org/W3094207821,https://openalex.org/W2792778915,Glassy phases in organic semiconductors,Chad R. Snyder,https://openalex.org/A5045787341,National Institute of Standards and Technology,"['Materials Science and Engineering Division, National Institute of Standards and Technology, 100 Bureau Drive, Gaithersburg, MD 20899, USA']"
https://openalex.org/W3094207821,https://openalex.org/W2914003230,Curved Polar Dibenzocoronene Esters and Imides versus Their Planar Centrosymmetric Homologs: Photophysical and Optoelectronic Analysis,Joachim Vollbrecht,https://openalex.org/A5023402162,error,['Physics Department and Center for Optoelectronics and Photonics Paderborn']
https://openalex.org/W3094207821,https://openalex.org/W2961211253,Quantifying the Nongeminate Recombination Dynamics in Nonfullerene Bulk Heterojunction Organic Solar Cells,Joachim Vollbrecht,https://openalex.org/A5023402162,"University of California, Santa Barbara","['Center for Polymers and Organic Solids, Department of Chemistry and Biochemistry, University of California at Santa Barbara, Santa Barbara, CA, 93106 USA']"
https://openalex.org/W3094207821,https://openalex.org/W2978340922,17% Efficient Organic Solar Cells Based on Liquid Exfoliated WS<sub>2</sub> as a Replacement for PEDOT:PSS,Yuanbao Lin,https://openalex.org/A5087715456,King Abdullah University of Science and Technology,['King Abdullah University of Science and Technology (KAUST) KAUST Solar Center (KSC) Thuwal 23955 Saudi Arabia']
https://openalex.org/W3094207821,https://openalex.org/W2980176819,Understanding the High Performance of over 15% Efficiency in Single‐Junction Bulk Heterojunction Organic Solar Cells,Akchheta Karki,https://openalex.org/A5010748853,"University of California, Santa Barbara","['CCS-UCSB - Chemistry and Biochemistry [Santa Barbara] (College of Creative Studies, University of California, Santa Barbara, CA 93106 - United States)']"
https://openalex.org/W3094207821,https://openalex.org/W4253995110,Encyclopedia of Polymer Blends,error,error,error,error
https://openalex.org/W3189291595,https://openalex.org/W1858465226,Natures of optical absorption transitions and excitation energy dependent photostability of diketopyrrolopyrrole (DPP)-based photovoltaic copolymers,Sebastian Wood,https://openalex.org/A5058492424,Imperial College London,"['Department of Physics and Centre for Plastic Electronics', 'Imperial College London', 'UK']"
https://openalex.org/W3189291595,https://openalex.org/W1981518063,Two-dimensional spatial coherence of excitons in semicrystalline polymeric semiconductors: Effect of molecular weight,Francis Paquin,https://openalex.org/A5018079250,Regroupement Québécois sur les Matériaux de Pointe,"['Département de physique & Regroupement québécois sur les matériaux de pointe, Université de Montréal, C. P. 6128, Succursale centre-ville, Montréal (Québec) H3C 3J7, Canada']"
https://openalex.org/W3189291595,https://openalex.org/W1997947072,"The impact of molecular weight on microstructure and charge transport in semicrystalline polymer semiconductors–poly(3-hexylthiophene), a model study",Felix P. Koch,https://openalex.org/A5104192367,Board of the Swiss Federal Institutes of Technology,"['Department of Materials, Eidgenössische Technische Hochssuchule (ETH), Zürich, Switzerland']"
https://openalex.org/W3189291595,https://openalex.org/W2014657621,Soluble and processable regioregular poly(3-hexylthiophene) for thin film field-effect transistor applications with high mobility,Zhenan Bao,https://openalex.org/A5100384245,error,"['Bell Laboratories, Lucent Technologies, 700 Mountain Avenue, Murray Hill, New Jersey 07974']"
https://openalex.org/W3189291595,https://openalex.org/W2020051588,25th Anniversary Article: Organic Field‐Effect Transistors: The Path Beyond Amorphous Silicon,Henning Sirringhaus,https://openalex.org/A5011763288,University of Cambridge,['Cavendish Laboratory University of Cambridge  Cambridge CB3 OHE UK']
https://openalex.org/W3189291595,https://openalex.org/W2034127677,Recent progress of high performance polymer OLED and OPV materials for organic printed electronics,Chizu Sekine,https://openalex.org/A5027051468,Sumitomo Chemical (Japan),"['Sumitomo Chemical Co. LTD, 6 Kitahara Tsukuba Ibaraki, Japan']"
https://openalex.org/W3189291595,https://openalex.org/W2048921321,A stable solution-processed polymer semiconductor with record high-mobility for printed transistors,Jun Li,https://openalex.org/A5100361681,"Agency for Science, Technology and Research","['Institute of Materials Research and Engineering, Agency for Science, Technology and Research, Singapore, 117602']"
https://openalex.org/W3189291595,https://openalex.org/W2051206787,Enhancement of Phosphorescence Ability upon Aggregation of Dye Molecules,Eion G. McRae,https://openalex.org/A5062017062,Florida State University,"['Department of Chemistry, Florida State University, Tallahassee, Florida']"
https://openalex.org/W3189291595,https://openalex.org/W2054810869,"A general relationship between disorder, aggregation and charge transport in conjugated polymers",Rodrigo Noriega,https://openalex.org/A5002553841,"University of California, Berkeley","['Department of Applied Physics, Stanford University, Stanford, California 94305, USA', 'Present addresses: Department of Chemistry, University of California Berkeley, 94720, USA (R.N.); Department of Bioelectronics, Ecole Nationale Supérieure des Mines, CMP-EMSE, MOC, 13541 Gardanne, France (J.R.),']"
https://openalex.org/W3189291595,https://openalex.org/W2054810869,"A general relationship between disorder, aggregation and charge transport in conjugated polymers",Rodrigo Noriega,https://openalex.org/A5002553841,"University of California, Berkeley","['Department of Applied Physics, Stanford University, Stanford, California 94305, USA', 'Present addresses: Department of Chemistry, University of California Berkeley, 94720, USA (R.N.); Department of Bioelectronics, Ecole Nationale Supérieure des Mines, CMP-EMSE, MOC, 13541 Gardanne, France (J.R.),']"
https://openalex.org/W3189291595,https://openalex.org/W2064492025,"Absorption in regio-regular poly(3-hexyl)thiophene thin films: Fermi resonances, interband coupling and disorder",Frank C. Spano,https://openalex.org/A5061558119,Temple University,"['Department of Chemistry, Temple University, Philadelphia, PA 19122, United States']"
https://openalex.org/W3189291595,https://openalex.org/W2067778667,π-Conjugated Polymers for Organic Electronics and Photovoltaic Cell Applications,Antonio Facchetti,https://openalex.org/A5055968109,Kyocera (United States),"['Polyera Corporation, 8045 Lamon Avenue, Skokie, Illinois 60077, United States, and Department of Chemistry and the Materials Research Center, Northwestern University, 2145 Sheridan Road, Evanston, Illinois 60208-3113, United States']"
https://openalex.org/W3189291595,https://openalex.org/W2071518930,High-Performance Semiconducting Polythiophenes for Organic Thin-Film Transistors,Beng S. Ong,https://openalex.org/A5011610382,Xerox (Canada),"['Materials Design and Integration Laboratory, Xerox Research Centre of Canada, Mississauga, Ontario, Canada L5K 2L1']"
https://openalex.org/W3189291595,https://openalex.org/W2075241997,Entanglement of Conjugated Polymer Chains Influences Molecular Self‐Assembly and Carrier Transport,Kui Zhao,https://openalex.org/A5030483815,King Abdullah University of Science and Technology,"['Materials Science and Engineering, Division of Physical Sciences and Engineering, King Abdullah University of Science and Technology (KAUST), Thuwal, Saudi Arabia']"
https://openalex.org/W3189291595,https://openalex.org/W2095473292,The Entanglement Concept in Polymer Systems,Roger S. Porter,https://openalex.org/A5042094743,error,[]
https://openalex.org/W3189291595,https://openalex.org/W2115939762,Effect of Selenophene in a DPP Copolymer Incorporating a Vinyl Group for High‐Performance Organic Field‐Effect Transistors,Il‐Suk Kang,https://openalex.org/A5055968314,Gyeongsang National University,"['School of Materials Science and Engineering, Research Institute for Green Energy Convergence, Technology (REGET), Gyeongsang National University, Jinju 660-701, Korea']"
https://openalex.org/W3189291595,https://openalex.org/W2132826051,H- and J-Aggregate Behavior in Polymeric Semiconductors,Frank C. Spano,https://openalex.org/A5061558119,Temple University,"['Department of Chemistry, Temple University, Philadelphia, Pennsylvania 19122;']"
https://openalex.org/W3189291595,https://openalex.org/W2142910748,"Two-dimensional charge transport in self-organized, high-mobility conjugated polymers",Henning Sirringhaus,https://openalex.org/A5011763288,University of Cambridge,"['Cavendish Laboratory, University of Cambridge, Madingley Road, Cambridge, CB3 0HE, UK']"
https://openalex.org/W3189291595,https://openalex.org/W2146149955,Entanglements in marginal solutions: a means of tuning pre-aggregation of conjugated polymers with positive implications for charge transport,Hanlin Hu,https://openalex.org/A5068499737,King Abdullah University of Science and Technology,"['King Abdullah University of Science and Technology (KAUST)', 'Physical Sciences and Engineering Division, Solar and Photovoltaic Engineering Research Center, King Abdullah University of Science and Technology (KAUST), Thuwal, Saudi Arabia', 'Saudi Arabia', 'Solar and Photovoltaic Engineering Research Center', 'Thuwal']"
https://openalex.org/W3189291595,https://openalex.org/W2290126448,Photoinduced Anisotropic Assembly of Conjugated Polymers in Insulating Polymer Blends,Mincheol Chang,https://openalex.org/A5017712508,error,[]
https://openalex.org/W3189291595,https://openalex.org/W2317671948,"Water-Soluble Conjugated Polymers for Imaging, Diagnosis, and Therapy",Chunlei Zhu,https://openalex.org/A5010912107,Institute of Chemistry,"['Beijing National Laboratory for Molecular Sciences, Key\rLaboratory of Organic Solids, Institute of Chemistry, Chinese Academy\rof Sciences, Beijing 100190, P. R. China']"
https://openalex.org/W3189291595,https://openalex.org/W2322426357,Advances in Charge Carrier Mobilities of Semiconducting Polymers Used in Organic Transistors,Sarah Holliday,https://openalex.org/A5031774432,Imperial College London,"['Department of Chemistry and\rCentre for Plastic Electronics, Imperial College London, London SW7 2AZ, U.K.']"
https://openalex.org/W3189291595,https://openalex.org/W2337771521,High-Performance Organic Field-Effect Transistors with Directionally Aligned Conjugated Polymer Film Deposited from Pre-Aggregated Solution,Nam-Koo Kim,https://openalex.org/A5045709826,Gwangju Institute of Science and Technology,[]
https://openalex.org/W3189291595,https://openalex.org/W2339738535,Solution-Processed Donor-Acceptor Polymer Nanowire Network Semiconductors For High-Performance Field-Effect Transistors,Yanlian Lei,https://openalex.org/A5054293578,Hong Kong Baptist University,"['Department of Physics and Institute of Advanced Materials, Hong Kong Baptist University, Hong Kong, SAR, P. R. China']"
https://openalex.org/W3189291595,https://openalex.org/W2442855760,Silicon Valley meets the ivory tower: Searchable data repositories for experimental nanomaterials research,Nils Persson,https://openalex.org/A5084079997,Georgia Institute of Technology,"['Department of Chemical and Biomolecular Engineering, Georgia Institute of Technology, 311 Ferst Dr, Atlanta, GA 30332, United States']"
https://openalex.org/W3189291595,https://openalex.org/W2460246119,Avoid the kinks when measuring mobility,Iain McCulloch,https://openalex.org/A5034296749,King Abdullah University of Science and Technology,"['Department of Chemistry and Centre for Plastic Electronics, Imperial College London, London SW7 2AZ, UK.', 'King Abdullah University of Science and Technology, KSC, Thuwal 23955-6900, Saudi Arabia.']"
https://openalex.org/W3189291595,https://openalex.org/W2764293430,Unraveling the Solution‐State Supramolecular Structures of Donor–Acceptor Polymers and their Influence on Solid‐State Morphology and Charge‐Transport Properties,Yu‐Qing Zheng,https://openalex.org/A5101027189,Beijing National Laboratory for Molecular Sciences,"['Beijing National Laboratory for Molecular Sciences (BNLMS), The Key Laboratory of Bioorganic Chemistry and Molecular Engineering of Ministry of Education, Key Laboratory of Polymer Chemistry and Physics of Ministry of Education, Center of Soft Matter Science and Engineering, College of Chemistry and Molecular Engineering, Peking University, Beijing, 100871 China']"
https://openalex.org/W3189291595,https://openalex.org/W2799566423,Expanded Theory of H- and J-Molecular Aggregates: The Effects of Vibronic Coupling and Intermolecular Charge Transfer,Nicholas J. Hestand,https://openalex.org/A5061801939,Temple University,"['Department of Chemistry, Temple University, Philadelphia, Pennsylvania 19122, United States']"
https://openalex.org/W3189291595,https://openalex.org/W2804118877,The meniscus-guided deposition of semiconducting polymers,Xiaodan Gu,https://openalex.org/A5089284339,Stanford University,"['Department of Chemical Engineering, Stanford University, Stanford, CA, 94305, USA']"
https://openalex.org/W3189291595,https://openalex.org/W2810518238,Solving Materials’ Small Data Problem with Dynamic Experimental Databases,Michael McBride,https://openalex.org/A5007832497,Georgia Institute of Technology,"['School of Chemical and Biomolecular Engineering, Georgia Institute of Technology, Atlanta, GA 30332, USA']"
https://openalex.org/W3189291595,https://openalex.org/W2969670714,Donor–Acceptor‐Conjugated Polymer for High‐Performance Organic Field‐Effect Transistors: A Progress Report,Minjun Kim,https://openalex.org/A5100406593,Pohang University of Science and Technology,"['Department of Chemical Engineering, Pohang University of Science and Technology (POSTECH), 77 Cheongam-ro, Nam-gu, Pohang, Gyeongbuk, 37673 South Korea']"
https://openalex.org/W3189291595,https://openalex.org/W2983205327,Understanding the Meniscus‐Guided Coating Parameters in Organic Field‐Effect‐Transistor Fabrications,Ming Chen,https://openalex.org/A5100423312,University of Hong Kong,"['Department of Mechanical Engineering, The University of Hong Kong, Pok Fu Lam Road, Hong Kong, China']"
https://openalex.org/W3189291595,https://openalex.org/W2995464090,Toward data-enabled process optimization of deformable electronic polymer-based devices,Michael McBride,https://openalex.org/A5007832497,Georgia Institute of Technology,"['School of Chemical & Biomolecular Engineering, Georgia Institute of Technology, 311 Ferst Drive, Atlanta, GA, 30332, United States']"
https://openalex.org/W3189291595,https://openalex.org/W3048661490,Tuning Intra and Intermolecular Interactions for Balanced Hole and Electron Transport in Semiconducting Polymers,Tanmoy Sarkar,https://openalex.org/A5014201145,Technion – Israel Institute of Technology,"['Department of Materials Science and Engineering, Technion Israel Institute of Technology, Haifa 32000, Israel']"
https://openalex.org/W3189291595,https://openalex.org/W3109308776,Small Data Machine Learning: Classification and Prediction of Poly(ethylene terephthalate) Stabilizers Using Molecular Descriptors,Aaron L. Liu,https://openalex.org/A5072117383,Georgia Institute of Technology,"['School of Chemical & Biomolecular Engineering, Georgia Institute of Technology, 311 Ferst Drive, Atlanta, Georgia 30332, United States']"
https://openalex.org/W3189291595,https://openalex.org/W3117779698,Vibronic exciton model for low bandgap donor–acceptor polymers,Mohammad Balooch Qarai,https://openalex.org/A5103017260,Temple University,"['Department of Chemistry, Temple University , Philadelphia, Pennsylvania 19122, USA']"
https://openalex.org/W3189291595,https://openalex.org/W4205240606,Macromolecular Physics,error,error,error,error
https://openalex.org/W2947021073,https://openalex.org/W1893773386,Charge Separation in Semicrystalline Polymeric Semiconductors by Photoexcitation: Is the Mechanism Intrinsic or Extrinsic?,Francis Paquin,https://openalex.org/A5018079250,Regroupement Québécois sur les Matériaux de Pointe,"['Département de physique and Regroupement québécois sur les matériaux de pointe, Université de Montréal, C.P. 6128, Succursale centre-ville, Montréal (Québec), H3C 3J7, Canada']"
https://openalex.org/W2947021073,https://openalex.org/W1966161910,"β Phase Formation in Poly(9,9-di-<i>n</i>-decylfluorene) Thin Films",Daniel W. Bright,https://openalex.org/A5077904384,Durham University,"['Department of Physics, Durham University, South Road, Durham DH1 3LE, U.K.']"
https://openalex.org/W2947021073,https://openalex.org/W1971536574,Efficient exciton dissociation via two-step photoexcitation in polymeric semiconductors,Carlos Silva,https://openalex.org/A5100417531,University of Cambridge,"['Cavendish Laboratory, University of Cambridge, Madingley Road, Cambridge CB3 0HE, United Kingdom']"
https://openalex.org/W2947021073,https://openalex.org/W1976556746,Controlled Förster energy transfer in emissive polymer Langmuir-Blodgett structures,J. Grant Hill,https://openalex.org/A5008631269,University of Sheffield,"['Department of Physics & Astronomy, University of Sheffield, Sheffield, S3 7RH, United Kingdom.']"
https://openalex.org/W2947021073,https://openalex.org/W1983887773,"Exciton dissociation mechanisms in the polymeric semiconductors poly(9,9-dioctylfluorene) and poly(9,9-dioctylfluorene-co-benzothiadiazole)",Mark Stevens,https://openalex.org/A5033601413,University of Cambridge,"['Cavendish Laboratory, University of Cambridge Madingley Road, Cambridge CB3 0HE (United Kingdom)']"
https://openalex.org/W2947021073,https://openalex.org/W1984520296,"The effect of morphology on the temperature-dependent photoluminescence quantum efficiency of the conjugated polymer poly(9, 9-dioctylfluorene)",M. Ariu,https://openalex.org/A5057121075,University of Sheffield,"['The University of Sheffield, Department of Physics and Astronomy, Hicks Building, Hounsfield Road, Sheffield S3 7RH, UK']"
https://openalex.org/W2947021073,https://openalex.org/W1986964678,Role of Structural Order and Excess Energy on Ultrafast Free Charge Generation in Hybrid Polythiophene/Si Photovoltaics Probed in Real Time by Near-Infrared Broadband Transient Absorption,Daniel Herrmann,https://openalex.org/A5009624228,Ludwig-Maximilians-Universität München,"['Lehrstuhl für BioMolekulare Optik, Ludwig-Maximilians-Universität München, Oettingenstraße 67, 80538 München, Germany']"
https://openalex.org/W2947021073,https://openalex.org/W1993273964,Mobility enhancement through homogeneous nematic alignment of a liquid-crystalline polyfluorene,M. Redecker,https://openalex.org/A5045677485,University of Sheffield,"['Department of Physics and Astronomy and Centre for Molecular Materials, The University of Sheffield, Sheffield\u2009S3\u20097RH, United Kingdom']"
https://openalex.org/W2947021073,https://openalex.org/W1999108052,Quantitative Transient Absorption Measurements of Polaron Yield and Absorption Coefficient in Neat Conjugated Polymers,Ruipeng Li,https://openalex.org/A5101509234,National Renewable Energy Laboratory,"['Chemical and Materials\rScience\rCenter, National Renewable Energy Laboratory, 15013 Denver West Parkway, Golden, Colorado 80401, United States']"
https://openalex.org/W2947021073,https://openalex.org/W2000475528,Transient electroluminescence of polymer light emitting diodes using electrical pulses,D. J. Pinner,https://openalex.org/A5085100412,Cavendish Hospital,"['Cavendish Laboratory, Madingley Road, Cambridge\u2009CB3\u20090HE, United Kingdom']"
https://openalex.org/W2947021073,https://openalex.org/W2000702974,Morphology dependence of the triplet excited state formation and absorption in polyfluorene,Anna Hayer,https://openalex.org/A5029944512,University of Cambridge,"['Cavendish Laboratory, University of Cambridge Madingley Road, Cambridge CB3 0HE (United Kingdom)']"
https://openalex.org/W2947021073,https://openalex.org/W2011715397,Influence of aggregation on the optical properties of a polyfluorene,Donal D. C. Bradley,https://openalex.org/A5085430500,University of Sheffield,['University of Sheffield-United Kingdom']
https://openalex.org/W2947021073,https://openalex.org/W2014410540,Interplay of Physical Structure and Photophysics for a Liquid Crystalline Polyfluorene,Martin Grell,https://openalex.org/A5047442854,University of Sheffield,"['Department of Physics and Astronomy, The University of Sheffield, Hicks Building, Hounsfield Rd, Sheffield S3 7RH, UK, and Department of Engineering Materials, The University of Sheffield, Sir Robert Hadfield Building, Mappin Street, Sheffield S1 3JD, UK']"
https://openalex.org/W2947021073,https://openalex.org/W2015694456,Ultrafast resonant optical switching in isolated polyfluorenes chains,Tersilla Virgili,https://openalex.org/A5057982415,Politecnico di Milano,"['Dipartimento di Fisica-INFM, IFN-CNR, Politecnico di Milano , P.zza L.Da Vinci 32, I-20133 Milan, Italy']"
https://openalex.org/W2947021073,https://openalex.org/W2018233595,Ultrafast depolarization of the fluorescence in a conjugated polymer,Arvydas Ruseckas,https://openalex.org/A5026227882,University of St Andrews,"['Ultrafast Photonics Collaboration and Organic Semiconductor Centre, School of Physics and Astronomy, University of St Andrews, St Andrews, KY16 9SS, United Kingdom']"
https://openalex.org/W2947021073,https://openalex.org/W2019128845,"Controlled <i>β</i>‐Phase Formation in Poly(9,9‐di‐<i>n</i>‐octylfluorene) by Processing with Alkyl Additives",Jeff Peet,https://openalex.org/A5077093862,"University of California, Santa Barbara","['Center for Polymers and Organic Solids Department of Chemistry and Biochemistry University of California, Santa Barbara Santa Barbara, CA 93106‐9510 (USA)']"
https://openalex.org/W2947021073,https://openalex.org/W2024544132,"Optical studies of photoexcitations of poly(9,9-dioctyl fluorene)",Ashley J. Cadby,https://openalex.org/A5043566453,University of Sheffield,"['Department of Physics and Astronomy, University of Sheffield, Hicks Building,#N#Hounsfield Road, Sheffield S3 7RH,#N#UK']"
https://openalex.org/W2947021073,https://openalex.org/W2025825088,Ultrafast Relaxation of the Poly(3-hexylthiophene) Emission Spectrum,Natalie Banerji,https://openalex.org/A5062177440,"University of California, Santa Barbara","['Center for Polymers and Organic Solids, University of California at Santa Barbara, Santa Barbara, California 93106-5090, United States']"
https://openalex.org/W2947021073,https://openalex.org/W2027922366,Ultra: A Unique Instrument for Time-Resolved Spectroscopy,Gregory M. Greetham,https://openalex.org/A5068745019,Science and Technology Facilities Council,"['Central Laser Facility, Research Complex at Harwell, Science and Technology Facilities Council, Rutherford Appleton Laboratory, Harwell Science and Innovation Campus, Didcot, Oxfordshire, OX11 0QX, UK (G.M.G., P.B., I.P.C., P.M., A.W.P., M.R.P., D.A.R., M.T.); School of Chemistry, University of Nottingham, University Park, Nottingham, NG7 2RD, UK (Q.C., M.W.G.); and Technology Department, STFC, Daresbury Laboratory, DSIC, Warrington, Cheshire, WA4 4AD, UK (P.S.C., R.C.F., M.K., Z.J.X.)']"
https://openalex.org/W2947021073,https://openalex.org/W2038405421,"Dip-pen patterning of poly(9,9-dioctylfluorene) chain-conformation-based nano-photonic elements",Aleksandr Perevedentsev,https://openalex.org/A5078553007,Imperial College London,"['1] Department of Physics and Centre for Plastic Electronics, Imperial College London, London SW7 2BZ, UK [2] Department of Physics, Imperial College London, London SW7 2BZ, UK.']"
https://openalex.org/W2947021073,https://openalex.org/W2040497004,"Nature and Energies of Electrons and Holes in a Conjugated Polymer, Polyfluorene",Norihiko Takeda,https://openalex.org/A5038229001,Brookhaven National Laboratory,"['Contribution from the Chemistry Department, Brookhaven National Laboratory, Upton, New York 11973-5000']"
https://openalex.org/W2947021073,https://openalex.org/W2043752657,General observation of n-type field-effect behaviour in organic semiconductors,Lay Lay Chua,https://openalex.org/A5084831609,University of Cambridge,"['Cavendish Laboratory, University of Cambridge, Madingley Road, Cambridge CB3 0HE, UK.']"
https://openalex.org/W2947021073,https://openalex.org/W2044876191,Unified picture of the photoexcitations in phenylene-based conjugated polymers: Universal spectral and dynamical features in subpicosecond transient absorption,B. Kraabel,https://openalex.org/A5033581858,Los Alamos National Laboratory,"['Chemical Science and Technology Division, CST-6, MS-J585, Los Alamos National Laboratory, Los Alamos, New Mexico 87545']"
https://openalex.org/W2947021073,https://openalex.org/W2049342023,Nondispersive hole transport in an electroluminescent polyfluorene,M. Redecker,https://openalex.org/A5045677485,University of Sheffield,"['Department of Physics and Astronomy and Centre for Molecular Materials, The University of Sheffield, Hicks Building, Sheffield\u2009S3\u20097RH, United Kingdom']"
https://openalex.org/W2947021073,https://openalex.org/W2051806816,"Chain Conformations and Photoluminescence of Poly(di-<mml:math xmlns:mml=""http://www.w3.org/1998/Math/MathML"" display=""inline""><mml:mi>n</mml:mi></mml:math>-octylfluorene)",W. Chunwaschirasiri,https://openalex.org/A5055049617,University of Wisconsin–Madison,"['Department of Physics, University of Wisconsin, Madison, Wisconsin 53706, USA.']"
https://openalex.org/W2947021073,https://openalex.org/W2054810869,"A general relationship between disorder, aggregation and charge transport in conjugated polymers",Rodrigo Noriega,https://openalex.org/A5002553841,"University of California, Berkeley","['Department of Applied Physics, Stanford University, Stanford, California 94305, USA', 'Present addresses: Department of Chemistry, University of California Berkeley, 94720, USA (R.N.); Department of Bioelectronics, Ecole Nationale Supérieure des Mines, CMP-EMSE, MOC, 13541 Gardanne, France (J.R.),']"
https://openalex.org/W2947021073,https://openalex.org/W2055134456,Bestimmung der Absorption des rothen Lichts in farbigen Flüssigkeiten,Jürg H. Beer,https://openalex.org/A5019077055,University of Bonn,['Bonn']
https://openalex.org/W2947021073,https://openalex.org/W2056911287,"Exciton migration in<mml:math xmlns:mml=""http://www.w3.org/1998/Math/MathML"" display=""inline""><mml:mi>β</mml:mi></mml:math>-phase poly(9,9-dioctylfluorene)",M. Ariu,https://openalex.org/A5057121075,University of Sheffield,"['Department of Physics and Astronomy, The University of Sheffield, Hicks Building, Hounsfield Road, Sheffield S3 7RH, United Kingdom']"
https://openalex.org/W2947021073,https://openalex.org/W2057594988,Charge Photogeneration in Organic Solar Cells,Tracey M. Clarke,https://openalex.org/A5008982684,Imperial College London,"['Centre for Plastic Electronics, Department of Chemistry, Imperial College London, London, SW7 2AZ, United Kingdom']"
https://openalex.org/W2947021073,https://openalex.org/W2064076038,Noise-induced quantum coherence drives photo-carrier generation dynamics at polymeric semiconductor heterojunctions,Eric R. Bittner,https://openalex.org/A5059402471,University of Houston,"['Department of Chemistry and Physics, University of Houston, Houston, 77204, Texas, USA']"
https://openalex.org/W2947021073,https://openalex.org/W2064153585,"Self‐Dopant Formation in Poly(9,9‐di‐<i>n</i>‐octylfluorene) Via a Dipping Method for Efficient and Stable Pure‐Blue Electroluminescence",H.H. Lu,https://openalex.org/A5026700484,National Tsing Hua University,"['Chemical Engineering Department, National Tsing-Hua University, Hsinchu, 30041 Taiwan (ROC)']"
https://openalex.org/W2947021073,https://openalex.org/W2066045774,Direct Determination of the Exciton Binding Energy of Conjugated Polymers Using a Scanning Tunneling Microscope,S. F. Alvarado,https://openalex.org/A5103434106,IBM Research - Zurich,"['IBM Research Division, Zürich Research Laboratory CH 8803 Rüschlikon, Switzerland']"
https://openalex.org/W2947021073,https://openalex.org/W2066629225,Film morphology and photophysics of polyfluorene,Ashley J. Cadby,https://openalex.org/A5043566453,University of Sheffield,"['Department of Physics & Astronomy, University of Sheffield, Sheffield, S3 7RH, United Kingdom.']"
https://openalex.org/W2947021073,https://openalex.org/W2076386857,Morphology-dependent energy transfer within polyfluorene thin films,Amena L. T. Khan,https://openalex.org/A5009963219,University of Cambridge,"['Cavendish Laboratory, University of Cambridge, Madingley Road, Cambridge CB3 0HE, United Kingdom']"
https://openalex.org/W2947021073,https://openalex.org/W2079080700,On the Origin of Green Emission in Polyfluorene Polymers: The Roles of Thermal Oxidation Degradation and Crosslinking,Weisheng Zhao,https://openalex.org/A5066473925,The University of Texas at Austin,"['Second address: Center for Materials Chemistry, University of Texas at Austin, Austin, TX 78712, USA.']"
https://openalex.org/W2947021073,https://openalex.org/W2079322717,Determination of the triplet excited-state absorption cross section in a polyfluorene by energy transfer from a phosphorescent metal complex,Chang‐Lyoul Lee,https://openalex.org/A5020893231,Gwangju Institute of Science and Technology,"['Advanced Photonics Research Institute, Gwangju Institute of Science and Technology, 1 Oryongdong, Bukgu, Gwangju 500-712, Korea', 'Cavendish Laboratory, J. J. Thomson Avenue, Cambridge CB3 0HE, United Kingdom']"
https://openalex.org/W2947021073,https://openalex.org/W2079512180,Enhanced Photogeneration of Polaron Pairs in Neat Semicrystalline Donor–Acceptor Copolymer Films via Direct Excitation of Interchain Aggregates,Daniele Di Nuzzo,https://openalex.org/A5047931770,University of Bath,"['Department\rof Physics, University of Bath, BA2 7AY Bath, United Kingdom']"
https://openalex.org/W2947021073,https://openalex.org/W2081855950,"The change in refractive index of poly(9,9-dioctylfluorene) due to the adoption of the β-phase chain conformation",Paul N. Stavrinou,https://openalex.org/A5027329145,Imperial College London,"['Experimental Solid State Physics Group, The Blackett Laboratory, Imperial College London, SW7 2AZ, UK']"
https://openalex.org/W2947021073,https://openalex.org/W2099812098,Sub-picosecond delocalization in the excited state of conjugated homopolymers and donor–acceptor copolymers,Natalie Banerji,https://openalex.org/A5062177440,École Polytechnique Fédérale de Lausanne,"['Institute of Chemical Sciences & Engineering, Ecole Polytechnique Fédérale de Lausanne (EPFL), SB ISIC GR-MO, Station 6, CH-1015 Lausanne, Switzerland']"
https://openalex.org/W2947021073,https://openalex.org/W2102775847,Absorption cross-sections of hole polarons in glassy and β-phase polyfluorene,F. Montilla,https://openalex.org/A5088911715,University of Alicante,"['Instituto Universitario de Materiales de Alicante y Departamento de Química Física, Universidad de Alicante, Apdo. de Correos 99, Alicante 03080, Spain']"
https://openalex.org/W2947021073,https://openalex.org/W2107350618,The influence of solid‐state microstructure on the origin and yield of long‐lived photogenerated charge in neat semiconducting polymers,Ruipeng Li,https://openalex.org/A5101509234,National Renewable Energy Laboratory,"['Chemical and Materials Science Center, National Renewable Energy Laboratory, 1617 Cole Boulevard, Golden, Colorado 80401']"
https://openalex.org/W2947021073,https://openalex.org/W2109508365,"Understanding the Origin of the 535 nm Emission Band in Oxidized Poly(9,9‐dioctylfluorene): The Essential Role of Inter‐Chain/Inter‐Segment Interactions",Marc Sims,https://openalex.org/A5017816155,Imperial College London,"['Blackett Laboratory and Centre for Electronic Materials and Devices, Imperial College London, Prince Consort Road, London SW7 2BZ, UK']"
https://openalex.org/W2947021073,https://openalex.org/W2116650273,Dependence of Regioregular Poly(3-hexylthiophene) Film Morphology and Field-Effect Mobility on Molecular Weight,R. Joseph Kline,https://openalex.org/A5069122427,Lawrence Berkeley National Laboratory,"['Department of Materials Science & Engineering, Stanford University, Stanford, California 94305, Department of Chemistry, University of California, Berkeley, California 94720, Materials Science Division, E.O. Lawrence Berkeley National Laboratory, Berkeley, California 94720, and Stanford Synchrotron Radiation Laboratory, Menlo Park, California 94025']"
https://openalex.org/W2947021073,https://openalex.org/W2127615426,Structural correlations in the generation of polaron pairs in low-bandgap polymers for photovoltaics,Raphael Tautz,https://openalex.org/A5020851406,Ludwig-Maximilians-Universität München,"['Department of Physics and CeNS Ludwig-Maximilians-Universität München,, Photonics and Optoelectronics Group, Munich, Germany']"
https://openalex.org/W2947021073,https://openalex.org/W2131693811,Exciton and polaron dynamics in a step-ladder polymeric semiconductor: the influence of interchain order,Carlos Silva,https://openalex.org/A5100417531,University of Cambridge,"['Cavendish Laboratory, University of Cambridge   Madingley Road, Cambridge CB3 0HE, UK']"
https://openalex.org/W2947021073,https://openalex.org/W2144533183,Exciton–Exciton Annihilation in Mixed‐Phase Polyfluorene Films,Paul E. Shaw,https://openalex.org/A5016970841,University of St Andrews,"['Organic Semiconductor Centre, SUPA, School of Physics and Astronomy, University of St. Andrews, North Haugh, St. Andrews KY16 9SS, UK']"
https://openalex.org/W2947021073,https://openalex.org/W2155737958,The Influence of Alkyl‐Chain Length on Beta‐Phase Formation in Polyfluorenes,Daniel W. Bright,https://openalex.org/A5077904384,Durham University,"['Organic Electroactive Materials Group Department of Physics, University of Durham South Road, Durham, DH1 3LE (UK)']"
https://openalex.org/W2947021073,https://openalex.org/W2163226755,The photovoltaic response in poly(p-phenylene vinylene) thin-film devices,R. N. Marks,https://openalex.org/A5031795445,University of Cambridge,"['Cavendish Lab., Cambridge Univ., UK']"
https://openalex.org/W2947021073,https://openalex.org/W2290264653,Relating Molecular Morphology to Charge Mobility in Semicrystalline Conjugated Polymers,Matthew L. Jones,https://openalex.org/A5016654068,error,[]
https://openalex.org/W2947021073,https://openalex.org/W2311437225,Entropy and Disorder Enable Charge Separation in Organic Solar Cells,Samantha N. Hood,https://openalex.org/A5067917840,ARC Centre of Excellence for Engineered Quantum Systems,"['Centre\rfor Engineered Quantum\rSystems, Centre for Organic Photonics and Electronics and School of\rMathematics and Physics, The University of Queensland, Brisbane, Queensland 4072, Australia']"
https://openalex.org/W2947021073,https://openalex.org/W2313405434,"A Rational Molecular Design of β-Phase Polydiarylfluorenes: Synthesis, Morphology, and Organic Lasers",Jinyi Lin,https://openalex.org/A5010098595,Nanjing University of Posts and Telecommunications,"['Center for Molecular Systems and Organic Devices (CMSOD), Key Laboratory for Organic Electronics & Information Displays (KLOEID) and Institute of Advanced Materials (IAM), Nanjing University of Posts and Telecommunications, Nanjing, P. R. China']"
https://openalex.org/W2947021073,https://openalex.org/W2315139445,"Study of β phase and Chains Aggregation Degrees in Poly(9,9-dioctylfluorene) (PFO) Solution",Long Huang,https://openalex.org/A5037412579,Jilin University,"['College of Chemistry/State\rKey Laboratory of Supramolecular\rStructure and Materials, Jilin University, 2699 Qianjin Avenue, Changchun, 130012, China']"
https://openalex.org/W2947021073,https://openalex.org/W2327219489,Charge Photogeneration in Neat Conjugated Polymers,Ruipeng Li,https://openalex.org/A5101509234,National Renewable Energy Laboratory,"['Chemical\rand Materials Science Center, National Renewable Energy Laboratory, 15013\rDenver West Parkway, Golden, Colorado 80401, United States']"
https://openalex.org/W2947021073,https://openalex.org/W2334150748,"Development of Intermolecular Structure and Beta-phase of Random Poly[9,9-bis(2-ethylhexyl)fluorene]-<i>co</i>-(9,9-dioctylfluorene) in Methylcyclohexane",Matti Knaapila,https://openalex.org/A5048345801,Institute for Energy Technology,"['Physics Department, Institute for Energy Technology, NO-2027 Kjeller, Norway']"
https://openalex.org/W2947021073,https://openalex.org/W2334791670,Energetics of Electron–Hole Separation at P3HT/PCBM Heterojunctions,Gabriele D’Avino,https://openalex.org/A5077779055,University of Bologna,"['Dipartimento di Chimica Industriale\r“Toso Montanari” and INSTM, Università di Bologna, Viale del Risorgimento 4, IT-40136 Bologna,\rItaly']"
https://openalex.org/W2947021073,https://openalex.org/W2335326774,"Singlet Fission in Poly(9,9′-di-<i>n</i>-octylfluorene) Films",Yasunari Tamai,https://openalex.org/A5027249390,Kyoto University,"['Department of Polymer Chemistry, Graduate School of Engineering, Kyoto University, Katsura, Nishikyo, Kyoto 615-8510, Japan']"
https://openalex.org/W2947021073,https://openalex.org/W2461147729,"Spectroscopic properties of poly(9,9‐dioctylfluorene) thin films possessing varied fractions of β‐phase chain segments: enhanced photoluminescence efficiency via conformation structuring",Aleksandr Perevedentsev,https://openalex.org/A5078553007,Imperial College London,"['Department of Physics and Centre for Plastic Electronics Imperial College London, South Kensington Campus London SW7 2AZ United Kingdom', 'Department of Physics and Centre for Plastic Electronics, Imperial College London, South Kensington Campus, London, SW7 2AZ United Kingdom']"
https://openalex.org/W2947021073,https://openalex.org/W2463489567,"Improving efficiency and color purity of poly(9,9-dioctylfluorene) through addition of a high boiling-point solvent of 1-chloronaphthalene",Junfei Liang,https://openalex.org/A5028727296,South China University of Technology,"[""Institute of Polymer Optoelectronic Materials and Devices, State Key Lab of Luminescent Materials and Devices, South China University of Technology, Guangzhou 510640, People's Republic of China.""]"
https://openalex.org/W2947021073,https://openalex.org/W2496822858,A Highly Crystalline and Wide-Bandgap Polydiarylfluorene with β-Phase Conformation toward Stable Electroluminescence and Dual Amplified Spontaneous Emission,Bin Liu,https://openalex.org/A5100395611,The Synergetic Innovation Center for Advanced Materials,"['Center for Molecular Systems and Organic Devices (CMSOD), Key Laboratory for Organic Electronics and Information Displays & Institute of Advanced Materials (IAM), Jiangsu National Synergetic Innovation Center for Advanced Materials (SICAM), Nanjing University of Posts & Telecommunications, 9 Wenyuan Road, Nanjing 210023, China']"
https://openalex.org/W2947021073,https://openalex.org/W2515773872,"Formation of poly(9,9-dioctylfluorene) β-phase by incorporating aromatic moiety in side chain",Sen Zhao,https://openalex.org/A5101836987,South China University of Technology,"['Institute of Polymer Optoelectronic Materials and Devices, State Key Laboratory of Luminescent Materials and Devices, South China of University of Technology, Guangzhou 510640, China']"
https://openalex.org/W2947021073,https://openalex.org/W2543110117,Tracking the coherent generation of polaron pairs in conjugated polymers,Antonietta De Sio,https://openalex.org/A5067051523,Carl von Ossietzky Universität Oldenburg,"['Institut für Physik, Carl von Ossietzky Universität, Oldenburg, 26129, Germany']"
https://openalex.org/W2947021073,https://openalex.org/W2544039228,On the influence of physical and chemical structure on charge transport in disordered semiconducting materials and devices,Samuel Foster,https://openalex.org/A5016840301,error,[]
https://openalex.org/W2947021073,https://openalex.org/W2560785061,Temperature Induced Order–Disorder Transition in Solutions of Conjugated Polymers Probed by Optical Spectroscopy,Fabian Panzer,https://openalex.org/A5084804063,University of Bayreuth,"['Experimental Physics II, ‡Department of Functional Materials,\rand §Bayreuth Institute\rof Macromolecular Research (BIMF), University of Bayreuth, 95540 Bayreuth, Germany']"
https://openalex.org/W2947021073,https://openalex.org/W2565940777,Quantitative Decoupling of Excited-State Absorption Cross Section and Population via Pump-Probe Spectroscopy with a Strong Probe,Alex J. Barker,https://openalex.org/A5081383174,MacDiarmid Institute for Advanced Materials and Nanotechnology,"['MacDiarmid Institute for Advanced Materials and Nanotechnology and School of Chemical and Physical Sciences, Victoria University of Wellington, P. O. Box 600, Wellington 6140, New Zealand']"
https://openalex.org/W2947021073,https://openalex.org/W2590979171,An Easy Approach to Control β-Phase Formation in PFO Films for Optimized Emission Properties,Qi Zhang,https://openalex.org/A5100360327,Nanjing University of Posts and Telecommunications,"['Key Laboratory for Organic Electronics &amp; Information Displays (KLOEID), Jiangsu-Singapore Joint Research Center for Organic/Bio Electronics &amp; Information Displays, Institute of Advanced Materials (IAM), Nanjing University of Posts and Telecommunications, 9 Wenyuan Road, Nanjing 210046, China']"
https://openalex.org/W2947021073,https://openalex.org/W2614977986,Targeted β-Phase Formation in Poly(fluorene)–Ureasil Grafted Organic–Inorganic Hybrids,Ilaria Meazzini,https://openalex.org/A5091119986,Trinity College Dublin,"['School\rof Chemistry and CRANN, Trinity College Dublin, The University of Dublin, Dublin 2, Ireland']"
https://openalex.org/W2947021073,https://openalex.org/W2739815327,Hereditary Character of Alkyl-Chain Length Effect on β-Phase Conformation from Polydialkylfluorenes to Bulky Polydiarylfluorenes,Bin Liu,https://openalex.org/A5100395468,The Synergetic Innovation Center for Advanced Materials,"['Centre\rfor Molecular Systems and Organic Devices (CMSOD), Key Laboratory\rfor Organic Electronics and Information Displays and Institute of\rAdvanced Materials (IAM), Jiangsu National Synergetic Innovation Center\rfor Advanced Materials (SICAM), Nanjing University of Posts and Telecommunications, 9 Wenyuan Road, Nanjing 210023, China']"
https://openalex.org/W2947021073,https://openalex.org/W2746166003,The Enhancement of Interfacial Exciton Dissociation by Energetic Disorder Is a Nonequilibrium Effect,Liang Shi,https://openalex.org/A5014709273,"University of California, Merced","['Chemistry and Chemical Biology, University of California, Merced, California 95343, United States']"
https://openalex.org/W2947021073,https://openalex.org/W2760966835,"Steric-Hindrance-Functionalized Polydiarylfluorenes: Conformational Behavior, Stabilized Blue Electroluminescence, and Efficient Amplified Spontaneous Emission",Lubing Bai,https://openalex.org/A5012759360,The Synergetic Innovation Center for Advanced Materials,"['Key Laboratory of Flexible Electronics (KLOFE) & Institute of Advanced Materials (IAM), Jiangsu National Synergetic Innovation Center for Advanced Materials (SICAM), Nanjing Tech University (NanjingTech), 30 South Puzhu Road, Nanjing 211816, China']"
https://openalex.org/W2947021073,https://openalex.org/W2766671694,Molecular weight dependence of carrier mobility and recombination rate in neat P3HT films,Alex G. Dixon,https://openalex.org/A5010355047,University of Denver,"['Department of Physics, University of Denver, Colorado, 80208']"
https://openalex.org/W2947021073,https://openalex.org/W2788287527,Delocalization Drives Free Charge Generation in Conjugated Polymer Films,Natalie A. Pace,https://openalex.org/A5053087465,National Renewable Energy Laboratory,"['Department of Chemistry and Biochemistry, University of Colorado Boulder, Boulder, Colorado 80309, United States', 'National Renewable Energy Laboratory, 15013 Denver West Parkway, Golden, Colorado 80401, United States']"
https://openalex.org/W2947021073,https://openalex.org/W2789492427,Host Exciton Confinement for Enhanced Förster‐Transfer‐Blend Gain Media Yielding Highly Efficient Yellow‐Green Lasers,Qi Zhang,https://openalex.org/A5100360327,The Synergetic Innovation Center for Advanced Materials,"['Key Laboratory for Organic Electronics and Information Displays (KLOEID), Institute of Advanced Materials (IAM), Jiangsu National Synergetic Innovation Center for Advanced Materials (SICAM), Nanjing University of Posts and Telecommunications, 9 Wenyuan Road, Nanjing, 210023 China']"
https://openalex.org/W2947021073,https://openalex.org/W2792609827,Controlling Molecular Conformation for Highly Efficient and Stable Deep-Blue Copolymer Light-Emitting Diodes,Iain Hamilton,https://openalex.org/A5011145379,Imperial College London,"['Department of Physics and Centre for Plastic Electronics, Imperial College London, London SW7 2AZ, U.K.']"
https://openalex.org/W2947021073,https://openalex.org/W2797423396,Exciton–Polaron Interactions in Polyfluorene Films with β-Phase,F. Montilla,https://openalex.org/A5088911715,University of Alicante,"['Instituto Universitario de Materiales de Alicante y Departamento de Química Física, Universidad de Alicante, Apdo. de Correos 99, Alicante 03080, Spain']"
https://openalex.org/W2947021073,https://openalex.org/W2803271882,Role of Disorder in the Extent of Interchain Delocalization and Polaron Generation in Polythiophene Crystalline Domains,Kyu Hyung Park,https://openalex.org/A5038602043,Yonsei University,"['Spectroscopy Laboratory for Functional π-Electronic Systems and Department of Chemistry, Yonsei University, Seoul 03722, Korea']"
https://openalex.org/W2947021073,https://openalex.org/W2891813088,"Conformational control of exciton-polariton physics in metal-poly(9,9-dioctylfluorene)-metal cavities",Florian Le Roux,https://openalex.org/A5030948098,University of Oxford,"['Department of Physics, University of Oxford, Parks Road, Oxford, OX1 3PU, United Kingdom']"
https://openalex.org/W2947021073,https://openalex.org/W2945408711,"Relating Chain Conformation to the Density of States and Charge Transport in Conjugated Polymers: The Role of the <mml:math xmlns:mml=""http://www.w3.org/1998/Math/MathML"" display=""inline""><mml:mi>β</mml:mi></mml:math> -phase in Poly(9,9-dioctylfluorene)",Xingyuan Shi,https://openalex.org/A5064544869,Imperial College London,"['Department of Physics and Centre for Plastic Electronics, Imperial College London, South Kensington Campus, SW7 2AZ London, United Kingdom']"
https://openalex.org/W2947021073,https://openalex.org/W3098934825,Multi-phase microstructures drive exciton dissociation in neat semicrystalline polymeric semiconductors,Francis Paquin,https://openalex.org/A5018079250,Regroupement Québécois sur les Matériaux de Pointe,"['Canada', 'Département de Physique & Regroupement québécois sur les matériaux de pointe', 'Montréal', 'Université de Montréal']"
https://openalex.org/W3036983971,https://openalex.org/W1975834815,<i>Nika</i>: software for two-dimensional data reduction,Ján Ilavský,https://openalex.org/A5074151270,Argonne National Laboratory,"['X-Ray Science Division, Advanced Photon Source, Argonne National Laboratory, Argonne, IL, 60439, USA.']"
https://openalex.org/W3036983971,https://openalex.org/W1985276441,Morphology of polymer-based bulk heterojunction films for organic photovoltaics,Matthias A. Ruderer,https://openalex.org/A5024851070,Technical University of Munich,"['Technische Universität München, Physik-Department, Lehrstuhl für Funktionelle Materialien, James-Frank-Str. 1, Garching, Germany']"
https://openalex.org/W3036983971,https://openalex.org/W1992326627,Analytical inversion of the Laplace transform without contour integration: application to luminescence decay laws and other relaxation functions,Mário N. Berberan‐Santos,https://openalex.org/A5030720602,Instituto Politécnico de Lisboa,"['Centro de Quimica-Fisica Molecular, Instituto Superior Tecnico, Lisboa, Portugal']"
https://openalex.org/W3036983971,https://openalex.org/W2025728236,Microstructure formation in molecular and polymer semiconductors assisted by nucleation agents,Neil D. Treat,https://openalex.org/A5019358588,"University of California, Santa Barbara","['Materials Department and Materials Research Laboratory, University of California Santa Barbara, Santa Barbara, California 93117, USA']"
https://openalex.org/W3036983971,https://openalex.org/W2039618794,Aggregation and morphology control enables multiple cases of high-efficiency polymer solar cells,Yuhang Liu,https://openalex.org/A5100420969,Hong Kong University of Science and Technology,"['Hong Kong Univ.Science and Technology, Clear Water Bay (Hong Kong). Dept.of Chemistry']"
https://openalex.org/W3036983971,https://openalex.org/W2041769139,Binary Organic Photovoltaic Blends: A Simple Rationale for Optimum Compositions,Christian Müller,https://openalex.org/A5027252979,Board of the Swiss Federal Institutes of Technology,"['Department of Materials, Eidgenössische Technische Hochschule (ETH) Zürich 8093 Zürich (Switzerland)']"
https://openalex.org/W3036983971,https://openalex.org/W2083019919,Noise Reduction in Electron Tomographic Reconstructions Using Nonlinear Anisotropic Diffusion,Achilleas S. Frangakis,https://openalex.org/A5088606060,Max Planck Institute of Biochemistry,"['Max-Planck-Institut für Biochemie, Am Klopferspitz 18a, D-82152, Martinsried, Germany']"
https://openalex.org/W3036983971,https://openalex.org/W2090078804,Near-IR Femtosecond Transient Absorption Spectroscopy of Ultrafast Polaron and Triplet Exciton Formation in Polythiophene Films with Different Regioregularities,Jiamo Guo,https://openalex.org/A5027848553,Kyoto University,"['Department of Polymer Chemistry, Graduate School of Engineering, Kyoto University, Katsura, Nishikyo, Kyoto 615-8510, Japan']"
https://openalex.org/W3036983971,https://openalex.org/W2091120042,Identifying the optimum composition in organic solar cells comprising non-fullerene electron acceptors,Pascal Wolfer,https://openalex.org/A5076900714,University of Queensland,"['Centre for Organic Photonics & Electronics, The University of Queensland, St Lucia, QLD 4072 Australia']"
https://openalex.org/W3036983971,https://openalex.org/W2101150782,Additive-assisted supramolecular manipulation of polymer:fullerene blend phase morphologies and its influence on photophysical processes,Ester Buchaca-Domingo,https://openalex.org/A5081259778,Imperial College London,"['Department of Materials and Centre for Plastic Electronics', 'Imperial College London', 'London, UK']"
https://openalex.org/W3036983971,https://openalex.org/W2118118934,On the role of intermixed phases in organic photovoltaic blends,Paul Westacott,https://openalex.org/A5066897404,Imperial College London,"['Centre for Plastic Electronics, Imperial College London, London, UK', 'Department of Materials, Imperial College London, London, UK']"
https://openalex.org/W3036983971,https://openalex.org/W2127834786,Thermally activated delayed fluorescence as a cycling process between excited singlet and triplet states: Application to the fullerenes,Carlos Baleizão,https://openalex.org/A5058202715,Centro de Genética Clínica,"['Instituto Superior Técnico Centro de Química-Física Molecular, , 1049-001 Lisboa, Portugal']"
https://openalex.org/W3036983971,https://openalex.org/W2130810321,Fullerenecrystallisation as a key driver of charge separation in polymer/fullerene bulk heterojunction solar cells,Fiona C. Jamieson,https://openalex.org/A5062410635,Imperial College London,"['Centre for Plastic Electronics, Department of Chemistry, Imperial College London, Exhibition Road,London,UK']"
https://openalex.org/W3036983971,https://openalex.org/W2147388225,Iterative methods for the three-dimensional reconstruction of an object from projections,Peter F.C. Gilbert,https://openalex.org/A5067140661,MRC Laboratory of Molecular Biology,"[""Medical Research Council's Laboratory of Molecular Biology Hills Road, Cambridge CB2 2QH, England""]"
https://openalex.org/W3036983971,https://openalex.org/W2155976323,Use of a commercially available nucleating agent to control the morphological development of solution-processed small molecule bulk heterojunction organic solar cells,Alexander Sharenko,https://openalex.org/A5029087558,"University of California, Santa Barbara","['Materials Department, University of California, Santa Barbara, CA 93106, USA']"
https://openalex.org/W3036983971,https://openalex.org/W2312901328,Mechanism of Metal Oxide Deposition from Atomic Layer Deposition inside Nonreactive Polymer Matrices: Effects of Polymer Crystallinity and Temperature,Stas Obuchovsky,https://openalex.org/A5088673307,Technion – Israel Institute of Technology,"['Department\rof Materials Science and Engineering, Technion, Israel Institute of Technology, Haifa 32000, Israel']"
https://openalex.org/W3036983971,https://openalex.org/W2324978604,Bulk Heterojunction Solar Cells: Morphology and Performance Relationships,Ye Huang,https://openalex.org/A5033876427,"University of California, Santa Barbara","['Center for Polymers and Organic Solids, Department of Chemistry & Biochemistry, ‡Department of Materials, §Department of Chemical Engineering, and ∥Department of Physics, University of California, Santa Barbara, California 93106, United States']"
https://openalex.org/W3036983971,https://openalex.org/W2442479717,Charge Creation and Recombination in Multi‐Length Scale Polymer:Fullerene BHJ Solar Cell Morphologies,S. Mukherjee,https://openalex.org/A5101971563,North Carolina State University,"['Department of Physics, North Carolina State University, Raleigh, NC, 27695 USA']"
https://openalex.org/W3036983971,https://openalex.org/W2503282689,"Morphology changes upon scaling a high-efficiency, solution-processed solar cell",Hyun Wook Ro,https://openalex.org/A5043377097,Material Measurement Laboratory,"['Gaithersburg', 'Material Measurement Laboratory, National Institute of Standards and Technology, Gaithersburg, MD 20899, USA', 'National Institute of Standards and Technology', 'Theiss Research', 'Theiss Research, La Jolla, CA 92037, USA']"
https://openalex.org/W3036983971,https://openalex.org/W2565869397,Origin of fullerene-induced vitrification of fullerene:donor polymer photovoltaic blends and its impact on solar cell performance,Paul Westacott,https://openalex.org/A5066897404,Imperial College London,"['Department of Materials and Centre for Plastic Electronics, Imperial College London, London, UK', 'London', 'UK']"
https://openalex.org/W3036983971,https://openalex.org/W2590880586,Abnormal strong burn-in degradation of highly efficient polymer solar cells caused by spinodal donor-acceptor demixing,Ning Li,https://openalex.org/A5100369076,Friedrich-Alexander-Universität Erlangen-Nürnberg,"['Department of Materials Science and Engineering, Institute of Materials for Electronics and Energy Technology (i-MEET), Friedrich-Alexander University Erlangen-Nürnberg, Martensstrasse 7, Erlangen, 91058, Germany']"
https://openalex.org/W3036983971,https://openalex.org/W2610389265,Quantitative Morphology–Performance Correlations in Organic Solar Cells: Insights from Soft X‐Ray Scattering,Xuechen Jiao,https://openalex.org/A5007671860,North Carolina State University,['Department of Physics and Organic and Carbon Electronics Laboratory North Carolina State University  Raleigh NC 27695 USA']
https://openalex.org/W3036983971,https://openalex.org/W2619070828,Vapor phase infiltration (VPI) for transforming polymers into organic–inorganic hybrid materials: a critical review of current progress and future challenges,Collen Z. Leng,https://openalex.org/A5039590210,Georgia Institute of Technology,"['Atlanta', 'School of Materials Science and Engineering, Georgia Institute of Technology, 771 Ferst Drive NW, Atlanta, GA 30332, USA', 'USA']"
https://openalex.org/W3036983971,https://openalex.org/W2634755761,Morphology visualization of P3HT:Fullerene blends by using subsurface atomic layer deposition,Stas Obuchovsky,https://openalex.org/A5088673307,Technion – Israel Institute of Technology,"['Department of Materials Science and Engineering, Technion, Israel Institute of Technology, Haifa, 32000, Israel']"
https://openalex.org/W3036983971,https://openalex.org/W2794075324,High‐Throughput Multiparametric Screening of Solution Processed Bulk Heterojunction Solar Cells,Antonio Sánchez‐Díaz,https://openalex.org/A5050228221,Institut de Ciència de Materials de Barcelona,['Institut de Ciència de Materials de Barcelona (ICMAB‐CSIC)  Campus UAB S/N 08193 Bellaterra Barcelona Spain']
https://openalex.org/W3036983971,https://openalex.org/W2809241949,Recent Advances in Morphology Optimization for Organic Photovoltaics,Hansol Lee,https://openalex.org/A5100776028,Pohang University of Science and Technology,"['Department of Chemical Engineering, Pohang University of Science and Technology, Pohang, 37673 South Korea']"
https://openalex.org/W3036983971,https://openalex.org/W2883072253,Phonon coherences reveal the polaronic character of excitons in two-dimensional lead halide perovskites,Félix Thouin,https://openalex.org/A5008622332,Georgia Institute of Technology,"['School of Physics, Georgia Institute of Technology, Atlanta, GA, USA']"
https://openalex.org/W3036983971,https://openalex.org/W2884889855,"A physiochemical processing kinetics model for the vapor phase infiltration of polymers: measuring the energetics of precursor-polymer sorption, diffusion, and reaction",Collen Z. Leng,https://openalex.org/A5039590210,Georgia Institute of Technology,"['Atlanta', 'Georgia Institute of Technology', 'School of Materials Science and Engineering, Georgia Institute of Technology, 771 Ferst Drive NW, Atlanta, GA 30332, USA', 'USA']"
https://openalex.org/W3036983971,https://openalex.org/W2887524782,Organic Solar Cell Materials toward Commercialization,Rongming Xue,https://openalex.org/A5032647147,Soochow University,"['Laboratory of Advanced Optoelectronic Materials, College of Chemistry, Chemical Engineering and Materials Science, Soochow University, Suzhou, 215123 China']"
https://openalex.org/W3036983971,https://openalex.org/W2920980890,Achieving over 16% efficiency for single-junction organic solar cells,Baobing Fan,https://openalex.org/A5080880309,South China University of Technology,"['Institute of Polymer Optoelectronic Materials and Devices, State Key Laboratory of Luminescent Materials and Devices, South China University of Technology, Guangzhou, 510640, China']"
https://openalex.org/W3036983971,https://openalex.org/W2987777330,Efficient Exploration of the Composition Space in Ternary Organic Solar Cells by Combining High‐Throughput Material Libraries and Hyperspectral Imaging,Albert Harillo‐Baños,https://openalex.org/A5074693255,Institut de Ciència de Materials de Barcelona,['Institut de Ciència de Materials de Barcelona (ICMAB‐CSIC) Carrer dels Til·lers s/n  Campus UAB Bellaterra 08193 Spain']
https://openalex.org/W3036983971,https://openalex.org/W2994795836,Using Deep Machine Learning to Understand the Physical Performance Bottlenecks in Novel Thin‐Film Solar Cells,Nahdia Majeed,https://openalex.org/A5074612621,University of Nottingham,"['Faculty of Engineering, University of Nottingham, Nottingham, NG7 2RD UK']"
https://openalex.org/W3036983971,https://openalex.org/W3036983971,Toward Fast Screening of Organic Solar Cell Blends,Artem Levitsky,https://openalex.org/A5033755770,Technion – Israel Institute of Technology,['Department of Material Science and Engineering Technion—Israel Institute of Technology  Haifa 3200003 Israel']
https://openalex.org/W3036983971,https://openalex.org/W3082848703,"Morphology Changes Upon Scaling a High-Efficiency, Solution-Processed Solar Cell From Spin-Coating to Roll-to-Roll Coating.",Hyun Wook Ro,https://openalex.org/A5043377097,Material Measurement Laboratory,"['Material Measurement Laboratory, National Institute of Standards and Technology, Gaithersburg, MD 20899 USA.']"
https://openalex.org/W3036983971,https://openalex.org/W945365441,Harnessing ALD to directly map the morphology of organic photovoltaic bulk heterojunctions,Stas Obuchovsky,https://openalex.org/A5088673307,Technion – Israel Institute of Technology,"['Department of Materials Science and Engineering, Technion–Israel Institute of Technology, Haifa, 32000, Israel']"
https://openalex.org/W3134219193,https://openalex.org/W1941396097,Highly efficient planar perovskite solar cells through band alignment engineering,Juan‐Pablo Correa‐Baena,https://openalex.org/A5018187291,Charles Humbert 8,"['CH-1015-Lausanne', 'Institute of Chemical Sciences and Engineering', 'Laboratory for Photomolecular Science', 'Switzerland', 'École Polytechnique Fédérale de Lausanne']"
https://openalex.org/W3134219193,https://openalex.org/W1999228708,Structural and electronic properties of organo-halide lead perovskites: a combined IR-spectroscopy and ab initio molecular dynamics investigation,Edoardo Mosconi,https://openalex.org/A5063587455,Institute of Molecular Science and Technologies,"['CNR-ISTM', 'Computational Laboratory for Hybrid/Organic Photovoltaics (CLHYO), CNR-ISTM,Perugia,Italy', 'Perugia, Italy']"
https://openalex.org/W3134219193,https://openalex.org/W2029637177,Detailed Balance Limit of Efficiency of <i>p-n</i> Junction Solar Cells,W. Shockley,https://openalex.org/A5043077347,error,"['Shockley Transistor, Unit of Clevite Transistor, Palo Alto, California']"
https://openalex.org/W3134219193,https://openalex.org/W2036060813,Band filling with free charge carriers in organometal halide perovskites,Joseph S. Manser,https://openalex.org/A5007422978,University of Notre Dame,"['Department of Chemical and Biomolecular Engineering, University of Notre Dame, Notre Dame, 46556, Indiana, USA']"
https://openalex.org/W3134219193,https://openalex.org/W2042917481,Solution-Processed Organic Photovoltaics Based on Indoline Dye Molecules Developed in Dye-Sensitized Solar Cells,Zhaoyang Liu,https://openalex.org/A5100603517,Yamagata University,"['Department of Organic Device Engineering, Research Center for Organic Electronics, Yamagata University, Yonezawa, Yamagata 992-8510, Japan', 'State Key Laboratory of Supramolecular Structure and Materials, Jilin University, Changchun 130012, China']"
https://openalex.org/W3134219193,https://openalex.org/W2075511306,Compositional engineering of perovskite materials for high-performance solar cells,Nam Joong Jeon,https://openalex.org/A5038996171,Korea Research Institute of Chemical Technology,"['Division of Advanced Materials, Korea Research Institute of Chemical Technology, 141 Gajeong-Ro, Yuseong-Gu, Daejeon 305-600, South Korea,']"
https://openalex.org/W3134219193,https://openalex.org/W2125429745,Charge-transport in tin-iodide perovskite CH3NH3SnI3: origin of high conductivity,Yukari Tanikawa,https://openalex.org/A5082013714,Hokkaido University,"['Department of Chemistry, Graduate School of Science, Hokkaido University, Sapporo 060-0810, Japan.']"
https://openalex.org/W3134219193,https://openalex.org/W2125469086,Formamidinium lead trihalide: a broadly tunable perovskite for efficient planar heterojunction solar cells,Giles E. Eperon,https://openalex.org/A5085527099,University of Oxford,"['Department of Physics, University of Oxford, Clarendon Laboratory, Parks Road, Oxford, UK']"
https://openalex.org/W3134219193,https://openalex.org/W2136291721,Lead-free organic–inorganic tin halide perovskites for photovoltaic applications,Nakita K. Noel,https://openalex.org/A5030437735,University of Oxford,"['Clarendon Laboratory, Department of Physics, University of Oxford, Parks Road, Oxford, UK', 'Department of Physics', 'Oxford, UK', 'University of Oxford']"
https://openalex.org/W3134219193,https://openalex.org/W2143338675,High-efficiency solution-processed perovskite solar cells with millimeter-scale grains,Wanyi Nie,https://openalex.org/A5082395322,Los Alamos National Laboratory,"['Materials Physics and Application Division, Los Alamos National Laboratory, Los Alamos, NM 87545 (USA)']"
https://openalex.org/W3134219193,https://openalex.org/W2196340795,Chloride Incorporation Process in CH<sub>3</sub>NH<sub>3</sub>PbI<sub>3–<i>x</i></sub>Cl<sub><i>x</i></sub> Perovskites via Nanoscale Bandgap Maps,Jungseok Chae,https://openalex.org/A5080940229,National Institute of Standards and Technology,"['Center\rfor Nanoscale Science and Technology, National Institute of Standards and Technology, 100 Bureau Drive, Gaithersburg, Maryland 20899, United States', 'Maryland Nanocenter, University of Maryland, College\rPark, Maryland 20742 United States']"
https://openalex.org/W3134219193,https://openalex.org/W2233449626,Hot-carrier cooling and photoinduced refractive index changes in organic–inorganic lead halide perovskites,Michael B. Price,https://openalex.org/A5042374722,error,"['Department of Physics, Cavendish Laboratory, JJ Thomson Avenue, Cambridge, CB3 0HE, United Kingdom']"
https://openalex.org/W3134219193,https://openalex.org/W2257548062,"Cs<sub>2</sub>AgBiX<sub>6</sub> (X = Br, Cl): New Visible Light Absorbing, Lead-Free Halide Perovskite Semiconductors",Eric T. McClure,https://openalex.org/A5008505182,The Ohio State University,"['Department\rof Chemistry and Biochemistry, The Ohio State University, 100\rW. 18th Avenue, Columbus, Ohio 43210, United States']"
https://openalex.org/W3134219193,https://openalex.org/W2275951880,Origin of <i><i>J</i>–<i>V</i></i> Hysteresis in Perovskite Solar Cells,Bo Chen,https://openalex.org/A5100427300,Virginia Tech,"['Center\rfor Energy Harvesting Materials and System, Virginia Tech, Blacksburg, Virginia 24061, United States']"
https://openalex.org/W3134219193,https://openalex.org/W2461872642,Optical analysis of CH<sub>3</sub>NH<sub>3</sub>Sn<sub>x</sub>Pb<sub>1−x</sub>I<sub>3</sub> absorbers: a roadmap for perovskite-on-perovskite tandem solar cells,Miguel Anaya,https://openalex.org/A5041364741,Instituto de Ciencia de Materiales de Sevilla,"['Institute of Materials Science of Seville', 'Seville', 'Spain', 'Spanish National Research Council-University of Seville']"
https://openalex.org/W3134219193,https://openalex.org/W2482154572,Unreacted PbI<sub>2</sub> as a Double-Edged Sword for Enhancing the Performance of Perovskite Solar Cells,T. Jesper Jacobsson,https://openalex.org/A5042032531,University of Cambridge,"['Laboratory\rfor Photomolecular Science, Institute of Chemical Sciences and Engineering, École Polytechnique Fédérale de Lausanne, CH-1015-Lausanne, Switzerland', 'University of Cambridge, Department of Chemistry, Lensfield Road, Cambridge CB2 1EW, U.K.']"
https://openalex.org/W3134219193,https://openalex.org/W2512549170,Perovskite-perovskite tandem photovoltaics with optimized band gaps,Giles E. Eperon,https://openalex.org/A5085527099,University of Oxford,"['Department of Chemistry, University of Washington, Seattle, WA, USA.', 'Department of Physics, University of Oxford, Clarendon Laboratory, Parks Road, Oxford OX1 3PU, UK.']"
https://openalex.org/W3134219193,https://openalex.org/W2519346103,Fabrication of Efficient Low-Bandgap Perovskite Solar Cells by Combining Formamidinium Tin Iodide with Methylammonium Lead Iodide,Wei‐Qiang Liao,https://openalex.org/A5047130792,University of Toledo,"['Department\rof Physics and Astronomy and Wright Center for Photovoltaics Innovation\rand Commercialization, The University of Toledo, Toledo, Ohio 43606, United States', 'Ordered\rMatter Science Research Center, Southeast University, Nanjing 211189, China']"
https://openalex.org/W3134219193,https://openalex.org/W2555321534,High Open‐Circuit Voltages in Tin‐Rich Low‐Bandgap Perovskite‐Based Planar Heterojunction Photovoltaics,Baodan Zhao,https://openalex.org/A5037358564,University of Cambridge,"['Cavendish Laboratory, University of Cambridge, JJ Thomson Avenue, Cambridge, CB3 0HE UK']"
https://openalex.org/W3134219193,https://openalex.org/W2558733459,The Origin of Lower Hole Carrier Concentration in Methylammonium Tin Halide Films Grown by a Vapor-Assisted Solution Process,T. Yokoyama,https://openalex.org/A5089174135,Northwestern University,"['Department of Chemistry, Northwestern University, 2145 Sheridan Road, Evanston, Illinois 60208, United States', 'Mitsubishi Chemical Group Science & Technology Research Center, Inc., 1000 Kamoshida-cho, Aoba-ku, Yokohama 227-8502, Japan']"
https://openalex.org/W3134219193,https://openalex.org/W2575240050,Influence of Surface Termination on the Energy Level Alignment at the CH<sub>3</sub>NH<sub>3</sub>PbI<sub>3</sub> Perovskite/C60 Interface,Claudio Quarti,https://openalex.org/A5073400216,University of Mons,"['Laboratory\rfor Chemistry of Novel Materials, Department of Chemistry, Université de Mons Place du Parc 20, 7000 Mons, Belgium']"
https://openalex.org/W3134219193,https://openalex.org/W2582724471,High-Efficiency Rubidium-Incorporated Perovskite Solar Cells by Gas Quenching,Meng Zhang,https://openalex.org/A5100437714,ARC Centre of Excellence in Advanced Molecular Imaging,"['Australian\rCentre for Advanced Photovoltaics, School of Photovoltaic\rand Renewable Energy Engineering and ‡School of Materials Science and\rEngineering, University of New South Wales, Sydney 2052, Australia']"
https://openalex.org/W3134219193,https://openalex.org/W2601637715,Synthesis of formamidinium lead halide perovskite nanocrystals through solid–liquid–solid cation exchange,Katie Hills‐Kimball,https://openalex.org/A5045667968,Brown University,"['Brown University', 'Department of Chemistry, Brown University, Providence, RI 02912', 'Providence', 'USA']"
https://openalex.org/W3134219193,https://openalex.org/W2605019568,"Triple-cation mixed-halide perovskites: towards efficient, annealing-free and air-stable solar cells enabled by Pb(SCN)2 additive",Yong Sun,https://openalex.org/A5017564775,Fudan University,"['Department of Materials Science, Fudan University, Shanghai, 200433, China']"
https://openalex.org/W3134219193,https://openalex.org/W2614011276,Defect-Assisted Photoinduced Halide Segregation in Mixed-Halide Perovskite Thin Films,Alex J. Barker,https://openalex.org/A5081383174,Center for Nano Science and Technology,"['Center\rfor Nano Science and Technology@PoliMi, Istituto Italiano di Tecnologia, via Giovanni Pascoli 70/3, 20133 Milan, Italy']"
https://openalex.org/W3134219193,https://openalex.org/W2621366597,<i>Shift Happens</i>. How Halide Ion Defects Influence Photoinduced Segregation in Mixed Halide Perovskites,Seog Joon Yoon,https://openalex.org/A5062084020,University of Notre Dame,"['Department\rof Chemistry and Biochemistry, University of Notre Dame, Notre Dame, Indiana 46556, United States', 'Radiation\rLaboratory, University of Notre Dame, Notre Dame, Indiana 46556, United States']"
https://openalex.org/W3134219193,https://openalex.org/W2733769432,Recent advances in interfacial engineering of perovskite solar cells,Meidan Ye,https://openalex.org/A5091287523,Xiamen University,"['Department of Physics, School of Physics and Mechanical and Electrical Engineering, Research Institute for Soft Matter and Biomimetics, Xiamen University, Xiamen 361005, People’s Republic of China']"
https://openalex.org/W3134219193,https://openalex.org/W2735613780,Band Gap Tuning via Lattice Contraction and Octahedral Tilting in Perovskite Materials for Photovoltaics,Rohit Prasanna,https://openalex.org/A5055501803,Stanford University,"['Department\rof Materials Science, Stanford University, 476 Lomita Mall, Stanford, California 94305, United States']"
https://openalex.org/W3134219193,https://openalex.org/W2742059960,Rationalizing the light-induced phase separation of mixed halide organic–inorganic perovskites,Sergiu Draguta,https://openalex.org/A5013050905,University of Notre Dame,"['Department of Chemistry and Biochemistry, University of Notre Dame, Notre Dame, USA']"
https://openalex.org/W3134219193,https://openalex.org/W2746521678,Efficient ambient-air-stable solar cells with 2D–3D heterostructured butylammonium-caesium-formamidinium lead halide perovskites,Zhiping Wang,https://openalex.org/A5100387993,University of Oxford,"['Department of Physics, Clarendon Laboratory, University of Oxford, Oxford, UK']"
https://openalex.org/W3134219193,https://openalex.org/W2753627299,Bismuth Incorporation Stabilized α-CsPbI<sub>3</sub> for Fully Inorganic Perovskite Solar Cells,Yanqiang Hu,https://openalex.org/A5101565485,Nanjing University of Science and Technology,"['College\rof Materials Science and Engineering, Nanjing University of Science and Technology, Nanjing 210094, China']"
https://openalex.org/W3134219193,https://openalex.org/W2754009679,Partially Reversible Photoinduced Chemical Changes in a Mixed-Ion Perovskite Material for Solar Cells,Ute B. Cappel,https://openalex.org/A5022266275,Uppsala University,"['Division of Molecular and Condensed Matter Physics, Department of Physics and Astronomy, Uppsala University, P.O. Box 516, 751 20 Uppsala, Sweden']"
https://openalex.org/W3134219193,https://openalex.org/W2760629443,Highly Reproducible Sn-Based Hybrid Perovskite Solar Cells with 9% Efficiency,Shuyan Shao,https://openalex.org/A5019470309,University of Groningen,"['Photophysics and OptoElectronics, Zernike Institute for Advanced Materials, University of Groningen, Nijenborgh 4, 9747 AG, Groningen, The Netherlands']"
https://openalex.org/W3134219193,https://openalex.org/W2761973024,Perovskite Solar Cells Go Lead Free,Antonio Abate,https://openalex.org/A5021979848,Helmholtz-Zentrum Berlin für Materialien und Energie,"['Helmholtz-Zentrum Berlin für Materialien und Energie, Kekuléstrasse 5, 12489 Berlin, Germany']"
https://openalex.org/W3134219193,https://openalex.org/W2768735656,Lead‐Free Hybrid Perovskite Absorbers for Viable Application: Can We Eat the Cake and Have It too?,Lusheng Liang,https://openalex.org/A5010070947,Chinese Academy of Sciences,"['CAS Key Laboratory of Design and Assembly of Functional Nanostructures, and Fujian Provincial Key Laboratory of Nanomaterials, Fujian Institute of Research on the Structure of Matter, Chinese Academy of Sciences, Fuzhou, 350002 China', 'Laboratory of Advanced Functional Materials, Xiamen Institute of Rare Earth Materials, Haixi Institute, Chinese Academy of Sciences, Xiamen, 361021 China']"
https://openalex.org/W3134219193,https://openalex.org/W2780459020,Light-Induced Anion Phase Segregation in Mixed Halide Perovskites,Michael C. Brennan,https://openalex.org/A5068245539,University of Notre Dame,"['Department of Chemistry and Biochemistry \xa0and\xa0 Notre Dame Radiation Laboratory, University of Notre Dame, Notre Dame, Indiana 46556, United States']"
https://openalex.org/W3134219193,https://openalex.org/W2785916978,Passivation of Grain Boundaries by Phenethylammonium in Formamidinium-Methylammonium Lead Halide Perovskite Solar Cells,Da Seul Lee,https://openalex.org/A5102950142,ARC Centre of Excellence in Advanced Molecular Imaging,"['Australian Centre for Advanced Photovoltaics (ACAP), School of Photovoltaic and Renewable Energy Engineering, University of New South Wales, Sydney, New South Wales 2052, Australia']"
https://openalex.org/W3134219193,https://openalex.org/W2792142358,Large‐Grain Tin‐Rich Perovskite Films for Efficient Solar Cells via Metal Alloying Technique,Mohammad Mahdi Tavakoli,https://openalex.org/A5101887809,Hong Kong University of Science and Technology,"['Department of Electronics and Computer Engineering, The Hong Kong University of Science and Technology, Hong Kong, Clear Water Bay, Kowloon, Hong Kong SAR, China', 'Institut des Sciences et Ingénierie Chimiques Ecole Polytechnique Fédérale de Lausanne (EPFL) EPFL‐BCH  CH‐1015 Lausanne Switzerland']"
https://openalex.org/W3134219193,https://openalex.org/W2793831005,Mixed 3D–2D Passivation Treatment for Mixed‐Cation Lead Mixed‐Halide Perovskite Solar Cells for Higher Efficiency and Better Stability,Yongyoon Cho,https://openalex.org/A5015464891,ARC Centre of Excellence in Advanced Molecular Imaging,"['Australian Centre for Advanced Photovoltaics (ACAP), School of Photovoltaic and Renewable and Engineering, University of New South Wales, Sydney, 2052 Australia']"
https://openalex.org/W3134219193,https://openalex.org/W2885929412,Tin–lead halide perovskites with improved thermal and air stability for efficient all-perovskite tandem solar cells,Tomas Leijtens,https://openalex.org/A5061717946,Stanford University,"['Department of Materials Science, Stanford University, 476 Lomita Mall, Stanford, CA 94305, USA', 'National Renewable Energy Laboratory', 'National Renewable Energy Laboratory, 15013 Denver West Parkway, Golden, CO 80401, USA', 'Stanford', 'Stanford University']"
https://openalex.org/W3134219193,https://openalex.org/W2886767576,Piperazine Suppresses Self-Doping in CsSnI<sub>3</sub> Perovskite Solar Cells,Tze‐Bin Song,https://openalex.org/A5072355374,Northwestern University,"['Department of Chemistry, Northwestern University, 2145 Sheridan Road, Evanston, Illinois 60208, United States']"
https://openalex.org/W3134219193,https://openalex.org/W2889026710,Mixed Halide Perovskite Solar Cells. Consequence of Iodide Treatment on Phase Segregation Recovery,R. Geetha Balakrishna,https://openalex.org/A5085521291,University of Notre Dame,"['Centre for Nano and Material Sciences, Jain University, Ramanagaram, Bangalore 562112, India', 'Radiation Laboratory and Department of Chemistry and Biochemistry, Department of Chemical and Biomolecular Engineering, University of Notre Dame, Notre Dame, Indiana 46556, United States']"
https://openalex.org/W3134219193,https://openalex.org/W2895354889,“Unleaded” Perovskites: Status Quo and Future Prospects of Tin‐Based Perovskite Solar Cells,Weijun Ke,https://openalex.org/A5033061744,Northwestern University,['Department of Chemistry; Northwestern University; Evanston IL 60208 USA']
https://openalex.org/W3134219193,https://openalex.org/W2899532183,"Precursor Concentration Affects Grain Size, Crystal Orientation, and Local Performance in Mixed-Ion Lead Perovskite Solar Cells",Sarah Wieghold,https://openalex.org/A5063168230,Massachusetts Institute of Technology,"['Massachusetts Institute of Technology, 77 Massachusetts Avenue, Cambridge, Massachusetts 02139, United States']"
https://openalex.org/W3134219193,https://openalex.org/W2903174026,Electronic Traps and Phase Segregation in Lead Mixed-Halide Perovskite,Alexander J. Knight,https://openalex.org/A5015541491,University of Oxford,"['Department of Physics, University of Oxford, Clarendon Laboratory, Parks Road, Oxford OX1 3PJ, United Kingdom']"
https://openalex.org/W3134219193,https://openalex.org/W2911095050,Lattice strain causes non-radiative losses in halide perovskites,Timothy W. Jones,https://openalex.org/A5014438392,Commonwealth Scientific and Industrial Research Organisation,"['Australia', 'CSIRO Energy Centre, Mayfield West, NSW 2304, Australia', 'Mayfield West']"
https://openalex.org/W3134219193,https://openalex.org/W2912855605,Homogenized halides and alkali cation segregation in alloyed organic-inorganic perovskites,Juan‐Pablo Correa‐Baena,https://openalex.org/A5018187291,Massachusetts Institute of Technology,"['Massachusetts Institute of Technology, Cambridge, MA 02139, USA.', 'School of Materials Science and Engineering, Georgia Institute of Technology, Atlanta, GA 30332, USA.']"
https://openalex.org/W3134219193,https://openalex.org/W2915789204,Prospects for low-toxicity lead-free perovskite solar cells,Weijun Ke,https://openalex.org/A5033061744,Northwestern University,"['Department of Chemistry, Northwestern University, Evanston, IL, 60208, USA']"
https://openalex.org/W3134219193,https://openalex.org/W2917762001,Composition Stoichiometry of Cs<sub>2</sub>AgBiBr<sub>6</sub> Films for Highly Efficient Lead-Free Perovskite Solar Cells,Femi Igbari,https://openalex.org/A5062551746,Soochow University,"['Jiangsu Key Laboratory for Carbon-Based Functional Materials & Devices, Institute of Functional Nano & Soft Materials (FUNSOM), Soochow University, Suzhou, Jiangsu 215123, China']"
https://openalex.org/W3134219193,https://openalex.org/W2934047558,Surface passivation of perovskite film for efficient solar cells,Qi Jiang,https://openalex.org/A5044278509,Institute of Semiconductors,"['Key Laboratory of Semiconductor Materials Science, Institute of Semiconductors, Chinese Academy of Sciences, Beijing, China']"
https://openalex.org/W3134219193,https://openalex.org/W2938770647,Charge injection and trapping at perovskite interfaces with organic hole transporting materials of different ionization energies,Νικόλαος Δροσερός,https://openalex.org/A5073691625,University of Bern,"['Department of Chemistry and Biochemistry, University of Bern 1 , Freiestrasse 3, CH-3012 Bern, Switzerland']"
https://openalex.org/W3134219193,https://openalex.org/W2940017382,Carrier lifetimes of &gt;1 μs in Sn-Pb perovskites enable efficient all-perovskite tandem solar cells,Jinhui Tong,https://openalex.org/A5079172612,National Renewable Energy Laboratory,"['National Renewable Energy Laboratory, Golden, CO 80401, USA.', 'Renewable and Sustainable Energy Institute, University of Colorado, Boulder, CO 80309, USA.']"
https://openalex.org/W3134219193,https://openalex.org/W2946179131,Partial cation substitution reduces iodide ion transport in lead iodide perovskite solar cells,Dominic Ferdani,https://openalex.org/A5084899499,University of Bath,"['Bath BA2 7AY', 'Department of Chemistry, University of Bath, Bath BA2 7AY, UK', 'UK', 'University of Bath']"
https://openalex.org/W3134219193,https://openalex.org/W2947337502,2D–3D Mixed Organic–Inorganic Perovskite Layers for Solar Cells with Enhanced Efficiency and Stability Induced by <i>n</i>-Propylammonium Iodide Additives,Disheng Yao,https://openalex.org/A5006653768,Queensland University of Technology,"['School of Chemistry, Physics and Mechanical Engineering, Science and Engineering Faculty, Queensland University of Technology, Brisbane 4001, Australia']"
https://openalex.org/W3134219193,https://openalex.org/W2948076064,Accelerated Development of Perovskite-Inspired Materials via High-Throughput Synthesis and Machine-Learning Diagnosis,Shijing Sun,https://openalex.org/A5070476394,Massachusetts Institute of Technology,"['Photovaltaic Research Laboratory, Massachusetts Institute of Technology, Cambridge, MA 02139, USA']"
https://openalex.org/W3134219193,https://openalex.org/W3099070741,Absolute energy level positions in tin- and lead-based halide perovskites,Shuxia Tao,https://openalex.org/A5037141618,Eindhoven University of Technology,"['Center for Computational Energy Research, Department of Applied Physics, Eindhoven University of Technology, P.O. Box 513,, 5600MB, Eindhoven, The Netherlands']"
https://openalex.org/W3134219193,https://openalex.org/W2956795213,The effect of structural dimensionality on carrier mobility in lead-halide perovskites,Noor Titan Putri Hartono,https://openalex.org/A5025676521,Massachusetts Institute of Technology,"['Cambridge', 'Massachusetts Institute of Technology, 77 Massachusetts Avenue, Cambridge, MA 02139, USA', 'USA']"
https://openalex.org/W3134219193,https://openalex.org/W2968005694,Electron–Phonon Couplings Inherent in Polarons Drive Exciton Dynamics in Two-Dimensional Metal-Halide Perovskites,Félix Thouin,https://openalex.org/A5008622332,Georgia Institute of Technology,"['School of Physics, Georgia Institute of Technology, 837 State Street NW, Atlanta, Georgia 30332, United States']"
https://openalex.org/W3134219193,https://openalex.org/W2970722630,The Role of Grain Boundaries in Perovskite Solar Cells,Andrés‐Felipe Castro‐Méndez,https://openalex.org/A5046454478,Georgia Institute of Technology,"['School of Materials Science and Engineering, Georgia Institute of Technology, Atlanta, GA, 30332 USA']"
https://openalex.org/W3134219193,https://openalex.org/W2977246986,"Design of low bandgap tin–lead halide perovskite solar cells to achieve thermal, atmospheric and operational stability",Rohit Prasanna,https://openalex.org/A5055501803,Stanford University,"['Materials Science and Engineering, Stanford University, Stanford, CA, USA']"
https://openalex.org/W3134219193,https://openalex.org/W2982186863,Nanoscale mapping of chemical composition in organic-inorganic hybrid perovskite films,Rodrigo Szostak,https://openalex.org/A5081924144,Universidade Estadual de Campinas (UNICAMP),"['Brazilian Synchrotron Light Laboratory (LNLS), Brazilian Center for Research in Energy and Materials (CNPEM), Campinas, SP 13083-970, Brazil.', 'University of Campinas (UNICAMP), Laboratório de Nanotecnologia e Energia Solar, Chemistry Institute, Campinas, PO Box 6154, 13083-970, Brazil.']"
https://openalex.org/W3134219193,https://openalex.org/W2989860859,Revealing the origin of voltage loss in mixed-halide perovskite solar cells,Suhas Mahesh,https://openalex.org/A5009269011,University of Oxford,"['Clarendon Laboratory, University of Oxford, Parks Road, Oxford OX1 3PU, UK', 'Oxford OX1 3PU', 'UK']"
https://openalex.org/W3134219193,https://openalex.org/W2989886758,How Interplay between Photo and Thermal Activation Dictates Halide Ion Segregation in Mixed Halide Perovskites,Tor Elmelund,https://openalex.org/A5054106338,Technical University of Denmark,"['Radiation Laboratory and Department of Chemistry & Biochemistry, University of Notre Dame, Notre Dame, Indiana 46556, United States', 'SurfCat, Department of Physics, Technical University of Denmark, 2800 Kgs. Lyngby, Denmark']"
https://openalex.org/W3134219193,https://openalex.org/W2995055796,Structural Origins of Light-Induced Phase Segregation in Organic-Inorganic Halide Perovskite Photovoltaic Materials,Rachel E. Beal,https://openalex.org/A5025271380,SLAC National Accelerator Laboratory,"['Department of Materials Science and Engineering, Stanford University, Stanford, CA 94305, USA', 'SSRL Materials Science Division, SLAC National Accelerator Laboratory, Menlo Park, CA 94025, USA']"
https://openalex.org/W3134219193,https://openalex.org/W3001076034,Biological impact of lead from halide perovskites reveals the risk of introducing a safe threshold,Junming Li,https://openalex.org/A5100638178,Fujian Agriculture and Forestry University,"['Fujian Provincial Key Laboratory of Soil Environmental Health and Regulation, College of Resources and Environment, Fujian Agriculture and Forestry University, Fuzhou, Fujian, 350002, P.R. China']"
https://openalex.org/W3134219193,https://openalex.org/W3009313375,Photoinduced Anion Segregation in Mixed Halide Perovskites,Michael C. Brennan,https://openalex.org/A5068245539,University of Notre Dame,"['Department of Chemistry and Biochemistry, University of Notre Dame, Notre Dame, IN 46556, USA', 'International Doctoral Program in Science, Università Cattolica del Sacro Cuore, Via Musei 41, 25121, Brescia, Italy']"
https://openalex.org/W3134219193,https://openalex.org/W3035579699,Encyclopedia of Analytical Chemistry,Freek Ariese,https://openalex.org/A5027525221,Indian Institute of Science Bangalore,"['Indian Institute of Science, Bangalore, India']"
https://openalex.org/W3134219193,https://openalex.org/W3080891749,Current Density Mismatch in Perovskite Solar Cells,Michael Saliba,https://openalex.org/A5047782764,University of Stuttgart,"['Helmholtz Young Investigator Group FRONTRUNNER, Forschungszentrum Jülich, Germany', 'Institute of Photovoltaics (ipv), University of Stuttgart, Stuttgart, Germany']"
https://openalex.org/W3134219193,https://openalex.org/W3100648056,Touching is believing: interrogating halide perovskite solar cells at the nanoscale via scanning probe microscopy,Jiangyu Li,https://openalex.org/A5061932133,Shenzhen Institutes of Advanced Technology,"['Shenzhen Key Laboratory of Nanobiomechanics, Shenzhen Institutes of Advanced Technology, Chinese Academy of Sciences, Shenzhen, 518055, Guangdong, China']"
https://openalex.org/W3205625675,https://openalex.org/W1919201962,Manipulating Aggregation and Molecular Orientation in All‐Polymer Photovoltaic Cells,Long Ye,https://openalex.org/A5070675021,Beijing National Laboratory for Molecular Sciences,['State Key Laboratory of Polymer Physics and Chemistry Beijing National Laboratory for Molecular Sciences Institute of Chemistry Chinese Academy of Sciences  Beijing 100190 P.R. China']
https://openalex.org/W3205625675,https://openalex.org/W1967129554,Quantitative analysis of lattice disorder and crystallite size in organic semiconductor thin films,Jonathan Rivnay,https://openalex.org/A5066036682,Stanford University,"['Materials Science and Engineering, Stanford University, Stanford, California 94305, USA.']"
https://openalex.org/W3205625675,https://openalex.org/W1989672785,"Effect of Polymorphism, Regioregularity and Paracrystallinity on Charge Transport in Poly(3-hexylthiophene) [P3HT] Nanofibers",Carl Poelking,https://openalex.org/A5034992311,Max Planck Institute for Polymer Research,"['Max Planck Institute for Polymer Research, Ackermannweg 10, 55128 Mainz, Germany']"
https://openalex.org/W3205625675,https://openalex.org/W1997947072,"The impact of molecular weight on microstructure and charge transport in semicrystalline polymer semiconductors–poly(3-hexylthiophene), a model study",Felix P. Koch,https://openalex.org/A5104192367,Board of the Swiss Federal Institutes of Technology,"['Department of Materials, Eidgenössische Technische Hochssuchule (ETH), Zürich, Switzerland']"
https://openalex.org/W3205625675,https://openalex.org/W2014107908,Density-functional based determination of intermolecular charge transfer properties for large-scale morphologies,Björn Baumeier,https://openalex.org/A5006425247,Max Planck Institute for Polymer Research,"['Max Planck Institute for Polymer Research, Ackermannweg 10, D-55128 Mainz, Germany. baumeier@mpip-mainz.mpg.de']"
https://openalex.org/W3205625675,https://openalex.org/W2014740678,High-Throughput Fabrication of Organic Nanowire Devices with Preferential Internal Alignment and Improved Performance,Zhijun Hu,https://openalex.org/A5062450588,UCLouvain,"['Unité de Physique et de Chimie des Hauts Polymères (POLY), Research Center in Micro- and Nanoscopic Materials and Electronic Devices, CeRMiN, Université catholique de Louvain, Place Croix du Sud 1, B-1348 Louvain-la-Neuve, Belgium, Unité de Chimie des Matériaux Inorganiques et Organiques (CMAT), Université catholique de Louvain, Place L. Pasteur 1, B-1348 Louvain-la-Neuve, Belgium, Unité des Dispositifs Intégrés et Circuits Electroniques (DICE), Université catholique de Louvain, Place du Levant 3, B-1348...']"
https://openalex.org/W3205625675,https://openalex.org/W2035649072,Determining exciton coherence from the photoluminescence spectral line shape in poly(3-hexylthiophene) thin films,Frank C. Spano,https://openalex.org/A5061558119,Temple University,"['Temple University 1 Department of Chemistry, , Philadelphia, Pennsylvania 19122, USA']"
https://openalex.org/W3205625675,https://openalex.org/W2037368783,Twist glass transition in regioregulated poly(3-alkylthiophene),Koji Yazawa,https://openalex.org/A5065493911,Tokyo Institute of Technology,"['Department of Biomolecular Engineering, Tokyo Institute of Technology, 4259 Nagatsuta-cho, Midori-ku, Yokohama, Kanagawa 226-8501, Japan']"
https://openalex.org/W3205625675,https://openalex.org/W2042642528,The orientation of molecules in fibers,W. O. Statton,https://openalex.org/A5085492299,DuPont (United States),"['Carothers Research Laboratory, E. I. du Pont de Nemours & Co., Inc., Wilmington, Delaware 19898']"
https://openalex.org/W3205625675,https://openalex.org/W2046483131,Interplay between intrachain and interchain interactions in semiconducting polymer assemblies: The HJ-aggregate model,H. Yamagata,https://openalex.org/A5045137349,Temple University,"['Temple University Department of Chemistry, , Philadelphia, Pennsylvania 19122, USA']"
https://openalex.org/W3205625675,https://openalex.org/W2046704339,Elastomeric Transistor Stamps: Reversible Probing of Charge Transport in Organic Crystals,Vikram Sundar,https://openalex.org/A5089032891,"Rutgers, The State University of New Jersey","['Bell Laboratories, Lucent Technologies, Murray Hill, NJ 07974, USA.', 'Department of Materials Science and Engineering, Department of Chemistry, Beckman Institute and Seitz Materials Research Laboratory, University of Illinois, Urbana-Champaign, IL 61801, USA.', 'Department of Physics and Astronomy, Rutgers University, Piscataway, NJ 08854, USA.']"
https://openalex.org/W3205625675,https://openalex.org/W2048790505,2D Versus 3D Crystalline Order in Thin Films of Regioregular Poly(3‐hexylthiophene) Oriented by Mechanical Rubbing and Epitaxy,Lucia Hartmann,https://openalex.org/A5037236299,error,[]
https://openalex.org/W3205625675,https://openalex.org/W2049159857,Effect of Molecular Weight on the Structure and Morphology of Oriented Thin Films of Regioregular Poly(3‐hexylthiophene) Grown by Directional Epitaxial Solidification,Martin Brinkmann,https://openalex.org/A5103257086,Institut Charles Sadron,"['Institut Charles Sadron, 6 Rue Boussingault, 67083 Strasbourg, France']"
https://openalex.org/W3205625675,https://openalex.org/W2054529414,Fabrication of Stretch-Oriented Regioregular Poly(3-Hexylthiophene) film and Its Application to Organic Field-Effect Transistors,Takeshi Yasuda,https://openalex.org/A5000975718,National Institute for Materials Science,"['Exploratory Materials Research Laboratory for Energy and Environment, National Institute for Materials Science (NIMS)', 'PRESTO, Japan Science and Technology Agency']"
https://openalex.org/W3205625675,https://openalex.org/W2054810869,"A general relationship between disorder, aggregation and charge transport in conjugated polymers",Rodrigo Noriega,https://openalex.org/A5002553841,"University of California, Berkeley","['Department of Applied Physics, Stanford University, Stanford, California 94305, USA', 'Present addresses: Department of Chemistry, University of California Berkeley, 94720, USA (R.N.); Department of Bioelectronics, Ecole Nationale Supérieure des Mines, CMP-EMSE, MOC, 13541 Gardanne, France (J.R.),']"
https://openalex.org/W3205625675,https://openalex.org/W2056580069,Microstructural Characterization and Charge Transport in Thin Films of Conjugated Polymers,Alberto Salleo,https://openalex.org/A5075568011,Stanford University,"['Materials Science and Engineering, Stanford, CA 94305, USA. asalleo@stanford.edu']"
https://openalex.org/W3205625675,https://openalex.org/W2058631786,"Tough, Semiconducting Polyethylene-poly(3-hexylthiophene) Diblock Copolymers",Christian Müller,https://openalex.org/A5027252979,error,[]
https://openalex.org/W3205625675,https://openalex.org/W2060504225,Nanorubbing of Polythiophene Surfaces,Gwennaëlle Derue,https://openalex.org/A5071431276,Materia Nova,"['Laboratoire de Physicochimie des Polymères, Service de Chimie des Matériaux Nouveaux, Université de Mons-Hainaut, 20, Place du Parc, B-7000 Mons, Belgium, and Materia-Nova, Parc Initialis, Avenue Nicolas Copernic, B-7000 Mons, Belgium']"
https://openalex.org/W3205625675,https://openalex.org/W2063495388,Solid‐State Processing of Organic Semiconductors,Mohammed A. Baklar,https://openalex.org/A5079616183,ETH Zurich,"['Department of Materials, Department of Chemistry and Department of Physics, Imperial College London, London SW7 2AZ (UK)', 'Department of Materials, ETH Zürich, CH-8093 Zürich (Switzerland)']"
https://openalex.org/W3205625675,https://openalex.org/W2073846173,Highly Oriented and Nanotextured Films of Regioregular Poly(3-hexylthiophene) Grown by Epitaxy on the Nanostructured Surface of an Aromatic Substrate,Martin Brinkmann,https://openalex.org/A5103257086,Université de Strasbourg,"['Institut Charles Sadron, CNRS- University of Strasbourg, 23 rue du loess, 67034 Strasbourg, France']"
https://openalex.org/W3205625675,https://openalex.org/W2084044385,Nano-Confinement Induced Chain Alignment in Ordered P3HT Nanostructures Defined by Nanoimprint Lithography,Mukti Aryal,https://openalex.org/A5038986488,The University of Texas at Dallas,"['[Department of Electrical Engineering, The University of Texas at Dallas, Richardson, Texas, USA]']"
https://openalex.org/W3205625675,https://openalex.org/W2085206021,Anisotropic Structure and Charge Transport in Highly Strain-Aligned Regioregular Poly(3-hexylthiophene),Brendan T. O’Connor,https://openalex.org/A5074307166,National Institute of Standards and Technology,"['Polymers Division National Institute of Standards and Technology Gaithersburg, MD 20899 USA']"
https://openalex.org/W3205625675,https://openalex.org/W2086494095,The influence of mechanical rubbing on the field-effect mobility in polyhexylthiophene,H. Heil,https://openalex.org/A5075560630,Technical University of Darmstadt,"['Institute of Materials Science, Darmstadt University of Technology, Darmstadt, Germany']"
https://openalex.org/W3205625675,https://openalex.org/W2106598924,Anisotropic Charge Transport in Spherulitic Poly(3‐hexylthiophene) Films,Edward J. W. Crossland,https://openalex.org/A5020316750,University of Freiburg,"['Freiburg Institute for Advanced Studies (FRIAS), University of Freiburg, Albertstr. 19, 79104 Freiburg, Germany', 'Freiburg Materials Research Center and Institute for Macromolecular, Chemistry University of Freiburg Stefan-Meier-Str. 21, 79104 Freiburg, Germany']"
https://openalex.org/W3205625675,https://openalex.org/W2111421758,Enhanced vertical carrier mobility in poly(3-alkylthiophene) thin films sandwiched between self-assembled monolayers and surface-segregated layers,Jusha Ma,https://openalex.org/A5017793909,Beijing Institute of Technology,"['Beijing 100081, China', 'Beijing Institute of Technology', 'Department of Applied Chemistry, School of Engineering, The University of Tokyo, 7-3-1 Hongo, Bunkyo-ku, Tokyo 113-8656, Japan', 'School of Engineering', 'School of Material Science and Engineering, Beijing Institute of Technology, 5 South Zhongguancun Street, Beijing 100081, China']"
https://openalex.org/W3205625675,https://openalex.org/W2114362270,Effect of Molecular Structure on the Short-Term and Long-Term Mechanical Behavior of High-Density Polyethylene,Yashar Behjat,https://openalex.org/A5052549333,University of Waterloo,"['M.Sc. Candidate, Dept. of Civil and Environmental Engineering, Univ. of Waterloo, Waterloo ON, Canada N2L 3G1.']"
https://openalex.org/W3205625675,https://openalex.org/W2116552702,Highly oriented crystals at the buried interface in polythiophene thin-film transistors,R. Joseph Kline,https://openalex.org/A5069122427,Stanford University,"['Department of Materials Science and Engineering, Stanford University, Stanford, California, 94305, USA']"
https://openalex.org/W3205625675,https://openalex.org/W2120116525,3D conducting polymer platforms for electrical control of protein conformation and cellular functions,Alwin M. D. Wan,https://openalex.org/A5068460676,Cornell University,"['Department of Biomedical Engineering', 'Department of Biomedical Engineering, Cornell University, Ithaca, NY 14853, USA', 'Department of Materials Science and Engineering, Cornell University, Ithaca, NY 14853, USA', 'Ithaca', 'USA']"
https://openalex.org/W3205625675,https://openalex.org/W2129052806,One‐Step Macroscopic Alignment of Conjugated Polymer Systems by Epitaxial Crystallization during Spin‐Coating,Christian Müller,https://openalex.org/A5027252979,Institut de Ciència de Materials de Barcelona,['Institut de Ciència de Materials de Barcelona (ICMAB-CSIC) Esfera de la UAB 08193 Bellaterra Spain']
https://openalex.org/W3205625675,https://openalex.org/W2162475282,Higher‐Order Organization by Mesoscale Self‐Assembly and Transformation of Hybrid Nanostructures,Helmut Cölfen,https://openalex.org/A5066573214,Max Planck Institute of Colloids and Interfaces,"['Max-Planck-Institut für Kolloid- und Grenzflächenforschung, Kolloidchemie, Forschungscampus Golm, 14424 Potsdam, Germany']"
https://openalex.org/W3205625675,https://openalex.org/W2165130823,Contact-induced crystallinity for high-performance soluble acene-based transistors and circuits,David J. Gundlach,https://openalex.org/A5032055975,National Institute of Standards and Technology,"['Semiconductor Electronics Division, Electronics and Electrical Engineering Laboratory, National Institute of Standards and Technology, Gaithersburg, Maryland 20899-8120, USA']"
https://openalex.org/W3205625675,https://openalex.org/W2246610016,"Percolation, Tie-Molecules, and the Microstructural Determinants of Charge Transport in Semicrystalline Conjugated Polymers",Sonya Mollinger,https://openalex.org/A5037747289,error,[]
https://openalex.org/W3205625675,https://openalex.org/W2277311694,High-performance transistors for bioelectronics through tuning of channel thickness,Jonathan Rivnay,https://openalex.org/A5066036682,BioElectronics (United States),['Département Bioélectronique']
https://openalex.org/W3205625675,https://openalex.org/W2288730308,Ultrahigh Mobility in an Organic Semiconductor by Vertical Chain Alignment,Vasyl Skrypnychuk,https://openalex.org/A5079870447,Umeå University,['Nano‐Engineered Materials &amp; Organic Electronics Laboratory Umeå University  Umeå 90187 Sweden']
https://openalex.org/W3205625675,https://openalex.org/W2317393167,Effect of Polymer Chain Folding on the Transition from H- to J-Aggregate Behavior in P3HT Nanofibers,Mina Baghgar,https://openalex.org/A5031014975,University of Massachusetts Amherst,"['Department\rof Physics, University of Massachusetts, 411 Hasbrouck Laboratory, North\rPleasant Street, Amherst, MA 01003']"
https://openalex.org/W3205625675,https://openalex.org/W2321115940,Polymorphism and Structural Transition around 54 °C in Regioregular Poly(3-hexylthiophene) with High Crystallinity As Revealed by Infrared Spectroscopy,Yuan Yuan,https://openalex.org/A5100334767,Qingdao University of Science and Technology,"[""Key Laboratory of Rubber‐Plastics, Ministry of Education/Shandong Provincial Key Laboratory of Rubber‐Plastics, Qingdao University of Science and Technology, Qingdao City 266042, People's Republic of China""]"
https://openalex.org/W3205625675,https://openalex.org/W2462562427,"Thermoelectric plastics: from design to synthesis, processing and structure–property relationships",Renee Kroon,https://openalex.org/A5072341826,Chalmers University of Technology,"['41296 Göteborg', 'Chalmers University of Technology', 'Department of Chemistry and Chemical Engineering', 'Sweden']"
https://openalex.org/W3205625675,https://openalex.org/W2498402263,Highly anisotropic P3HT films with enhanced thermoelectric performance via organic small molecule epitaxy,Sanyin Qu,https://openalex.org/A5077365898,Chinese Academy of Sciences,"['State Key Laboratory of High Performance Ceramics and Superfine Microstructure, Shanghai Institute of Ceramics, Chinese Academy of Sciences, Shanghai, China']"
https://openalex.org/W3205625675,https://openalex.org/W2559916201,Melt‐Processing of Complementary Semiconducting Polymer Blends for High Performance Organic Transistors,Yan Zhao,https://openalex.org/A5100758533,Purdue University West Lafayette,"['Department of Chemistry, Purdue University, West Lafayette, IN, 47907 USA']"
https://openalex.org/W3205625675,https://openalex.org/W2564760665,Charge transport perpendicular to the high mobility plane in organic crystals: Bandlike temperature dependence maintained despite hundredfold anisotropy,Balthasar Blülle,https://openalex.org/A5018294272,ETH Zurich,"['Laboratory for Solid State Physics, ETH Zürich, 8093, Zürich, Switzerland.']"
https://openalex.org/W3205625675,https://openalex.org/W2566193558,The rise of plastic bioelectronics,Takao Someya,https://openalex.org/A5008853188,The University of Tokyo,"['Department of Electrical and Electronic Engineering, University of Tokyo, Tokyo, 113-8656, Japan']"
https://openalex.org/W3205625675,https://openalex.org/W2624615945,Approaching Intra‐ and Interchain Charge Transport of Conjugated Polymers Facilely by Topochemical Polymerized Single Crystals,Yifan Yao,https://openalex.org/A5104112781,Beijing National Laboratory for Molecular Sciences,['Beijing National Laboratory for Molecular Sciences Key Laboratory of Organic Solids Institute of Chemistry Chinese Academy of Sciences Beijing 100190 China']
https://openalex.org/W3205625675,https://openalex.org/W2733737825,Uniaxial orientation of P3HT film prepared by soft friction transfer method,Masayoshi Imanishi,https://openalex.org/A5083668140,Hiroshima University,"['Department of Chemistry, Graduate School of Science, Hiroshima University, 1-3-1 Kagamiyama, Higashi-hiroshima, Hiroshima, 739-8526, Japan']"
https://openalex.org/W3205625675,https://openalex.org/W2765185220,Bulk Doping of Millimeter‐Thick Conjugated Polymer Foams for Plastic Thermoelectrics,Renee Kroon,https://openalex.org/A5072341826,Chalmers University of Technology,['Department of Chemistry and Chemical Engineering Chalmers University of Technology  41296 Göteborg Sweden']
https://openalex.org/W3205625675,https://openalex.org/W2767768510,All‐Polymer Solar Cells Based on a Conjugated Polymer Containing Siloxane‐Functionalized Side Chains with Efficiency over 10%,Baobing Fan,https://openalex.org/A5080880309,South China University of Technology,"['Institute of Polymer Optoelectronic Materials and Devices, State Key Laboratory of Luminescent Materials and Devices, South China University of Technology, Guangzhou, 510640 P. R. China']"
https://openalex.org/W3205625675,https://openalex.org/W2769239311,Flexible and Semitransparent Organic Solar Cells,Yaowen Li,https://openalex.org/A5079766796,Soochow University,"['Laboratory of Advanced Optoelectronic Materials, College of Chemistry, Chemical Engineering and Materials Science, Soochow University, Suzhou, 215123 P. R. China']"
https://openalex.org/W3205625675,https://openalex.org/W2783669443,Attaining Melt Processing of Complementary Semiconducting Polymer Blends at 130 °C via Side-Chain Engineering,Aristide Gumyusenge,https://openalex.org/A5086728029,Purdue University West Lafayette,"['Department of Chemistry, Purdue University, 560 Oval Drive, West Lafayette, Indiana 47907, United States']"
https://openalex.org/W3205625675,https://openalex.org/W2787281953,Direct Calorimetric Observation of the Rigid Amorphous Fraction in a Semiconducting Polymer,Jaime Martín,https://openalex.org/A5103086995,Polymat,"['Centre\rfor Plastic Electronics and Department of Materials, Imperial College London, Exhibition Road, London, SW7 2AZ, United Kingdom', 'POLYMAT, University of the Basque Country UPV/EHU, Avenida de Tolosa 72, 20018 Donostia-San Sebastián, Spain']"
https://openalex.org/W3205625675,https://openalex.org/W2795166334,Energy harvesting textiles for a rainy day: woven piezoelectrics based on melt-spun PVDF microfibres with a conducting core,Anja Lund,https://openalex.org/A5027133605,Chalmers University of Technology,"['Department of Chemistry and Chemical Engineering, Chalmers University of Technology, Göteborg, 412 96, Sweden']"
https://openalex.org/W3205625675,https://openalex.org/W2805991087,Conjugated Polymers in Bioelectronics,Sahika Inal,https://openalex.org/A5040014905,King Abdullah University of Science and Technology,"['Biological and Environmental Sciences and Engineering Division, King Abdullah University of Science and Technology (KAUST), Thuwal 23955-6900, Kingdom of Saudi Arabia']"
https://openalex.org/W3205625675,https://openalex.org/W2810692780,Organic Photovoltaics over Three Decades,Olle Inganäs,https://openalex.org/A5041512952,Linköping University,['Biomolecular and Organic Electronics Department of Physics Chemistry and Biology (IFM) Linköping University  S‐581 83 Linköping Sweden']
https://openalex.org/W3205625675,https://openalex.org/W2884791077,Recent Progress in High‐Mobility Organic Transistors: A Reality Check,Alexandra F. Paterson,https://openalex.org/A5005979230,King Abdullah University of Science and Technology,"['Division of Physical Sciences and Engineering, King Abdullah University of Science and Technology, Thuwal, 23955-6900 Saudi Arabia']"
https://openalex.org/W3205625675,https://openalex.org/W2892145857,Development of Organic Semiconductor Photodetectors: From Mechanism to Applications,Dezhi Yang,https://openalex.org/A5051512156,South China University of Technology,['Institute of Polymer Optoelectronic Materials and Devices State Key Laboratory of Luminescent Materials and Devices South China University of Technology Guangzhou 510640 P. R. China']
https://openalex.org/W3205625675,https://openalex.org/W2897652188,Characterisation of charge carrier transport in thin organic semiconductor layers by time-of-flight photocurrent measurements,Gvido Bratina,https://openalex.org/A5064873309,University of Nova Gorica,"['Laboratory for Organic Matter Physics, University of Nova Gorica, Vipavska 13, SI-5000, Nova Gorica, Slovenia']"
https://openalex.org/W3205625675,https://openalex.org/W2899666934,Chemical and Biomolecule Sensing with Organic Field-Effect Transistors,Hui Li,https://openalex.org/A5100423883,Johns Hopkins University,"['Department of Materials Science and Engineering, Johns Hopkins University, Baltimore, Maryland 21218, United States']"
https://openalex.org/W3205625675,https://openalex.org/W2900276814,Fast response organic photodetectors with a thick photoconversion region and fullerene transport layer,C. H. Swartz,https://openalex.org/A5042193949,University of Southern Mississippi,"['Department of Physics and Astronomy, University of Southern Mississippi, 118 College Dr., Hattiesburg, MS 39406, United States']"
https://openalex.org/W3205625675,https://openalex.org/W2907395403,Recent progress in printable organic field effect transistors,Wei Tang,https://openalex.org/A5058315876,Shanghai Jiao Tong University,"['Department of Electronic Engineering, School of Electronic Information and Electrical Engineering, Shanghai Jiao Tong University, Shanghai 200240, China']"
https://openalex.org/W3205625675,https://openalex.org/W2921719613,Conjugated polymer single crystals and nanowires,Xinxiu Cao,https://openalex.org/A5024678006,Hunan University of Science and Technology,"['Hunan Provincial Key Laboratory of Advanced Materials for New Energy Storage and Conversion, School of Materials Science and Engineering, Hunan University of Science and Technology, Xiangtan, P. R. China']"
https://openalex.org/W3205625675,https://openalex.org/W2934132923,Polymer-based flexible bioelectronics,Xiaoying Wu,https://openalex.org/A5006114877,Fudan University,"['State Key Laboratory of Molecular Engineering of Polymers, Department of Macromolecular Science, and Laboratory of Advanced Materials, Fudan University, Shanghai 200438, China']"
https://openalex.org/W3205625675,https://openalex.org/W2957480381,Will organic thermoelectrics get hot?,Mariano Campoy‐Quiles,https://openalex.org/A5029700996,Institut de Ciència de Materials de Barcelona,"['Institute of Materials Science of Barcelona (ICMAB-CSIC), Campus UAB, Bellaterra 08193, Spain']"
https://openalex.org/W3205625675,https://openalex.org/W2974898904,Dynamic covalent conjugated polymer epitaxy on graphene,Lea Assies,https://openalex.org/A5057541085,"Czech Academy of Sciences, J. Heyrovský Institute of Physical Chemistry",['J. Heyrovský Institute of Physical Chemistry of the ASCR']
https://openalex.org/W3205625675,https://openalex.org/W3007782756,Investigation and Control of Charge Transport Anisotropy in Highly Oriented Friction-Transferred Polythiophene Thin Films,Nikita Kumari,https://openalex.org/A5068935313,Kyushu Institute of Technology,"['Graduate School of Life Science and Systems Engineering, Kyushu Institute of Technology, 2-4 Hibikino, Wakamatsu, Kitakyushu 8080196, Japan']"
https://openalex.org/W3205625675,https://openalex.org/W3024101314,Over What Length Scale Does an Inorganic Substrate Perturb the Structure of a Glassy Organic Semiconductor?,Kushal Bagchi,https://openalex.org/A5012682395,University of Wisconsin–Madison,"['Department of Chemistry, University of Wisconsin—Madison, Madison, Wisconsin 53706, United States']"
https://openalex.org/W3205625675,https://openalex.org/W3028491687,Increasing N2200 Charge Transport Mobility to Improve Performance of All Polymer Solar Cells by Forming a Percolation Network Structure,Yan Ye,https://openalex.org/A5102206548,Chinese Academy of Sciences,"['School of Applied Chemistry and Engineering, University of Science and Technology of China, Hefei, China', 'State Key Laboratory of Polymer Physics and Chemistry, Changchun Institute of Applied Chemistry, Chinese Academy of Sciences, Changchun, China']"
https://openalex.org/W3205625675,https://openalex.org/W3038194731,Texture and nanostructural engineering of conjugated conducting and semiconducting polymers,Meysam Heydari Gharahcheshmeh,https://openalex.org/A5032082955,Massachusetts Institute of Technology,"['Department of Chemical Engineering, Massachusetts Institute of Technology, 77 Massachusetts Avenue, Cambridge, MA, 02139, United States']"
https://openalex.org/W3205625675,https://openalex.org/W3087471127,Tuning Organic Semiconductor Alignment and Aggregation via Nanoconfinement,Alexander M. Haruk,https://openalex.org/A5032740858,Binghamton University,"['Department of Chemistry, Binghamton University, Binghamton, New York 13902, United States']"
https://openalex.org/W4322622589,https://openalex.org/W1522434420,Intrinsic homogeneous linewidth and broadening mechanisms of excitons in monolayer transition metal dichalcogenides,Galan Moody,https://openalex.org/A5086781820,The University of Texas at Austin,"['Department of Physics and Center for Complex Quantum Systems, University of Texas at Austin, Austin, Texas 78712, USA.']"
https://openalex.org/W4322622589,https://openalex.org/W1596845954,A Stochastic Theory of Line Shape,Ryogo Kubo,https://openalex.org/A5014821132,The University of Tokyo,"['Department of Physics, University of Tokyo (Japan)']"
https://openalex.org/W4322622589,https://openalex.org/W1914728182,Two-Quantum Many-Body Coherences in Two-Dimensional Fourier-Transform Spectra of Exciton Resonances in Semiconductor Quantum Wells,D. Karaiskaj,https://openalex.org/A5084456747,National Institute of Standards and Technology,"['JILA, National Institute of Standards and Technology and University of Colorado, Boulder, Colorado 80309-0440, USA.']"
https://openalex.org/W4322622589,https://openalex.org/W1972491506,Luminescence of copper halides excited by a high power laser,J. B. Grün,https://openalex.org/A5056978233,Institut de Physique,"[""Laboratoire de Spectroscopie et d'Optique du Corps Solide (associéau C.N.R.S.), Institut de Physique, Universitéde Strasbourg, France""]"
https://openalex.org/W4322622589,https://openalex.org/W1973362186,Stochastic theory of resonance Raman line shapes of polyatomic molecules in condensed phases,Shaul Mukamel,https://openalex.org/A5085637107,University of Rochester,"['Department of Chemistry, University of Rochester, Rochester, New York 14627']"
https://openalex.org/W4322622589,https://openalex.org/W1974802781,Two-Dimensional Line Shapes Derived from Coherent Third-Order Nonlinear Spectroscopy,Andrei Tokmakoff,https://openalex.org/A5021659494,Massachusetts Institute of Technology,"['Department of Chemistry, Massachusetts Institute of Technology, Cambridge, Massachusetts 02139']"
https://openalex.org/W4322622589,https://openalex.org/W1979311032,Two-Quantum 2D FT Electronic Spectroscopy of Biexcitons in GaAs Quantum Wells,Katherine W. Stone,https://openalex.org/A5072474104,Massachusetts Institute of Technology,"['Department of Chemistry, Massachusetts Institute of Technology, Cambridge, MA, 02139-4307, USA']"
https://openalex.org/W4322622589,https://openalex.org/W1979529212,Polarization dependence of dephasing processes: A probe for many-body effects,T. Rappen,https://openalex.org/A5023693472,TU Dortmund University,"['Institut für Physik, Universität Dortmund, D-44221 Dortmund, Federal Republic of Germany']"
https://openalex.org/W4322622589,https://openalex.org/W1985767043,"Exciton-Exciton Interaction in CdS, CdSe, and ZnO",Douglas Magde,https://openalex.org/A5030278819,Cornell University,"['Laboratory of Atomic and Solid State Physics, Cornell University, Ithaca, New York 14850']"
https://openalex.org/W4322622589,https://openalex.org/W1989868128,Quantenmechanik der Sto�vorg�nge,Max Born,https://openalex.org/A5104357209,error,['Göttingen']
https://openalex.org/W4322622589,https://openalex.org/W2000705786,Some generalizations of the Marcinkiewicz theorem and its implications to certain approximation schemes in many-particle physics,A. K. Rajagopal,https://openalex.org/A5042431022,Indian Institute of Science Bangalore,"['Indian Institute of Science Bangalore', 'Louisiana State University']"
https://openalex.org/W4322622589,https://openalex.org/W2001141362,Interaction-induced effects in the nonlinear coherent response of quantum-well excitons,Hans Wägner,https://openalex.org/A5070440879,Chemnitz University of Technology,"['Institut für Physik, TU Chemnitz, 09107 Chemnitz, Germany']"
https://openalex.org/W4322622589,https://openalex.org/W2001454862,Sharp-Line Photoluminescence and Two-Photon Absorption of Zero-Dimensional Biexcitons in a GaAs/AlGaAs Structure,K. Brunner,https://openalex.org/A5051873370,Technical University of Munich,"['Walter Schottky Institut, Technische Universität München, Am Coulombwall,#N#D-85748 Garching, Germany']"
https://openalex.org/W4322622589,https://openalex.org/W2007556342,A Mathematical Model for the Narrowing of Spectral Lines by Exchange or Motion,P. W. Anderson,https://openalex.org/A5061367232,error,"['Bell Telephone Laboratories, Inc. Fulbright Lecturer, Tokyo University']"
https://openalex.org/W4322622589,https://openalex.org/W2017805558,Coherent Two-Dimensional Optical Spectroscopy,Minhaeng Cho,https://openalex.org/A5027685378,Korea Basic Science Institute,"['Department of Chemistry and Center for Multidimensional Spectroscopy, Korea University, Seoul 136-701, Korea, and Multidimensional Spectroscopy Laboratory, Korea Basic Science Institute, Seoul 136-713, Korea']"
https://openalex.org/W4322622589,https://openalex.org/W2018556909,Coherent Excitonic Coupling in an Asymmetric Double InGaAs Quantum Well Arises from Many-Body Effects,Gaël Nardin,https://openalex.org/A5062402356,National Institute of Standards and Technology,"['JILA, University of Colorado and National Institute of Standards and Technology, Boulder, Colorado 80309-0440, USA']"
https://openalex.org/W4322622589,https://openalex.org/W2018847972,Ultrafast Phase Relaxation of Excitons via Exciton-Exciton and Exciton-Electron Collisions,L. Schultheis,https://openalex.org/A5091102481,Max Planck Society,"['Max-Planck-Institut für Festkörperforschung, D-7000 Stuttgart-80, Federal Republic of Germany']"
https://openalex.org/W4322622589,https://openalex.org/W2023518612,Biexcitons in GaAs quantum wells,Robert C. Miller,https://openalex.org/A5101416108,error,"['Bell Laboratories, Murray Hill, New Jersey 07974']"
https://openalex.org/W4322622589,https://openalex.org/W2030634135,Coherent measurements of high-order electronic correlations in quantum wells,Daniel B. Turner,https://openalex.org/A5078206358,Massachusetts Institute of Technology,"['Department of Chemistry, Massachusetts Institute of Technology, Cambridge,. Massachusetts 02139 (USA)']"
https://openalex.org/W4322622589,https://openalex.org/W2031776844,Exciton-exciton and exciton-phonon interactions in an interfacial GaAs quantum dot ensemble,Galan Moody,https://openalex.org/A5086781820,University of Colorado Boulder,"['Department of Physics; University of Colorado, Boulder; Colorado 80309-0390 USA', 'JILA, University of Colorado & National Institute of Standards and Technology, Boulder, Colorado 80309-0440, USA']"
https://openalex.org/W4322622589,https://openalex.org/W2036264937,Pure dephasing of a two-level system,J. L. Skinner,https://openalex.org/A5102762016,error,[]
https://openalex.org/W4322622589,https://openalex.org/W2038143941,Coherent two-dimensional photocurrent spectroscopy in a PbS quantum dot photocell,Khadga Jung Karki,https://openalex.org/A5076134389,Lund University,"['Department of Chemical Physics, Lund University , Lund, Sweden.']"
https://openalex.org/W4322622589,https://openalex.org/W2042333569,Transient nonlinear optical response from excitation induced dephasing in GaAs,Hailin Wang,https://openalex.org/A5100330268,University of Michigan–Ann Arbor,"['H. M. Randall Laboratory, The University of Michigan, Ann Arbor, Michigan 48109']"
https://openalex.org/W4322622589,https://openalex.org/W2046561747,On the nonperturbative theory of pure dephasing in condensed phases at low temperatures,David R. Reichman,https://openalex.org/A5014624803,Massachusetts Institute of Technology,"['Department of Chemistry, Massachusetts Institute of Technology, Cambridge, Massachusetts 02139']"
https://openalex.org/W4322622589,https://openalex.org/W2047868588,Role of excitation-induced shift in the coherent optical response of semiconductors,Justin M. Shacklette,https://openalex.org/A5005898996,National Institute of Standards and Technology,"['JILA, University of Colorado and National Institute of Standards and Technology Boulder, Colorado 80309']"
https://openalex.org/W4322622589,https://openalex.org/W2048305092,Sur les fonctions convexes et les inégalités entre les valeurs moyennes,J. L. W. V. Jensen,https://openalex.org/A5012280966,error,['Copenhague']
https://openalex.org/W4322622589,https://openalex.org/W2048812175,Disorder mediated biexcitonic beats in semiconductor quantum wells,T. Albrecht,https://openalex.org/A5007775054,Philipps University of Marburg,"['Department of Physics and Materials Sciences Center, Philipps University, Renthof 5, 35032 Marburg, Germany']"
https://openalex.org/W4322622589,https://openalex.org/W2051244789,Excitation and polarization effects in semiconductor four-wave-mixing spectroscopy,Yuan Hu,https://openalex.org/A5010868339,University of Arizona,"['Optical Sciences Center, University of Arizona, Tucson, Arizona 85721.']"
https://openalex.org/W4322622589,https://openalex.org/W2053280304,Excitonic molecule in CuC1,A. Mysyrowicz,https://openalex.org/A5047334633,Institut de Physique,"[""Laboratoire de Spectroscopie et d'Optique du Corps Solide, (associé au Centre National de la Recherche Scientifique), Institut de Physique, Université de Strasbourg, France""]"
https://openalex.org/W4322622589,https://openalex.org/W2054889700,On the thermal broadening of zero-phonon impurity lines in absorption and fluorescence spectra,David Hsu,https://openalex.org/A5091766965,Columbia University,"['Department of Chemistry, Columbia University, New York, New York 10027']"
https://openalex.org/W4322622589,https://openalex.org/W2056349072,Collision broadening of two-dimensional excitons in a GaAs single quantum well,A. Honold,https://openalex.org/A5014438674,Max Planck Institute for Solid State Research,"['Max-Planck-Institut für Festkörper-p forschung, Heisenbergstrasse 1, D-7000 Stuttgart 80, Federal Republic of Germany']"
https://openalex.org/W4322622589,https://openalex.org/W2066245794,Note on the Stochastic Theory of Resonance Absorption,Ryogo Kubo,https://openalex.org/A5014821132,The University of Tokyo,"['Department of Physics, University of Tokyo']"
https://openalex.org/W4322622589,https://openalex.org/W2071489517,Binding energy of biexcitons and bound excitons in quantum wells,D. A. Kleinman,https://openalex.org/A5059107007,error,"['Bell Laboratories, Murray Hill New Jersey 07974']"
https://openalex.org/W4322622589,https://openalex.org/W2073470705,Biexcitons in semiconductor quantum dots,Yuan Hu,https://openalex.org/A5010868339,IBM Research - Almaden,"['Department of Physics, University of Arizona, Tucson, Arizona 85721', 'IBM Research Division, Almaden Research Center, 650 Harry Road, San Jose, California 95120', 'Lawrence Livermore National Laboratory, University of California, Livermore, California 94550', 'Optical Sciences Center, University of Arizona, Tucson, Arizona 87521']"
https://openalex.org/W4322622589,https://openalex.org/W2078009675,Transient four-wave-mixing line shapes: Effects of excitation-induced dephasing,H. Wang,https://openalex.org/A5040638099,University of Michigan–Ann Arbor,"['H. M. Randall Laboratory of Physics, The University of Michigan, Ann Arbor, Michigan 48109']"
https://openalex.org/W4322622589,https://openalex.org/W2085416858,Resonance lineshapes in two-dimensional Fourier transform spectroscopy,Mark E. Siemens,https://openalex.org/A5067287328,National Institute of Standards and Technology,"['JILA, University of Colorado and National Institute of Standards and Technology, Boulder, Colorado\u200980309-0440 USA']"
https://openalex.org/W4322622589,https://openalex.org/W2087986112,"Coherent optical nonlinearities and phase relaxation of quasi-three-dimensional and quasi-two-dimensional excitons in<mml:math xmlns:mml=""http://www.w3.org/1998/Math/MathML"" display=""inline""><mml:mrow><mml:msub><mml:mrow><mml:mi mathvariant=""normal"">ZnS</mml:mi></mml:mrow><mml:mrow><mml:mi>x</mml:mi></mml:mrow></mml:msub></mml:mrow><mml:mrow><mml:msub><mml:mrow><mml:mi mathvariant=""normal"">Se</mml:mi></mml:mrow><mml:mrow><mml:mn>1</mml:mn><mml:mi>−</mml:mi><mml:mi>x</mml:mi></mml:mrow></mml:…",Hans Wägner,https://openalex.org/A5070440879,University of Regensburg,"['Universität Regensburg, Institut Physik II, D-93040 Regensburg, Germany']"
https://openalex.org/W4322622589,https://openalex.org/W2110654575,Nonperturbative transient four-wave-mixing line shapes due to excitation-induced shift and excitation-induced dephasing,Justin M. Shacklette,https://openalex.org/A5005898996,National Institute of Standards and Technology,"['JILA, University of Colorado and National Institute of Standards and Technology, Boulder, Colorado\u200980309-0440 USA']"
https://openalex.org/W4322622589,https://openalex.org/W2159312847,Experimental Implementations of Two-Dimensional Fourier Transform Electronic Spectroscopy,Franklin D. Fuller,https://openalex.org/A5090922242,University of Michigan–Ann Arbor,"['Department of Physics, University of Michigan, Ann Arbor, Michigan 48109;']"
https://openalex.org/W4322622589,https://openalex.org/W2313640492,Separating Homogeneous and Inhomogeneous Line Widths of Heavy- and Light-Hole Excitons in Weakly Disordered Semiconductor Quantum Wells,Alan D. Bristow,https://openalex.org/A5065635673,National Institute of Standards and Technology,"['JILA, University of Colorado and National Institute of Standards and Technology, Boulder, Colorado 80309-0440, United States']"
https://openalex.org/W4322622589,https://openalex.org/W2606949807,Many-Body Interactions in Semiconductors Probed by Optical Two-Dimensional Fourier Transform Spectroscopy,Xiaoqin Li,https://openalex.org/A5100707516,National Institute of Standards and Technology,"['JILA, University of Colorado and National Institute of Standards and Technology, Boulder, Colorado 80309-0440, USA']"
https://openalex.org/W4322622589,https://openalex.org/W2772587104,Stable biexcitons in two-dimensional metal-halide perovskites with strong dynamic lattice disorder,Félix Thouin,https://openalex.org/A5008622332,Georgia Institute of Technology,"['School of Physics, Georgia Institute of Technology, 837 State Street NW, Atlanta, Georgia 30332, USA']"
https://openalex.org/W4322622589,https://openalex.org/W2792120617,Exciton-polaron spectral structures in two-dimensional hybrid lead-halide perovskites,Stefanie Neutzner,https://openalex.org/A5090278446,Center for Nano Science and Technology,"['Center for Nano Science and Technology at PoliMi, Istituto Italiano di Tecnologia, via Giovanni Pascoli 70/3, 20133 Milano, Italy']"
https://openalex.org/W4322622589,https://openalex.org/W2804415186,Photon entanglement entropy as a probe of many-body correlations and fluctuations,Hao Li,https://openalex.org/A5100348592,University of Houston,"['1Department of Chemistry, University of Houston, Houston, Texas 77204, USA', '2Theoretical Division, Los Alamos National Lab, Los Alamos, New Mexico 87545, USA', '3School of Chemistry and Biochemistry, School of Physics, Georgia Institute of Technology, 901 Atlantic Drive, Atlanta, Georgia 30332, USA', '4Center for Nano Science and Technology @Polimi, Istituto Italiano di Tecnologia, Via Giovanni Pascoli 70/3, 20133 Milano, Italy', '5Department of Chemistry and Department of Physics, University of Houston, Houston, Texas 77204, USA']"
https://openalex.org/W4322622589,https://openalex.org/W2883072253,Phonon coherences reveal the polaronic character of excitons in two-dimensional lead halide perovskites,Félix Thouin,https://openalex.org/A5008622332,Georgia Institute of Technology,"['School of Physics, Georgia Institute of Technology, Atlanta, GA, USA']"
https://openalex.org/W4322622589,https://openalex.org/W2914417118,Sur une propri�t� de la loi de Gau�,Józef Marcinkiewicz,https://openalex.org/A5036136665,error,['Wilno']
https://openalex.org/W4322622589,https://openalex.org/W2941002141,Enhanced screening and spectral diversity in many-body elastic scattering of excitons in two-dimensional hybrid metal-halide perovskites,Félix Thouin,https://openalex.org/A5008622332,State Street (United States),"['School of Physics, Georgia Institute of Technology, 837 State Street NW, Atlanta, Georgia 30332, USA']"
https://openalex.org/W4322622589,https://openalex.org/W2968005694,Electron–Phonon Couplings Inherent in Polarons Drive Exciton Dynamics in Two-Dimensional Metal-Halide Perovskites,Félix Thouin,https://openalex.org/A5008622332,Georgia Institute of Technology,"['School of Physics, Georgia Institute of Technology, 837 State Street NW, Atlanta, Georgia 30332, United States']"
https://openalex.org/W4322622589,https://openalex.org/W3011450051,Exciton Polarons in Two-Dimensional Hybrid Metal-Halide Perovskites,Ajay Ram Srimath Kandada,https://openalex.org/A5023786923,Center for Nano Science and Technology,"['Center for Nano Science and Technology@PoliMi, Istituto Italiano di Tecnologia, via Giovanni Pascoli 70/3, 20133 Milano, Italy', 'Department of Physics, Wake Forest University, P.O. Box 7507, Winston-Salem, North Carolina 27109, United States']"
https://openalex.org/W4322622589,https://openalex.org/W3037487601,Exciton-Scattering-Induced Dephasing in Two-Dimensional Semiconductors,Florian Katsch,https://openalex.org/A5008274815,Technische Universität Berlin,"['Institut für Theoretische Physik, Nichtlineare Optik und Quantenelektronik, Technische Universität Berlin, 10623 Berlin, Germany']"
https://openalex.org/W4322622589,https://openalex.org/W3079678319,Stochastic scattering theory for excitation-induced dephasing: Time-dependent nonlinear coherent exciton lineshapes,Ajay Ram Srimath Kandada,https://openalex.org/A5023786923,Wake Forest University,"['Department of Physics and Center for Functional Materials, Wake Forest University 1 , 1834 Wake Forest Road, Winston-Salem, North Carolina 27109, USA']"
https://openalex.org/W4322622589,https://openalex.org/W3099554465,Stochastic scattering theory for excitation-induced dephasing: Comparison to the Anderson–Kubo lineshape,Hao Li,https://openalex.org/A5100348592,University of Houston,"['Department of Chemistry, University of Houston 1 , Houston, Texas 77204, USA']"
https://openalex.org/W4322622589,https://openalex.org/W4214503184,Concepts and Methods of 2D Infrared Spectroscopy,Peter Hamm,https://openalex.org/A5083426169,University of Zurich,['Universität Zürich']
https://openalex.org/W4322622589,https://openalex.org/W4221051594,Homogeneous Optical Line Widths in Hybrid Ruddlesden–Popper Metal Halides Can <i>Only</i> Be Measured Using Nonlinear Spectroscopy,Ajay Ram Srimath Kandada,https://openalex.org/A5023786923,Wake Forest University,"['Department of Physics and Center for Functional Materials, Wake Forest University, 1834 Wake Forest Road, Winston-Salem, North Carolina 27109, United States']"
https://openalex.org/W4376638275,https://openalex.org/W1484048777,"Analytic expressions for the electromagnetic mode density in finite, one-dimensional, photonic band-gap structures",Jon M. Bendickson,https://openalex.org/A5067100764,United States Aviation and Missile Life Cycle Management Command,"['[US Army Missile Command, Redstone Arsenal, AL, USA]']"
https://openalex.org/W4376638275,https://openalex.org/W1496521667,Strong exciton–photon coupling in an organic semiconductor microcavity,David G. Lidzey,https://openalex.org/A5012030681,University of Sheffield,"['Department of Physics, University of Sheffield, Sheffield, UK']"
https://openalex.org/W4376638275,https://openalex.org/W1963483474,Tunable Bragg filters based on polymer swelling,Wolfgang Mönch,https://openalex.org/A5039859116,University of Freiburg,"['Laboratory for Micro-optics, Deaprtment of Microsystems Engineering, University of Freiburg, Germany.']"
https://openalex.org/W4376638275,https://openalex.org/W1963811960,Comparison of quantum and semiclassical radiation theories with application to the beam maser,E. T. Jaynes,https://openalex.org/A5044899451,Washington University in St. Louis,"[' Washington University, St. Louis, Mo.']"
https://openalex.org/W4376638275,https://openalex.org/W1967394964,Observation of the coupled exciton-photon mode splitting in a semiconductor quantum microcavity,Claude Weisbuch,https://openalex.org/A5022736071,The University of Tokyo,"['Research Center for Advanced Science and Technology, University of Tokyo, 4-6-1 Meguro-ku, Tokyo 153, Japan']"
https://openalex.org/W4376638275,https://openalex.org/W1973922825,Polariton‐Induced Enhanced Emission from an Organic Dye under the Strong Coupling Regime,Dario Ballarini,https://openalex.org/A5065671695,Italian Institute of Technology,"['CBN, Istituto Italiano Tecnologia  Via Barsanti 73010 Lecce Italy', 'CBN, Istituto Italiano Tecnologia, Via Barsanti, 73010 Lecce, Italy']"
https://openalex.org/W4376638275,https://openalex.org/W1977099503,Hybrid polaritons in strongly coupled microcavities: experiments and models,David G. Lidzey,https://openalex.org/A5012030681,University of Sheffield,"['Department of Physics and Astronomy, The University of Sheffield, Hicks Building, Hounsfield Rd. Sheffield S3 7RH, UK']"
https://openalex.org/W4376638275,https://openalex.org/W1983150521,Exciton‐polaritons in microcavities: Recent discoveries and perspectives,A. V. Kavokin,https://openalex.org/A5003282950,University of Southampton,"['Dipartimento di Fisica, Universita di Roma II Tor Vergata, via della Ricerca Scientifica, 00133 Roma, Italy', 'Physics and Astronomy School, University of Southampton, Highfield, Southampton, SO321BJ, UK']"
https://openalex.org/W4376638275,https://openalex.org/W1998125139,All-Polymer Optoelectronic Devices,Peter K. H. Ho,https://openalex.org/A5004322777,Cavendish Hospital,"['Cavendish Laboratory, Madingley Road, Cambridge CB3 0HE, UK.']"
https://openalex.org/W4376638275,https://openalex.org/W2018477494,Completely polarized photoluminescence emission from a microcavity containing an aligned conjugated polymer,Tersilla Virgili,https://openalex.org/A5057982415,University of Sheffield,"['Department of Physics and Astronomy, The University of Sheffield, Hicks Building, Hounsfield Road, Sheffield S3 7RH, UK.']"
https://openalex.org/W4376638275,https://openalex.org/W2027794410,Linear techniques of phase measurement by femtosecond spectral interferometry for applications in spectroscopy,L. Lepetit,https://openalex.org/A5021432198,École Polytechnique,"['Laboratoire d′ Optique Appliquée, Ecole Nationale Supérieure de Techniques Avancées, Ecole Polytechnique, Unité de Recherche Associée au Centre National de la Recherche Scientifique 1406, F-91120 Palaiseau, France']"
https://openalex.org/W4376638275,https://openalex.org/W2043970497,Solution processed microcavity structures with embedded quantum dots,Nikesh Valappil,https://openalex.org/A5036598919,"Queens College, CUNY","['Laboratory for Nano and Micro Photonics, Department of Physics, Queens College of CUNY, 65-30 Kissena Blvd., Flushing, NY 11367, United States']"
https://openalex.org/W4376638275,https://openalex.org/W2047602908,"Wide-field, high-resolution Fourier ptychographic microscopy",Guoan Zheng,https://openalex.org/A5062535545,California Institute of Technology,"['Electrical Engineering, California Institute of Technology, Pasadena, CA 91125, USA.']"
https://openalex.org/W4376638275,https://openalex.org/W2056129890,Strong coupling in organic semiconductor microcavities,Rupert F. Oulton,https://openalex.org/A5047888691,Imperial College London,"['The Blackett Laboratory and Centre for Electronic Materials and Devices, Imperial College London, South Kensington Campus, London SW7 2AZ, UK']"
https://openalex.org/W4376638275,https://openalex.org/W2057068842,Room-temperature polariton lasing in an organic single-crystal microcavity,Stéphane Kéna‐Cohen,https://openalex.org/A5024955035,Princeton University,"['Department of Electrical Engineering, Princeton University, Princeton, 08544, New Jersey, USA']"
https://openalex.org/W4376638275,https://openalex.org/W2057090058,Ultrastrongly Coupled Exciton–Polaritons in Metal‐Clad Organic Semiconductor Microcavities,Stéphane Kéna‐Cohen,https://openalex.org/A5024955035,Imperial College London,['Department of Physics and Centre for Plastic Electronics Imperial College London  London SW7 2AZ UK']
https://openalex.org/W4376638275,https://openalex.org/W2058281887,Design of Multilayer Filters by Considering Two Effective Interfaces,S. D. Smith,https://openalex.org/A5023436379,Electronics and Radar Development Establishment,"['Royal Aircraft Establishment, Farnborongh, Hants, England']"
https://openalex.org/W4376638275,https://openalex.org/W2064110656,"1,7‐Bay‐Substituted Perylenediimide Derivative with Outstanding Laser Performance",Manuel G. Ramírez,https://openalex.org/A5043690512,University of Alicante,"['Dpto. Física Aplicada, Instituto Universitario de Materiales de Alicante and Unidad Asociada UA‐CSIC Universidad de Alicante  Alicante 03080 Spain']"
https://openalex.org/W4376638275,https://openalex.org/W2066112439,Directional Enhancement of Spontaneous Emission in Polymer Flexible Microcavities,L. Frezza,https://openalex.org/A5009163117,University of Genoa,"['Dipartimento di Chimica e Chimica Industriale, Università degli Studi di Genova, Via Dodecaneso 31, I-16146 Genova, Italy']"
https://openalex.org/W4376638275,https://openalex.org/W2081661371,Stimulated Emission of Radiation in a Single Mode,F.W. Cummings,https://openalex.org/A5074603539,"University of California, Riverside","['University of California, Riverside, California']"
https://openalex.org/W4376638275,https://openalex.org/W2082334253,Strong Exciton-Photon Coupling in an Organic Single Crystal Microcavity,Stéphane Kéna‐Cohen,https://openalex.org/A5024955035,Princeton University,"['Departments of Electrical Engineering and Computer Science and Physics, University of Michigan, Ann Arbor, Michigan 48109, USA', 'Princeton Institute for the Science and Technology of Materials (PRISM), Department of Electrical Engineering, Princeton University, Princeton, New Jersey 08544, USA']"
https://openalex.org/W4376638275,https://openalex.org/W2127906493,"One‐pot synthesis of polymer/inorganic hybrids: toward readily accessible, low‐loss, and highly tunable refractive index materials and patterns",Manuela Russo,https://openalex.org/A5020633975,ETH Zurich,"['Department of Materials and Centre for Plastic Electronics, Imperial College London, SW7 2AZ London, United Kingdom', 'Department of Materials, Swiss Federal Institute of Technology (ETH) Zurich, 8093 Zurich, Switzerland']"
https://openalex.org/W4376638275,https://openalex.org/W2129172688,Nonlinear interactions in an organic polariton condensate,Konstantinos S. Daskalakis,https://openalex.org/A5007697240,Imperial College London,"['Department of Physics, Imperial College London,  London, SW7 2AZ, UK']"
https://openalex.org/W4376638275,https://openalex.org/W2317593263,Temperature dependence of polariton lasing in a crystalline anthracene microcavity,Michael Slootsky,https://openalex.org/A5090840295,University of Michigan–Ann Arbor,"['Department of Physics, University of Michigan, Ann Arbor, Michigan 48109 USA']"
https://openalex.org/W4376638275,https://openalex.org/W2484513983,Thin-Film Optical Filters,H. A. Macleod,https://openalex.org/A5071374345,error,[]
https://openalex.org/W4376638275,https://openalex.org/W2516953064,Ground‐State Chemical Reactivity under Vibrational Coupling to the Vacuum Electromagnetic Field,Anoop Thomas,https://openalex.org/A5034363109,Université de Strasbourg,"['These authors contributed equally to this work.', 'University of Strasbourg, CNRS, ISIS &amp; icFRC  8 allée G. Monge 67000 Strasbourg France']"
https://openalex.org/W4376638275,https://openalex.org/W2523627870,Room-temperature superfluidity in a polariton condensate,Giovanni Lerario,https://openalex.org/A5063061471,Istituto di Nanotecnologia,"['CNR NANOTEC Institute of Nanotechnology, via Monteroni, 73100 Lecce, Italy']"
https://openalex.org/W4376638275,https://openalex.org/W2768934007,Reflectivity of 88% for four-period hybrid Bragg mirror from spin coating process,L. Ajith DeSilva,https://openalex.org/A5078534376,University of West Georgia,"['Department of Physics, University of West Georgia, Carrollton, GA 30118, United States']"
https://openalex.org/W4376638275,https://openalex.org/W2895030100,Angle-Independent Polariton Emission Lifetime Shown by Perylene Hybridized to the Vacuum Field Inside a Fabry–Pérot Cavity,Jürgen Mony,https://openalex.org/A5033467764,University of Gothenburg,"['Department of Chemistry and Molecular Biology, University of Gothenburg, Kemigården 4, Gothenburg 41296, Sweden']"
https://openalex.org/W4376638275,https://openalex.org/W2911271016,Fully Solution‐Processed Photonic Structures from Inorganic/Organic Molecular Hybrid Materials and Commodity Polymers,Stefan Bachevillier,https://openalex.org/A5032466991,Imperial College London,"['Department of Materials and Centre of Plastic Electronics, Imperial College London, London, SW7 2AZ UK']"
https://openalex.org/W4376638275,https://openalex.org/W2970452417,Low-threshold polariton lasing in a highly disordered conjugated polymer,Mengjie Wei,https://openalex.org/A5101633702,error,[]
https://openalex.org/W4376638275,https://openalex.org/W2990715558,Manipulating molecules with strong coupling: harvesting triplet excitons in organic exciton microcavities,Daniel Polak,https://openalex.org/A5068794706,University of Sheffield,"['Department of Physics and Astronomy, University of Sheffield, Hicks Building, Hounsfield Road, Sheffield S3 7RH, UK', 'Sheffield S3 7RH', 'UK', 'University of Sheffield']"
https://openalex.org/W4376638275,https://openalex.org/W2996355287,Coherence and Interaction in Confined Room-Temperature Polariton Condensates with Frenkel Excitons,Simon Betzold,https://openalex.org/A5061153636,University of Würzburg,"['Technische Physik, Physikalisches Institut and Würzburg-Dresden Cluster of Excellence ct.qmat, Universität Würzburg, D-97074 Würzburg, Germany']"
https://openalex.org/W4376638275,https://openalex.org/W3046139722,Organic polariton lasing with molecularly isolated perylene diimides,Randy P. Sabatini,https://openalex.org/A5001347170,University of Sydney,"['ARC Centre of Excellence in Exciton Science, School of Chemistry, and The University of Sydney Nano Institute, The University of Sydney 1 , Camperdown, NSW 2006, Australia', 'Institute for Photonics and Optical Science (IPOS), School of Chemistry, The University of Sydney, Camperdown 2 , NSW 2006, Australia']"
https://openalex.org/W4376638275,https://openalex.org/W3091207745,Efficient Bosonic Condensation of Exciton Polaritons in an H-Aggregate Organic Single-Crystal Microcavity,Jiahuan Ren,https://openalex.org/A5079400113,Collaborative Innovation Center of Chemical Science and Engineering Tianjin,"[""Institute of Molecular Plus, School of Chemical Engineering and Technology, Tianjin University, Collaborative Innovation Center of Chemical Science and Engineering (Tianjin), Tianjin 300072, People's Republic of China""]"
https://openalex.org/W4376638275,https://openalex.org/W3205316915,Planar refractive index patterning through microcontact photo-thermal annealing of a printable organic/inorganic hybrid material,Stefan Bachevillier,https://openalex.org/A5032466991,Imperial College London,"['Department of Materials and Centre for Plastic Electronics, Imperial College London, Exhibition Rd, London, SW7 2AZ, UK']"
https://openalex.org/W4376638275,https://openalex.org/W3207142836,Polariton condensation in an organic microcavity utilising a hybrid metal-DBR mirror,Kirsty E. McGhee,https://openalex.org/A5062516241,University of Sheffield,"['Department of Physics and Astronomy, University of Sheffield, Hicks Building, Hounsfield Road, Sheffield, S3 7RH, UK']"
https://openalex.org/W4376638275,https://openalex.org/W4214703767,Polariton condensation in a microcavity using a highly-stable molecular dye,Kirsty E. McGhee,https://openalex.org/A5062516241,University of Sheffield,"['Department of Physics and Astronomy, University of Sheffield, Hicks Building, Hounsfield Road, Sheffield, S3 7RH, UK']"
https://openalex.org/W4376638275,https://openalex.org/W4233735011,Microcavities,A. V. Kavokin,https://openalex.org/A5003282950,University of Southampton,"['Chair of Nanophysics and Photonics, Physics and Astronomy, University of Southampton, UK']"
https://openalex.org/W4376638275,https://openalex.org/W4237476046,Polariton condensates,David W. Snoke,https://openalex.org/A5091421596,University of Pittsburgh,"['University of Pittsburgh 1 \u2008 , Pennsylvania, US']"
https://openalex.org/W4385667497,https://openalex.org/W1549273682,Excitation correlation photoluminescence in the presence of Shockley-Read-Hall recombination,Mario Borgwardt,https://openalex.org/A5062619750,Helmholtz-Zentrum Berlin für Materialien und Energie,"['Institute of Methods for Material Development 1 Joint Laboratory for Ultrafast Dynamics in Solutions and at Interfaces (JULiq), , Helmholtz-Zentrum Berlin, Albert-Einstein-Strasse 15, D-12489 Berlin, Germany']"
https://openalex.org/W4385667497,https://openalex.org/W1893773386,Charge Separation in Semicrystalline Polymeric Semiconductors by Photoexcitation: Is the Mechanism Intrinsic or Extrinsic?,Francis Paquin,https://openalex.org/A5018079250,Regroupement Québécois sur les Matériaux de Pointe,"['Département de physique and Regroupement québécois sur les matériaux de pointe, Université de Montréal, C.P. 6128, Succursale centre-ville, Montréal (Québec), H3C 3J7, Canada']"
https://openalex.org/W4385667497,https://openalex.org/W1971536574,Efficient exciton dissociation via two-step photoexcitation in polymeric semiconductors,Carlos Silva,https://openalex.org/A5100417531,University of Cambridge,"['Cavendish Laboratory, University of Cambridge, Madingley Road, Cambridge CB3 0HE, United Kingdom']"
https://openalex.org/W4385667497,https://openalex.org/W1982497316,Origin of photoluminescence signals obtained by picosecond-excitation correlation measurements,J. L. A. Chilla,https://openalex.org/A5031050720,Colorado State University,"['Center for Optoelectronic Computing Systems and Department of Electrical Engineering, Colorado State University, Fort Collins, Colorado 80523']"
https://openalex.org/W4385667497,https://openalex.org/W1983887773,"Exciton dissociation mechanisms in the polymeric semiconductors poly(9,9-dioctylfluorene) and poly(9,9-dioctylfluorene-co-benzothiadiazole)",Mark Stevens,https://openalex.org/A5033601413,University of Cambridge,"['Cavendish Laboratory, University of Cambridge Madingley Road, Cambridge CB3 0HE (United Kingdom)']"
https://openalex.org/W4385667497,https://openalex.org/W1987258598,Femtosecond excitation correlation spectroscopy of single-walled carbon nanotubes: Analysis based on nonradiative multiexciton recombination processes,Yuhei Miyauchi,https://openalex.org/A5031648329,Kyoto Bunkyo University,"['Center for Integrated Science and Engineering, Columbia University, New York, New York 10027, USA', 'Institute for Chemical Research, Kyoto University, Uji, Kyoto 611-0011, Japan']"
https://openalex.org/W4385667497,https://openalex.org/W2003060793,Exciton Localization of Single-Walled Carbon Nanotubes Revealed by Femtosecond Excitation Correlation Spectroscopy,Hideki Hirori,https://openalex.org/A5020744649,Kyoto University,"['Institute for Chemical Research, Kyoto University Gokasho, Uji, Kyoto 611‐0011, Japan,']"
https://openalex.org/W4385667497,https://openalex.org/W2009638482,Time resolved luminescence of photoexcited <i>p</i>-type gallium arsenide by population mixing,David L. Rosen,https://openalex.org/A5068485726,City College of New York,"['Picosecond Laser and Spectroscopy Laboratory, Physcis Department, The City College of New York, New York, New York 10031']"
https://openalex.org/W4385667497,https://openalex.org/W2012910000,Picosecond correlation effects in the hot luminescence of GaAs,D. von der Linde,https://openalex.org/A5089827944,Max Planck Institute for Solid State Research,"['Max-Planck-Institut für Festkörperforschung, Heisenbergstr. 1, D-7000 Stuttgart 80 Germany']"
https://openalex.org/W4385667497,https://openalex.org/W2023341478,Time-dependent energy transfer rates in a conjugated polymer guest-host system,Laura M. Herz,https://openalex.org/A5057247667,University of Oxford,"['Clarendon Laboratory, Parks Road, Oxford OX1 3PU, United Kingdom']"
https://openalex.org/W4385667497,https://openalex.org/W2053804962,Monte Carlo Simulation of Exciton Bimolecular Annihilation Dynamics in Supramolecular Semiconductor Architectures,Daniel Clément,https://openalex.org/A5089321218,University of Cambridge,"['Cavendish Laboratory, University of Cambridge, Madingley Road, Cambridge CB3 0HE, United Kingdom']"
https://openalex.org/W4385667497,https://openalex.org/W2055191267,Ultrafast excitation cross-correlation photoconductivity in polyfluorene photodiodes,Alessio Gambetta,https://openalex.org/A5024878752,INFN Sezione di Milano,"['IFN-CNR, Politecnico di Milano Dipartimento di Fisica, ULTRAS-INFM sezione di Milano, , P.zza L.Da Vinci 32, I-20133 Milan, Italy']"
https://openalex.org/W4385667497,https://openalex.org/W2069852394,Fluorescence-detected two-dimensional electronic coherence spectroscopy by acousto-optic phase modulation,Patrick F. Tekavec,https://openalex.org/A5039367003,University of Oregon,"['University of Oregon Department of Physics, , Eugene, Oregon 97403, USA']"
https://openalex.org/W4385667497,https://openalex.org/W2083637178,Application of femtosecond-excitation correlation to the study of emission dynamics in hexagonal GaN,Stanley Pau,https://openalex.org/A5010935445,Max Planck Institute for Solid State Research,"['Max-Planck-Institut für Festkörperforschung, Heisenbergstrasse 1, 70569, Stuttgart, Germany']"
https://openalex.org/W4385667497,https://openalex.org/W2091798326,Picosecond time-resolved photoluminescence using picosecond excitation correlation spectroscopy,Matthew B. Johnson,https://openalex.org/A5101422600,California Institute of Technology,"['T. J. Watson, Sr., Laboratory of Applied Physics, California Institute of Technology, Pasadena, California 91125']"
https://openalex.org/W4385667497,https://openalex.org/W2098527861,The Role of Driving Energy and Delocalized States for Charge Separation in Organic Semiconductors,Artem A. Bakulin,https://openalex.org/A5049502490,University of Cambridge,"['Cavendish laboratory, University of Cambridge, JJ Thomson Avenue, Cambridge CB30HE, UK.']"
https://openalex.org/W4385667497,https://openalex.org/W2131693811,Exciton and polaron dynamics in a step-ladder polymeric semiconductor: the influence of interchain order,Carlos Silva,https://openalex.org/A5100417531,University of Cambridge,"['Cavendish Laboratory, University of Cambridge   Madingley Road, Cambridge CB3 0HE, UK']"
https://openalex.org/W4385667497,https://openalex.org/W2133603632,Multidimensional coherent photocurrent spectroscopy of a semiconductor nanostructure,Gaël Nardin,https://openalex.org/A5062402356,National Institute of Standards and Technology,"['JILA, University of Colorado & National Institute of Standards and Technology, Boulder, CO 80309-0440']"
https://openalex.org/W4385667497,https://openalex.org/W2209211204,Ultrafast Spectroscopy with Photocurrent Detection: Watching Excitonic Optoelectronic Systems at Work,Artem A. Bakulin,https://openalex.org/A5049502490,University of Cambridge,"['Cavendish Laboratory, University of Cambridge, Cambridge CB3 0HE, United Kingdom']"
https://openalex.org/W4385667497,https://openalex.org/W2252926782,Ultrafast decoherence dynamics govern photocarrier generation efficiencies in polymer solar cells,Eleonora Vella,https://openalex.org/A5039522745,Regroupement Québécois sur les Matériaux de Pointe,"['Department of Physics and Regroupement québécois sur les matériaux de pointe, Université de Montréal, C.P. 6128, Succursale centre-ville, Montréal, H3C 3J7, Canada']"
https://openalex.org/W4385667497,https://openalex.org/W2317884741,"Recombination Kinetics in Organic-Inorganic Perovskites: Excitons, Free Charge, and Subgap States",Samuel D. Stranks,https://openalex.org/A5077878068,University of Oxford,"['Department of Physics, University of Oxford, Parks Road, Oxford, OX1 3PU, United Kingdom']"
https://openalex.org/W4385667497,https://openalex.org/W2365412281,"Electroabsorption Spectroscopy Measurements of the Exciton Binding Energy, Electron–Hole Reduced Effective Mass, and Band Gap in the Perovskite CH<sub>3</sub>NH<sub>3</sub>PbI<sub>3</sub>",Mark E. Ziffer,https://openalex.org/A5024171865,University of Washington,"['Department\rof Chemistry, University of Washington, Box 351700, Seattle, Washington 98195-1700, United States']"
https://openalex.org/W4385667497,https://openalex.org/W2522162104,Nonlinear Carrier Interactions in Lead Halide Perovskites and the Role of Defects,Ajay Ram Srimath Kandada,https://openalex.org/A5023786923,Center for Nano Science and Technology,"['Center\rfor Nano Science and Technology @Polimi, Istituto Italiano di Tecnologia, via Giovanni Pascoli 70/3, 20133 Milano, Italy']"
https://openalex.org/W4385667497,https://openalex.org/W2607738424,Excitonic coupling dominates the homogeneous photoluminescence excitation linewidth in semicrystalline polymeric semiconductors,Pascal Grégoire,https://openalex.org/A5090176524,Regroupement Québécois sur les Matériaux de Pointe,"['Département de Physique and Regroupement québécois sur les matériaux de pointe, Université de Montréal, Case Postale 6128, succursale Centre-ville, Montréal H3C 3J7, Canada']"
https://openalex.org/W4385667497,https://openalex.org/W2936845257,Differentiation of True Nonlinear and Incoherent Mixing of Linear Signals in Action-Detected 2D Spectroscopy,Alex Arash Sand Kalaee,https://openalex.org/A5089179935,Lund University,"['Mathematical Physics and NanoLund, Lund University, P.O. Box 118, 22100 Lund, Sweden']"
https://openalex.org/W4385667497,https://openalex.org/W2971726561,Charge-Carrier Recombination in Halide Perovskites,Dane W. deQuilettes,https://openalex.org/A5064192921,Massachusetts Institute of Technology,"['Department of Chemistry, University of Washington, Box 351700, Seattle, Washington 98195-1700, United States', 'Research Laboratory of Electronics, Massachusetts Institute of Technology, 77 Massachusetts Avenue, Cambridge, Massachusetts 02139, United States']"
https://openalex.org/W4385667497,https://openalex.org/W2984807351,Nonlinear Photocurrent Spectroscopy of Layered 2D Perovskite Quantum Wells,Ninghao Zhou,https://openalex.org/A5087195540,University of North Carolina at Chapel Hill,"['Department of Chemistry, University of North Carolina at Chapel Hill, Chapel Hill, North Carolina 27599, United States']"
https://openalex.org/W4385667497,https://openalex.org/W3013206374,Ultrafast Photocurrent and Absorption Microscopy of Few-Layer Transition Metal Dichalcogenide Devices That Isolate Rate-Limiting Dynamics Driving Fast and Efficient Photoresponse,Kyle T. Vogt,https://openalex.org/A5043255921,Oregon State University,"['Department of Physics, Oregon State University, Corvallis, Oregon 97331, United States']"
https://openalex.org/W4385667497,https://openalex.org/W3084042410,Are Shockley-Read-Hall and ABC models valid for lead halide perovskites?,Alexander Kiligaridis,https://openalex.org/A5033762727,Lund University,"['Chemical Physics and NanoLund, Lund University, P.O. Box 118, Lund, 22100, Sweden']"
https://openalex.org/W4385667497,https://openalex.org/W3092131246,Nonlinear fluorescence spectroscopy of layered perovskite quantum wells,Zhenyu Ouyang,https://openalex.org/A5072222350,University of North Carolina at Chapel Hill,"['Department of Chemistry, University of North Carolina at Chapel Hill , Chapel Hill, North Carolina 27599, USA']"
https://openalex.org/W4385667497,https://openalex.org/W3092935121,Long-range exciton diffusion in molecular non-fullerene acceptors,Yuliar Firdaus,https://openalex.org/A5065975451,King Abdullah University of Science and Technology,"['King Abdullah University of Science and Technology (KAUST), KAUST Solar Center (KSC), Physical Sciences and Engineering Division (PSE), Material Science and Engineering Program (MSE), 23955-6900, Thuwal, Kingdom of Saudi Arabia']"
https://openalex.org/W4385667497,https://openalex.org/W3099010846,Incoherent population mixing contributions to phase-modulation two-dimensional coherent excitation spectra,Pascal Grégoire,https://openalex.org/A5090176524,Université de Montréal,"['Département de physique, Université de Montréal 1 , C.P. 6128, Succursale Centre-Ville, Montréal, Québec H3C 3J7, Canada']"
https://openalex.org/W4385667497,https://openalex.org/W3123705365,Elucidation of Quantum-Well-Specific Carrier Mobilities in Layered Perovskites,Ninghao Zhou,https://openalex.org/A5087195540,University of North Carolina at Chapel Hill,"['Department of Chemistry, University of North Carolina at Chapel Hill, Chapel Hill, North Carolina 27599, United States']"
https://openalex.org/W4385667497,https://openalex.org/W3131392783,Bulk halide perovskites as triplet sensitizers: progress and prospects in photon upconversion,Zachary A. VanOrman,https://openalex.org/A5062915332,Florida State University,"['Department of Chemistry and Biochemistry, Florida State University, Tallahassee, FL 32306, USA', 'Florida State University', 'Tallahassee', 'USA']"
https://openalex.org/W4385667497,https://openalex.org/W3084042410,Are Shockley-Read-Hall and ABC models valid for lead halide perovskites?,Alexander Kiligaridis,https://openalex.org/A5033762727,Lund University,"['Chemical Physics and NanoLund, Lund University, P.O. Box 118, Lund, 22100, Sweden']"
https://openalex.org/W4385667497,https://openalex.org/W4205587181,Frenkel biexcitons in hybrid HJ photophysical aggregates,Elizabeth Gutiérrez‐Meza,https://openalex.org/A5084644271,Georgia Institute of Technology,"['School of Chemistry and Biochemistry, Georgia Institute of Technology, 901 Atlantic Drive, Atlanta, GA 30332, USA.']"
https://openalex.org/W4385667497,https://openalex.org/W4214602689,Quasi-Steady-State Measurement of Exciton Diffusion Lengths in Organic Semiconductors,Drew B. Riley,https://openalex.org/A5007017822,Swansea University,"['Sustainable Advanced Materials Programme (Sêr SAM), Department of Physics, Swansea University, Singleton Park, Swansea SA2 8PP, United Kingdom']"
https://openalex.org/W4385667497,https://openalex.org/W4250005192,Electronic Processes in Organic Semiconductors,Anna Köhler,https://openalex.org/A5035558194,error,[]
https://openalex.org/W4385667497,https://openalex.org/W4280609998,Free charge photogeneration in a single component high photovoltaic efficiency organic semiconductor,Michael B. Price,https://openalex.org/A5042374722,Victoria University of Wellington,"['School of Chemical and Physical Sciences, Victoria University of Wellington, Wellington, New Zealand']"
https://openalex.org/W4385667497,https://openalex.org/W4304013917,Light intensity dependence of the photocurrent in organic photovoltaic devices,Stefan Zeiske,https://openalex.org/A5034282499,Swansea University,"['Sustainable Advanced Materials (Sêr-SAM), Department of Physics, Swansea University, Singleton Park, Swansea, Wales SA2 8PP, UK']"
https://openalex.org/W4385667497,https://openalex.org/W4306392269,Interface Reconstruction from Ruddlesden–Popper Structures Impacts Stability in Lead Halide Perovskite Solar Cells,Carlo A. R. Perini,https://openalex.org/A5011798579,Georgia Institute of Technology,"['School of Materials Science and Engineering, Georgia Institute of Technology, Atlanta, GA, 30332 USA']"
https://openalex.org/W4385667497,https://openalex.org/W4307287673,(3-Aminopropyl)trimethoxysilane Surface Passivation Improves Perovskite Solar Cell Performance by Reducing Surface Recombination Velocity,Yangwei Shi,https://openalex.org/A5058226364,University of Washington,"['Department of Chemistry, University of Washington, Seattle, Washington98195, United States', 'Molecular Engineering & Sciences Institute, University of Washington, Seattle, Washington98195, United States']"
https://openalex.org/W4385667497,https://openalex.org/W4308437352,Identifying incoherent mixing effects in the coherent two-dimensional photocurrent excitation spectra of semiconductors,Ilaria Bargigia,https://openalex.org/A5084084531,Georgia Institute of Technology,"['School of Chemistry and Biochemistry, Georgia Institute of Technology 1 , 901 Atlantic Drive, Atlanta, Georgia 30332, USA']"
https://openalex.org/W4385667497,https://openalex.org/W4318948883,Uncovering Transport Mechanisms in Perovskite Materials and Devices with Recombination-Induced Action Spectroscopies,Meredith G. McNamee,https://openalex.org/A5019279100,University of North Carolina at Chapel Hill,"['Department of Chemistry, University of North Carolina at Chapel Hill, Chapel Hill, North Carolina 27599, United States']"
https://openalex.org/W4385988002,https://openalex.org/W2015683881,On the generators of quantum dynamical semigroups,Göran Lindblad,https://openalex.org/A5068955842,KTH Royal Institute of Technology,"['Department of Theoretical Physics, Royal Institute of Technology, Stockholm 70, Sweden']"
https://openalex.org/W4385988002,https://openalex.org/W2017154611,Coherence in Spontaneous Radiation Processes,R. H. Dicke,https://openalex.org/A5048547727,Princeton University,"['Palmer Physical Laboratory, Princeton University, Princeton, New Jersey,']"
https://openalex.org/W4385988002,https://openalex.org/W2026354169,Exciton Analysis in 2D Electronic Spectroscopy,Minhaeng Cho,https://openalex.org/A5027685378,Korea University,"['Department of Chemistry and Center for Multidimensional Spectroscopy, Division of Chemistry and Molecular Engineering, Korea University, Seoul 136-701, Korea']"
https://openalex.org/W4385988002,https://openalex.org/W2038143941,Coherent two-dimensional photocurrent spectroscopy in a PbS quantum dot photocell,Khadga Jung Karki,https://openalex.org/A5076134389,Lund University,"['Department of Chemical Physics, Lund University , Lund, Sweden.']"
https://openalex.org/W4385988002,https://openalex.org/W2054620955,Picosecond coherence coupling in the pump and probe technique,Z. Valy Vardeny,https://openalex.org/A5048766371,Brown University,"['Division of Engineering and Department of Physics Brown University, Providence, RI 02912, USA']"
https://openalex.org/W4385988002,https://openalex.org/W2069852394,Fluorescence-detected two-dimensional electronic coherence spectroscopy by acousto-optic phase modulation,Patrick F. Tekavec,https://openalex.org/A5039367003,University of Oregon,"['University of Oregon Department of Physics, , Eugene, Oregon 97403, USA']"
https://openalex.org/W4385988002,https://openalex.org/W2080125084,Proposed realization of the Dicke-model quantum phase transition in an optical cavity QED system,Felipe Dimer,https://openalex.org/A5042862001,University of Auckland,"['Department of Physics,  University of Auckland, Private Bag 92019,  Auckland, New Zealand']"
https://openalex.org/W4385988002,https://openalex.org/W2088307177,Two-dimensional spectroscopy of electronic couplings in photosynthesis,Tobias Brixner,https://openalex.org/A5073962411,QB3,"['Department of Chemistry, and the Institute for Quantitative Biomedical Research (QB3), University of California, Berkeley']"
https://openalex.org/W4385988002,https://openalex.org/W2092666842,Dicke-Model Phase Transition in the Quantum Motion of a Bose-Einstein Condensate in an Optical Cavity,Dávid Nagy,https://openalex.org/A5054786733,Institute for Solid State Physics and Optics,"['Research Institute for Solid State Physics and Optics, H-1525 Budapest P.O. Box 49, Hungary']"
https://openalex.org/W4385988002,https://openalex.org/W2101419359,Simulation Protocols for Coherent Femtosecond Vibrational Spectra of Peptides,Wei Zhuang,https://openalex.org/A5088189891,"University of California, Irvine","['Department of Chemistry, University of California at Irvine, Irvine, California 92697-2025']"
https://openalex.org/W4385988002,https://openalex.org/W2105576535,Two-Dimensional Femtosecond Spectroscopy,David M. Jonas,https://openalex.org/A5091632025,University of Colorado Boulder,"['Department of Chemistry and Biochemistry, University of Colorado, Boulder, Colorado 80309-0215;']"
https://openalex.org/W4385988002,https://openalex.org/W2121627664,Dicke quantum phase transition with a superfluid gas in an optical cavity,Kristian Baumann,https://openalex.org/A5005285007,ETH Zurich,"['Institute for Quantum Electronics, ETH Zürich, 8093 Zürich, Switzerland ,']"
https://openalex.org/W4385988002,https://openalex.org/W2154196599,QuTiP 2: A Python framework for the dynamics of open quantum systems,J. Johansson,https://openalex.org/A5010408027,RIKEN Advanced Science Institute,"['Advanced Science Institute, RIKEN, Wako-shi, Saitama 351-0198, Japan']"
https://openalex.org/W4385988002,https://openalex.org/W2159312847,Experimental Implementations of Two-Dimensional Fourier Transform Electronic Spectroscopy,Franklin D. Fuller,https://openalex.org/A5090922242,University of Michigan–Ann Arbor,"['Department of Physics, University of Michigan, Ann Arbor, Michigan 48109;']"
https://openalex.org/W4385988002,https://openalex.org/W2209211204,Ultrafast Spectroscopy with Photocurrent Detection: Watching Excitonic Optoelectronic Systems at Work,Artem A. Bakulin,https://openalex.org/A5049502490,University of Cambridge,"['Cavendish Laboratory, University of Cambridge, Cambridge CB3 0HE, United Kingdom']"
https://openalex.org/W4385988002,https://openalex.org/W2252926782,Ultrafast decoherence dynamics govern photocarrier generation efficiencies in polymer solar cells,Eleonora Vella,https://openalex.org/A5039522745,Regroupement Québécois sur les Matériaux de Pointe,"['Department of Physics and Regroupement québécois sur les matériaux de pointe, Université de Montréal, C.P. 6128, Succursale centre-ville, Montréal, H3C 3J7, Canada']"
https://openalex.org/W4385988002,https://openalex.org/W2412759929,Probing polaron excitation spectra in organic semiconductors by photoinduced-absorption-detected two-dimensional coherent spectroscopy,Hao Li,https://openalex.org/A5100348592,University of Houston,"['Department of Chemistry, University of Houston, Houston, TX 77204, United States']"
https://openalex.org/W4385988002,https://openalex.org/W2746718465,The Theory of Relaxation Processes,Alfred G. Redfield,https://openalex.org/A5043473088,IBM (United States),"['IBM WATSON LABORATORY, COLUMBIA UNIVERSITY, NEW YORK, NEW YORK']"
https://openalex.org/W4385988002,https://openalex.org/W2993477841,Ultrafast Spectroscopy: State of the Art and Open Challenges,Margherita Maiuri,https://openalex.org/A5015785102,Politecnico di Milano,"['IFN-CNR, Dipartimento di Fisica, Politecnico di Milano, Piazza Leonardo da Vinci 32, I-20133 Milano, Italy']"
https://openalex.org/W4385988002,https://openalex.org/W3020947059,Multidimensional Femtosecond Correlation Spectroscopies of Electronic and Vibrational Excitations,Shaul Mukamel,https://openalex.org/A5085637107,University of Rochester,"['Department of Chemistry and Rochester Theory Center for Optical Science and Engineering, University of Rochester, PO Box 270216, Rochester, New York 14627-0216;']"
https://openalex.org/W4385988002,https://openalex.org/W3195172846,Dicke model,Mor M. Roses,https://openalex.org/A5071215821,Bar-Ilan University,"['Department of Physics, Bar-Ilan University, Ramat Gan, Israel']"
https://openalex.org/W4385988002,https://openalex.org/W4221051594,Homogeneous Optical Line Widths in Hybrid Ruddlesden–Popper Metal Halides Can <i>Only</i> Be Measured Using Nonlinear Spectroscopy,Ajay Ram Srimath Kandada,https://openalex.org/A5023786923,Wake Forest University,"['Department of Physics and Center for Functional Materials, Wake Forest University, 1834 Wake Forest Road, Winston-Salem, North Carolina 27109, United States']"
https://openalex.org/W4385988002,https://openalex.org/W90489130,Chapter 5 Multidimensional Electronic and Vibrational Spectroscopy,Jennifer P. Ogilvie,https://openalex.org/A5007751623,University of Michigan–Ann Arbor,"['Department of Physics and Biophysics, University of Michigan, Ann Arbor, MI 48109, USA.']"
https://openalex.org/W4205587181,https://openalex.org/W1620111872,Green’s Functions in Quantum Physics,E. N. Economou,https://openalex.org/A5083942178,University of Crete,"['Crete Univ., Heraklion, Crete (Greece). Dept. of Physics']"
https://openalex.org/W4205587181,https://openalex.org/W1965777749,Effect of interchain coupling on a biexciton in organic polymers,Kun Gao,https://openalex.org/A5038210442,Shandong University,"['School of Physics, Shandong University, Jinan 250100, China', 'State Key Laboratory of Crystal Materials, Shandong University, Jinan 250100, China']"
https://openalex.org/W4205587181,https://openalex.org/W1971536574,Efficient exciton dissociation via two-step photoexcitation in polymeric semiconductors,Carlos Silva,https://openalex.org/A5100417531,University of Cambridge,"['Cavendish Laboratory, University of Cambridge, Madingley Road, Cambridge CB3 0HE, United Kingdom']"
https://openalex.org/W4205587181,https://openalex.org/W1971636336,"X-ray Scattering Study of Thin Films of Poly(2,5-bis(3-alkylthiophen-2-yl)thieno[3,2-<i>b</i>]thiophene)",Michael L. Chabinyc,https://openalex.org/A5046560705,National Institute of Standards and Technology,"['Contribution from the Palo Alto Research Center, Palo Alto, California 94304, Stanford\rSynchrotron Research Laboratory, Stanford Linear Accelerator Center, Menlo Park, California\r94025, Polymers Division, National Institute of Standards and Technology, Gaithersburg,\rMaryland 20899, and Merck Chemicals, Chilworth Science Park, Southampton, U.K.']"
https://openalex.org/W4205587181,https://openalex.org/W1972333973,Role of Intermolecular Coupling in the Photophysics of Disordered Organic Semiconductors: Aggregate Emission in Regioregular Polythiophene,Jenny Clark,https://openalex.org/A5070060370,University of Cambridge,"['Cavendish Laboratory, University of Cambridge J. J. Thomson Avenue, Cambridge CB3 0HE, United Kingdom']"
https://openalex.org/W4205587181,https://openalex.org/W1972731647,Tunable exciton interactions in optical lattices with polar molecules,Ping Xiang,https://openalex.org/A5053923667,University of British Columbia,"['Department of Chemistry, University of British Columbia, Vancouver, Canada V6T 1Z1']"
https://openalex.org/W4205587181,https://openalex.org/W1973731623,Lattice theory of ultrafast excitonic and charge-transfer dynamics in DNA,Eric R. Bittner,https://openalex.org/A5059402471,University of Houston,"['University of Houston Department of Chemistry, , Houston, Texas 77204 and Texas Center for Superconductivity, , Houston, Texas 77204']"
https://openalex.org/W4205587181,https://openalex.org/W1975192734,A new approach to the molecular biexciton theory,G. B. Vektaris,https://openalex.org/A5042814033,Vilnius University,"['Institute of Theoretical Physics and Astronomy, A. Goštauto 12, 2600 Vilnius, Lithuania']"
https://openalex.org/W4205587181,https://openalex.org/W1975441847,"Exciton−Exciton Correlations Revealed by Two-Quantum, Two-Dimensional Fourier Transform Optical Spectroscopy",Katherine W. Stone,https://openalex.org/A5072474104,Massachusetts Institute of Technology,"['Department of Chemistry, Massachusetts Institute of Technology, Cambridge,. Massachusetts 02139 (USA)']"
https://openalex.org/W4205587181,https://openalex.org/W1981518063,Two-dimensional spatial coherence of excitons in semicrystalline polymeric semiconductors: Effect of molecular weight,Francis Paquin,https://openalex.org/A5018079250,Regroupement Québécois sur les Matériaux de Pointe,"['Département de physique & Regroupement québécois sur les matériaux de pointe, Université de Montréal, C. P. 6128, Succursale centre-ville, Montréal (Québec) H3C 3J7, Canada']"
https://openalex.org/W4205587181,https://openalex.org/W1981619366,Evidence for exciton-exciton binding in a molecular aggregate,Aparna Chakrabarti,https://openalex.org/A5071394477,University of Arizona,"['Department of Physics, University of Arizona, Tucson, Arizona 85721.']"
https://openalex.org/W4205587181,https://openalex.org/W1983887773,"Exciton dissociation mechanisms in the polymeric semiconductors poly(9,9-dioctylfluorene) and poly(9,9-dioctylfluorene-co-benzothiadiazole)",Mark Stevens,https://openalex.org/A5033601413,University of Cambridge,"['Cavendish Laboratory, University of Cambridge Madingley Road, Cambridge CB3 0HE (United Kingdom)']"
https://openalex.org/W4205587181,https://openalex.org/W1989355537,Liquid-crystalline semiconducting polymers with high charge-carrier mobility,Iain McCulloch,https://openalex.org/A5034296749,Merck (United Kingdom),"['Merck Chemicals, Chilworth Science Park, Southampton, S016 7QD, UK']"
https://openalex.org/W4205587181,https://openalex.org/W2008495005,Formation and dynamics of exciton pairs in solid argon probed by electron-stimulated ion desorption,Yuji Baba,https://openalex.org/A5059690258,Technical University of Munich,"['Physik-Department E 20, Technische Universität Müchen, D-8046 Garching, Federal Republic of Germany']"
https://openalex.org/W4205587181,https://openalex.org/W2012833647,Exciton-to-biexciton transition in quasi-one-dimensional organics,S. Mazumdar,https://openalex.org/A5047309480,Optical Sciences (United States),"['Department of Physics, and The Optical Sciences Center, University of Arizona, Tucson, Arizona 85721']"
https://openalex.org/W4205587181,https://openalex.org/W2020039974,Stable Biexcitons in Conjugated Polymers,Fan Guo,https://openalex.org/A5100729588,University of Arizona,"['Department of Physics, University of Arizona, Tucson, Arizona 85721']"
https://openalex.org/W4205587181,https://openalex.org/W2023957325,On the Transformation of light into Heat in Solids. I,J. Frenkel,https://openalex.org/A5018844921,University of Minnesota,"['Department of Physics, University of Minnesota']"
https://openalex.org/W4205587181,https://openalex.org/W2028046413,"Avogadro: an advanced semantic chemical editor, visualization, and analysis platform",Marcus D. Hanwell,https://openalex.org/A5063277841,Kitware (United States),"['Department of Chemistry, University of Pittsburgh, Pittsburgh, USA', 'Department of Scientific Computing, Kitware, Inc., Clifton Park, USA']"
https://openalex.org/W4205587181,https://openalex.org/W2029452299,Theory of biexcitons in one-dimensional polymers,Frank B. Gallagher,https://openalex.org/A5027735971,Temple University,"['Department of Chemistry, Temple University, Philadelphia, Pennsylvania 19122']"
https://openalex.org/W4205587181,https://openalex.org/W2030634135,Coherent measurements of high-order electronic correlations in quantum wells,Daniel B. Turner,https://openalex.org/A5078206358,Massachusetts Institute of Technology,"['Department of Chemistry, Massachusetts Institute of Technology, Cambridge,. Massachusetts 02139 (USA)']"
https://openalex.org/W4205587181,https://openalex.org/W2035711782,Molecular Basis of Mesophase Ordering in a Thiophene-Based Copolymer,Dean M. DeLongchamp,https://openalex.org/A5055991751,National Institute of Standards and Technology,"['National Institute of Standards and Technology, Gaithersburg, Maryland 20899; Stanford Synchrotron Radiation Laboratory, Menlo Park, California 94025; Department of Materials, Queen Mary, University of London, London E1 4NS, U.K.; and Department of Chemistry, Imperial College of London, London SW7 2AZ, U.K.']"
https://openalex.org/W4205587181,https://openalex.org/W2052477989,Biexciton states and two-photon absorption in molecular monolayers,Francis C. Spano,https://openalex.org/A5061538255,Temple University,"['Department of Chemistry, Temple University, Philadelphia, Pennsylvania 19122']"
https://openalex.org/W4205587181,https://openalex.org/W3103514251,Determining exciton bandwidth and film microstructure in polythiophene films using linear absorption spectroscopy,Jenny Clark,https://openalex.org/A5070060370,Politecnico di Milano,"['Politecnico di Milano 1 Dipartimento di Fisica, , Piazza Leonardo da Vinci, 32, Milano 20133, Italy']"
https://openalex.org/W4205587181,https://openalex.org/W2064502374,Kinematic Frenkel biexcitons,V.M. Agranovich,https://openalex.org/A5036174940,Russian Academy of Sciences,"['Institute of Spectroscopy, Russian Academy of Sciences, 142092  Troitsk, Moscow Region, Russia']"
https://openalex.org/W4205587181,https://openalex.org/W2069852394,Fluorescence-detected two-dimensional electronic coherence spectroscopy by acousto-optic phase modulation,Patrick F. Tekavec,https://openalex.org/A5039367003,University of Oregon,"['University of Oregon Department of Physics, , Eugene, Oregon 97403, USA']"
https://openalex.org/W4205587181,https://openalex.org/W2084902551,Biexcitons in π-conjugated oligomers: Intensity-dependent femtosecond transient-absorption study,Victor I. Klimov,https://openalex.org/A5075570325,Los Alamos National Laboratory,"['Chemical Science and Technology Division, CST-6, Mail Stop J585, Los Alamos National Laboratory, Los Alamos, New Mexico 87545']"
https://openalex.org/W4205587181,https://openalex.org/W2102241594,Controlling the Interaction of Light with Polymer Semiconductors,Christoph Hellmann,https://openalex.org/A5017147893,Imperial College London,"['Department of Materials and Centre for Plastic Electronics, Imperial College London, London SW7 2AZ, UK']"
https://openalex.org/W4205587181,https://openalex.org/W2131693811,Exciton and polaron dynamics in a step-ladder polymeric semiconductor: the influence of interchain order,Carlos Silva,https://openalex.org/A5100417531,University of Cambridge,"['Cavendish Laboratory, University of Cambridge   Madingley Road, Cambridge CB3 0HE, UK']"
https://openalex.org/W4205587181,https://openalex.org/W2132826051,H- and J-Aggregate Behavior in Polymeric Semiconductors,Frank C. Spano,https://openalex.org/A5061558119,Temple University,"['Department of Chemistry, Temple University, Philadelphia, Pennsylvania 19122;']"
https://openalex.org/W4205587181,https://openalex.org/W2150852355,Lessons from nature about solar light harvesting,Gregory D. Scholes,https://openalex.org/A5029838157,University of Toronto,"['Department of Chemistry, University of Toronto, Toronto, Canada']"
https://openalex.org/W4205587181,https://openalex.org/W2252926782,Ultrafast decoherence dynamics govern photocarrier generation efficiencies in polymer solar cells,Eleonora Vella,https://openalex.org/A5039522745,Regroupement Québécois sur les Matériaux de Pointe,"['Department of Physics and Regroupement québécois sur les matériaux de pointe, Université de Montréal, C.P. 6128, Succursale centre-ville, Montréal, H3C 3J7, Canada']"
https://openalex.org/W4205587181,https://openalex.org/W2584403299,Molecular Aggregate Photophysics beyond the Kasha Model: Novel Design Principles for Organic Materials,Nicholas J. Hestand,https://openalex.org/A5061801939,Temple University,"['Department of Chemistry Temple University Philadelphia, Pennsylvania 19122, United States']"
https://openalex.org/W4205587181,https://openalex.org/W2607738424,Excitonic coupling dominates the homogeneous photoluminescence excitation linewidth in semicrystalline polymeric semiconductors,Pascal Grégoire,https://openalex.org/A5090176524,Regroupement Québécois sur les Matériaux de Pointe,"['Département de Physique and Regroupement québécois sur les matériaux de pointe, Université de Montréal, Case Postale 6128, succursale Centre-ville, Montréal H3C 3J7, Canada']"
https://openalex.org/W4205587181,https://openalex.org/W3009104560,Bose–Einstein Condensation of Exciton-Polaritons in Organic Microcavities,Jonathan Keeling,https://openalex.org/A5003168377,Scottish Universities Physics Alliance,"['Scottish Universities Physics Alliance, School of Physics and Astronomy, University of St. Andrews, St. Andrews KY16 9SS, United Kingdom;']"
https://openalex.org/W4205587181,https://openalex.org/W3090863799,Collective Properties of Frenkel Excitons,V. M. Agranovich,https://openalex.org/A5003401157,error,[]
https://openalex.org/W4205587181,https://openalex.org/W3121024155,Mechanistic understanding of entanglement and heralding in cascade emitters,K. Nasiri Avanaki,https://openalex.org/A5028113108,Northwestern University,"['Department of Chemistry, Northwestern University , 2145 Sheridan Road, Evanston, Illinois 60208-3113, USA']"
https://openalex.org/W4205587181,https://openalex.org/W631747659,Excitations in Organic Solids,V.M. Agranovich,https://openalex.org/A5036174940,error,[]
https://openalex.org/W4221051594,https://openalex.org/W1522434420,Intrinsic homogeneous linewidth and broadening mechanisms of excitons in monolayer transition metal dichalcogenides,Galan Moody,https://openalex.org/A5086781820,The University of Texas at Austin,"['Department of Physics and Center for Complex Quantum Systems, University of Texas at Austin, Austin, Texas 78712, USA.']"
https://openalex.org/W4221051594,https://openalex.org/W1596845954,A Stochastic Theory of Line Shape,Ryogo Kubo,https://openalex.org/A5014821132,The University of Tokyo,"['Department of Physics, University of Tokyo (Japan)']"
https://openalex.org/W4221051594,https://openalex.org/W1974802781,Two-Dimensional Line Shapes Derived from Coherent Third-Order Nonlinear Spectroscopy,Andrei Tokmakoff,https://openalex.org/A5021659494,Massachusetts Institute of Technology,"['Department of Chemistry, Massachusetts Institute of Technology, Cambridge, Massachusetts 02139']"
https://openalex.org/W4221051594,https://openalex.org/W2007556342,A Mathematical Model for the Narrowing of Spectral Lines by Exchange or Motion,P. W. Anderson,https://openalex.org/A5061367232,error,"['Bell Telephone Laboratories, Inc. Fulbright Lecturer, Tokyo University']"
https://openalex.org/W4221051594,https://openalex.org/W2013669807,Theory of transient excitonic optical nonlinearities in semiconductor quantum-well structures,S. Schmitt‐Rink,https://openalex.org/A5033218721,AT&T (United States),"['AT&T Bell Laboratories Murray Hill, New Jersey 07974']"
https://openalex.org/W4221051594,https://openalex.org/W2017524297,Homogeneous Emission Line Broadening in the Organo Lead Halide Perovskite CH<sub>3</sub>NH<sub>3</sub>PbI<sub>3–<i>x</i></sub>Cl<sub><i>x</i></sub>,Christian Wehrenfennig,https://openalex.org/A5021063053,University of Oxford,"['University of Oxford, Department of Physics, Clarendon Laboratory, Parks Road, Oxford OX1 3PU, United Kingdom']"
https://openalex.org/W4221051594,https://openalex.org/W2606949807,Many-Body Interactions in Semiconductors Probed by Optical Two-Dimensional Fourier Transform Spectroscopy,Xiaoqin Li,https://openalex.org/A5100707516,National Institute of Standards and Technology,"['JILA, University of Colorado and National Institute of Standards and Technology, Boulder, Colorado 80309-0440, USA']"
https://openalex.org/W4221051594,https://openalex.org/W2040955846,Optical spectroscopy of two-dimensional layered (C_6H_5C_2H_4-NH_3)_2-PbI_4 perovskite,K. Gauthron,https://openalex.org/A5005151407,Centre National de la Recherche Scientifique,"['Laboratoire de Photonique et de Nanostructures , Centre National de la Recherche Scientifique , route de Nozay, 91460 Marcoussis, France']"
https://openalex.org/W4221051594,https://openalex.org/W2047868588,Role of excitation-induced shift in the coherent optical response of semiconductors,Justin M. Shacklette,https://openalex.org/A5005898996,National Institute of Standards and Technology,"['JILA, University of Colorado and National Institute of Standards and Technology Boulder, Colorado 80309']"
https://openalex.org/W4221051594,https://openalex.org/W2051409547,Luminescence linewidths of excitons in GaAs quantum wells below 150 K,Johnson Lee,https://openalex.org/A5064406162,error,"['GTE Laboratories, Inc., 40 Sylvan Road, Waltham, Massachusetts 02254']"
https://openalex.org/W4221051594,https://openalex.org/W2078901757,Dielectric confinement effect for exciton and biexciton states in PbI4-based two-dimensional semiconductor structures,Teruya Ishihara,https://openalex.org/A5067894370,Brown University,"['Division of Engineering and Department of Physics Brown University, Providence, RI 02912, USA']"
https://openalex.org/W4221051594,https://openalex.org/W2085416858,Resonance lineshapes in two-dimensional Fourier transform spectroscopy,Mark E. Siemens,https://openalex.org/A5067287328,National Institute of Standards and Technology,"['JILA, University of Colorado and National Institute of Standards and Technology, Boulder, Colorado\u200980309-0440 USA']"
https://openalex.org/W4221051594,https://openalex.org/W2110654575,Nonperturbative transient four-wave-mixing line shapes due to excitation-induced shift and excitation-induced dephasing,Justin M. Shacklette,https://openalex.org/A5005898996,National Institute of Standards and Technology,"['JILA, University of Colorado and National Institute of Standards and Technology, Boulder, Colorado\u200980309-0440 USA']"
https://openalex.org/W4221051594,https://openalex.org/W2159312847,Experimental Implementations of Two-Dimensional Fourier Transform Electronic Spectroscopy,Franklin D. Fuller,https://openalex.org/A5090922242,University of Michigan–Ann Arbor,"['Department of Physics, University of Michigan, Ann Arbor, Michigan 48109;']"
https://openalex.org/W4221051594,https://openalex.org/W2320924056,Analysis of Multivalley and Multibandgap Absorption and Enhancement of Free Carriers Related to Exciton Screening in Hybrid Perovskites,Jacky Even,https://openalex.org/A5055401545,Fonctions Optiques pour les Technologies de l’information,"[""FOTON - Fonctions Optiques pour les Technologies de l'informatiON (ENSSAT 6, rue de Kerampont CS 80518 22305 LANNION Cedex - France)""]"
https://openalex.org/W4221051594,https://openalex.org/W2395081394,Electron–phonon coupling in hybrid lead halide perovskites,Adam D. Wright,https://openalex.org/A5045723260,University of Oxford,"['Department of Physics, Clarendon Laboratory, University of Oxford, Parks Road, Oxford, OX1 3PU, UK']"
https://openalex.org/W4221051594,https://openalex.org/W2417573578,Photophysics of Hybrid Lead Halide Perovskites: The Role of Microstructure,Ajay Ram Srimath Kandada,https://openalex.org/A5023786923,Center for Nano Science and Technology,"['Center for Nano Science and\rTechnology @Polimi, Istituto Italiano di Tecnologia, via Giovanni\rPascoli 70/3, 20133 Milan, Italy']"
https://openalex.org/W4221051594,https://openalex.org/W2533641981,Local Polar Fluctuations in Lead Halide Perovskite Crystals,Omer Yaffe,https://openalex.org/A5009430471,Columbia University,"['Department of Chemistry, Columbia University, New York, New York 10027, USA']"
https://openalex.org/W4221051594,https://openalex.org/W2615965776,Giant Bandgap Renormalization and Exciton–Phonon Scattering in Perovskite Nanocrystals,Rinku Saran,https://openalex.org/A5084318088,University of Manchester,"['The Photon Science Institute, School of Electrical and Electronic Engineering, The University of Manchester, Alan Turing Building, Oxford Road, Manchester, M13 9PL UK']"
https://openalex.org/W4221051594,https://openalex.org/W2619974203,Real-Time Observation of Exciton–Phonon Coupling Dynamics in Self-Assembled Hybrid Perovskite Quantum Wells,Limeng Ni,https://openalex.org/A5053621185,University of Cambridge,"['Cavendish\rLaboratory, University of Cambridge, JJ Thomson Avenue, Cambridge CB3 0HE, United Kingdom']"
https://openalex.org/W4221051594,https://openalex.org/W2808198544,Non-Markovian Exciton-Phonon Interactions in Core-Shell Colloidal Quantum Dots at Femtosecond Timescales,Albert Liu,https://openalex.org/A5012580765,University of Michigan–Ann Arbor,"['Physics Department, University of Michigan, Ann Arbor, Michigan 48109, USA']"
https://openalex.org/W4221051594,https://openalex.org/W2850935192,Phonon Coupling with Excitons and Free Carriers in Formamidinium Lead Bromide Perovskite Nanocrystals,Supriya Ghosh,https://openalex.org/A5014892894,Indian Institute of Technology Mandi,"['School of Basic Sciences and Advanced Material Research Center, Indian Institute of Technology Mandi, Kamand, 175005 Himachal Pradesh, India']"
https://openalex.org/W4221051594,https://openalex.org/W2883072253,Phonon coherences reveal the polaronic character of excitons in two-dimensional lead halide perovskites,Félix Thouin,https://openalex.org/A5008622332,Georgia Institute of Technology,"['School of Physics, Georgia Institute of Technology, Atlanta, GA, USA']"
https://openalex.org/W4221051594,https://openalex.org/W2899631718,Two-Dimensional Hybrid Halide Perovskites: Principles and Promises,Lingling Mao,https://openalex.org/A5071764319,Northwestern University,"['Department of Chemistry, Northwestern University, 2145 Sheridan Road, Evanston, Illinois 60208, United States']"
https://openalex.org/W4221051594,https://openalex.org/W2904713254,Optical Properties of Two-Dimensional Perovskite Films of (C<sub>6</sub>H<sub>5</sub>C<sub>2</sub>H<sub>4</sub>NH<sub>3</sub>)<sub>2</sub>[PbI<sub>4</sub>] and (C<sub>6</sub>H<sub>5</sub>C<sub>2</sub>H<sub>4</sub>NH<sub>3</sub>)<sub>2</sub> (CH<sub>3</sub>NH<sub>3</sub>)<sub>2</sub>[Pb<sub>3</sub>I<sub>10</sub>],Yang Zhang,https://openalex.org/A5100354821,Nanjing University of Science and Technology,"['School of Electronic and Optical Engineering, Nanjing University of Science and Technology, Nanjing 210094, China']"
https://openalex.org/W4221051594,https://openalex.org/W2911025402,Quantum and Dielectric Confinement Effects in Lower-Dimensional Hybrid Perovskite Semiconductors,Claudine Katan,https://openalex.org/A5013980649,Centre National de la Recherche Scientifique,"['Univ Rennes, ENSCR, INSA Rennes, CNRS, ISCR (Institut des Sciences Chimiques de Rennes) - UMR 6226, F-35000 Rennes, France']"
https://openalex.org/W4221051594,https://openalex.org/W2911288843,Anomalous Temperature-Dependent Exciton–Phonon Coupling in Cesium Lead Bromide Perovskite Nanosheets,Xiangzhou Lao,https://openalex.org/A5070230670,University of Hong Kong,"['Department of Physics, Shenzhen Institute of Research and Innovation (HKU-SIRI), The University of Hong Kong, Pokfulam Road, Hong Kong, China']"
https://openalex.org/W4221051594,https://openalex.org/W2916441805,Longer Cations Increase Energetic Disorder in Excitonic 2D Hybrid Perovskites,Daniel B. Straus,https://openalex.org/A5023058395,University of Pennsylvania,"['Departments of Chemistry, University of Pennsylvania, Philadelphia, Pennsylvania 19104, United States']"
https://openalex.org/W4221051594,https://openalex.org/W2962845988,Simultaneous Existence of Confined and Delocalized Vibrational Modes in Colloidal Quantum Dots,Albert Liu,https://openalex.org/A5012580765,University of Michigan–Ann Arbor,"['Department of Physics, University of Michigan, Ann Arbor, Michigan 48109, United States']"
https://openalex.org/W4221051594,https://openalex.org/W2968005694,Electron–Phonon Couplings Inherent in Polarons Drive Exciton Dynamics in Two-Dimensional Metal-Halide Perovskites,Félix Thouin,https://openalex.org/A5008622332,Georgia Institute of Technology,"['School of Physics, Georgia Institute of Technology, 837 State Street NW, Atlanta, Georgia 30332, United States']"
https://openalex.org/W4221051594,https://openalex.org/W2981602912,Exciton–phonon interaction in quasi-two dimensional layered (PEA)<sub>2</sub>(CsPbBr<sub>3</sub>)<sub>n−1</sub>PbBr<sub>4</sub> perovskite,Hao Long,https://openalex.org/A5027003517,Xiamen University,"[""People's Republic of China"", ""School of Electronic Science and Engineering (National Model Microelectronics College), Xiamen University, Xiamen 361005, People's Republic of China"", 'Xiamen 361005', 'Xiamen University']"
https://openalex.org/W4221051594,https://openalex.org/W3011450051,Exciton Polarons in Two-Dimensional Hybrid Metal-Halide Perovskites,Ajay Ram Srimath Kandada,https://openalex.org/A5023786923,Center for Nano Science and Technology,"['Center for Nano Science and Technology@PoliMi, Istituto Italiano di Tecnologia, via Giovanni Pascoli 70/3, 20133 Milano, Italy', 'Department of Physics, Wake Forest University, P.O. Box 7507, Winston-Salem, North Carolina 27109, United States']"
https://openalex.org/W4221051594,https://openalex.org/W3013771003,Role of Exciton Binding Energy on LO Phonon Broadening and Polaron Formation in (BA)<sub>2</sub>PbI<sub>4</sub> Ruddlesden–Popper Films,Hamidreza Esmaielpour,https://openalex.org/A5072226857,Institut national de l’information géographique et forestière,['Institut Photovoltaïque d’Ile-de-France (UMR)']
https://openalex.org/W4221051594,https://openalex.org/W3037820246,Revealing Excitonic Phonon Coupling in (PEA)<sub>2</sub>(MA)<sub><i>n</i>−1</sub>Pb<sub><i>n</i></sub>I<sub>3<i>n</i>+1</sub> 2D Layered Perovskites,Joanna Urban,https://openalex.org/A5072862493,Laboratoire National des Champs Magnétiques Intenses,"['Laboratoire Lumière, Matière et Interfaces', 'Laboratoire national des champs magnétiques intenses - Toulouse', 'Nano Optique et Spectroscopy']"
https://openalex.org/W4221051594,https://openalex.org/W3038387099,Tunable exciton binding energy in 2D hybrid layered perovskites through donor–acceptor interactions within the organic layer,James Passarelli,https://openalex.org/A5052028298,Northwestern University,"['Department of Chemistry, Northwestern University, Evanston, IL, USA']"
https://openalex.org/W4221051594,https://openalex.org/W3049540612,Suppressing Strong Exciton–Phonon Coupling in Blue Perovskite Nanoplatelet Solids by Binary Systems,Lin Yu,https://openalex.org/A5101825450,University of Macau,"['Joint Key Laboratory of the Ministry of Education, Institute of Applied Physics and Materials Engineering, University of Macau, Macao SAR, 999078 China', 'These authors contributed equally to this work.']"
https://openalex.org/W4221051594,https://openalex.org/W3096957020,Toward Engineering Intrinsic Line Widths and Line Broadening in Perovskite Nanoplatelets,Albert Liu,https://openalex.org/A5012580765,University of Michigan–Ann Arbor,"['Department of Physics, University of Michigan, Ann Arbor, Michigan 48109, United States']"
https://openalex.org/W4221051594,https://openalex.org/W2941002141,Enhanced screening and spectral diversity in many-body elastic scattering of excitons in two-dimensional hybrid metal-halide perovskites,Félix Thouin,https://openalex.org/A5008622332,State Street (United States),"['School of Physics, Georgia Institute of Technology, 837 State Street NW, Atlanta, Georgia 30332, USA']"
https://openalex.org/W4221051594,https://openalex.org/W3099554465,Stochastic scattering theory for excitation-induced dephasing: Comparison to the Anderson–Kubo lineshape,Hao Li,https://openalex.org/A5100348592,University of Houston,"['Department of Chemistry, University of Houston 1 , Houston, Texas 77204, USA']"
https://openalex.org/W4221051594,https://openalex.org/W2772587104,Stable biexcitons in two-dimensional metal-halide perovskites with strong dynamic lattice disorder,Félix Thouin,https://openalex.org/A5008622332,Georgia Institute of Technology,"['School of Physics, Georgia Institute of Technology, 837 State Street NW, Atlanta, Georgia 30332, USA']"
https://openalex.org/W4221051594,https://openalex.org/W3079678319,Stochastic scattering theory for excitation-induced dephasing: Time-dependent nonlinear coherent exciton lineshapes,Ajay Ram Srimath Kandada,https://openalex.org/A5023786923,Wake Forest University,"['Department of Physics and Center for Functional Materials, Wake Forest University 1 , 1834 Wake Forest Road, Winston-Salem, North Carolina 27109, USA']"
https://openalex.org/W4221051594,https://openalex.org/W2792120617,Exciton-polaron spectral structures in two-dimensional hybrid lead-halide perovskites,Stefanie Neutzner,https://openalex.org/A5090278446,Center for Nano Science and Technology,"['Center for Nano Science and Technology at PoliMi, Istituto Italiano di Tecnologia, via Giovanni Pascoli 70/3, 20133 Milano, Italy']"
https://openalex.org/W4221051594,https://openalex.org/W3117740921,Disentangling Electron–Phonon Coupling and Thermal Expansion Effects in the Band Gap Renormalization of Perovskite Nanocrystals,Andrea Rubino,https://openalex.org/A5059486342,Instituto de Ciencia de Materiales de Sevilla,"['Institute of Materials Science of Seville, Spanish National Research Council-University of Seville, C/Américo Vespucio 49, 41092 Seville, Spain']"
https://openalex.org/W4221051594,https://openalex.org/W3117740921,Disentangling Electron–Phonon Coupling and Thermal Expansion Effects in the Band Gap Renormalization of Perovskite Nanocrystals,Andrea Rubino,https://openalex.org/A5059486342,Instituto de Ciencia de Materiales de Sevilla,"['Institute of Materials Science of Seville, Spanish National Research Council-University of Seville, C/Américo Vespucio 49, 41092 Seville, Spain']"
https://openalex.org/W4221051594,https://openalex.org/W3117740921,Disentangling Electron–Phonon Coupling and Thermal Expansion Effects in the Band Gap Renormalization of Perovskite Nanocrystals,Andrea Rubino,https://openalex.org/A5059486342,Instituto de Ciencia de Materiales de Sevilla,"['Institute of Materials Science of Seville, Spanish National Research Council-University of Seville, C/Américo Vespucio 49, 41092 Seville, Spain']"
https://openalex.org/W4221051594,https://openalex.org/W4214503184,Concepts and Methods of 2D Infrared Spectroscopy,Peter Hamm,https://openalex.org/A5083426169,University of Zurich,['Universität Zürich']
https://openalex.org/W4221051594,https://openalex.org/W4226258355,Peculiar anharmonicity of Ruddlesden Popper metalhalides: Temperature-dependent phonon dephasing,Esteban Rojas‐Gatjens,https://openalex.org/A5031695548,Georgia Institute of Technology,"['School of Chemistry and Biochemistry, Georgia Institute of Technology, 901 Atlantic Drive, Atlanta, Georgia 30332, USA']"
https://openalex.org/W4221051594,https://openalex.org/W648186649,Solid State Physics: Essential Concepts,David W. Snoke,https://openalex.org/A5091421596,University of Pittsburgh,['University of Pittsburgh']
https://openalex.org/W4308437352,https://openalex.org/W1970104226,Phase-locked pulses for two-dimensional spectroscopy by a birefringent delay line,Daniele Brida,https://openalex.org/A5082810697,Politecnico di Milano,"['IFN-CNR, Dipartimento di Fisica, Politecnico di Milano, Milano, Italy.']"
https://openalex.org/W4308437352,https://openalex.org/W2017805558,Coherent Two-Dimensional Optical Spectroscopy,Minhaeng Cho,https://openalex.org/A5027685378,Korea Basic Science Institute,"['Department of Chemistry and Center for Multidimensional Spectroscopy, Korea University, Seoul 136-701, Korea, and Multidimensional Spectroscopy Laboratory, Korea Basic Science Institute, Seoul 136-713, Korea']"
https://openalex.org/W4308437352,https://openalex.org/W2036629141,Coherent two-exciton dynamics measured using two-quantum rephasing two-dimensional electronic spectroscopy,Daniel B. Turner,https://openalex.org/A5078206358,Massachusetts Institute of Technology,"['Department of Chemistry, Massachusetts Institute of Technology, Cambridge,. Massachusetts 02139 (USA)']"
https://openalex.org/W4308437352,https://openalex.org/W2038143941,Coherent two-dimensional photocurrent spectroscopy in a PbS quantum dot photocell,Khadga Jung Karki,https://openalex.org/A5076134389,Lund University,"['Department of Chemical Physics, Lund University , Lund, Sweden.']"
https://openalex.org/W4308437352,https://openalex.org/W2050268081,Vibrational coherence probes the mechanism of ultrafast electron transfer in polymer–fullerene blends,Yin Song,https://openalex.org/A5063237666,University of Toronto,"['Department of Chemistry, University of Toronto, 80 St. George Street, Toronto, M5S 3H6, Ontario, Canada']"
https://openalex.org/W4308437352,https://openalex.org/W2066122496,Wave packet interferometry and quantum state reconstruction by acousto-optic phase modulation,Patrick F. Tekavec,https://openalex.org/A5039367003,University of Oregon,"['University of Oregon Department of Physics, , Eugene, Oregon 97403']"
https://openalex.org/W4308437352,https://openalex.org/W2069852394,Fluorescence-detected two-dimensional electronic coherence spectroscopy by acousto-optic phase modulation,Patrick F. Tekavec,https://openalex.org/A5039367003,University of Oregon,"['University of Oregon Department of Physics, , Eugene, Oregon 97403, USA']"
https://openalex.org/W4308437352,https://openalex.org/W2127766441,Unravelling Coherent Dynamics and Energy Dissipation in Photosynthetic Complexes by 2D Spectroscopy,Darius Abramavičius,https://openalex.org/A5032254135,"University of California, Irvine","['Natural Sciences, University of California, Irvine, California 92697-2025, USA.']"
https://openalex.org/W4308437352,https://openalex.org/W2133603632,Multidimensional coherent photocurrent spectroscopy of a semiconductor nanostructure,Gaël Nardin,https://openalex.org/A5062402356,National Institute of Standards and Technology,"['JILA, University of Colorado & National Institute of Standards and Technology, Boulder, CO 80309-0440']"
https://openalex.org/W4308437352,https://openalex.org/W2159312847,Experimental Implementations of Two-Dimensional Fourier Transform Electronic Spectroscopy,Franklin D. Fuller,https://openalex.org/A5090922242,University of Michigan–Ann Arbor,"['Department of Physics, University of Michigan, Ann Arbor, Michigan 48109;']"
https://openalex.org/W4308437352,https://openalex.org/W2165773483,Solution conformation of 2-aminopurine dinucleotide determined by ultraviolet two-dimensional fluorescence spectroscopy,Julia R. Widom,https://openalex.org/A5038030819,University of Oregon,"['Institute of Molecular Biology and Department of Chemistry, University of Oregon, Eugene, OR 97403, USA', 'Oregon Center for Optics and Department of Chemistry, University of Oregon, Eugene, OR 97403, USA']"
https://openalex.org/W4308437352,https://openalex.org/W2166995096,Conformation of self-assembled porphyrin dimers in liposome vesicles by phase-modulation 2D fluorescence spectroscopy,Geoffrey A. Lott,https://openalex.org/A5017398878,University of Oregon,['University of Oregon [Eugene]']
https://openalex.org/W4308437352,https://openalex.org/W2209211204,Ultrafast Spectroscopy with Photocurrent Detection: Watching Excitonic Optoelectronic Systems at Work,Artem A. Bakulin,https://openalex.org/A5049502490,University of Cambridge,"['Cavendish Laboratory, University of Cambridge, Cambridge CB3 0HE, United Kingdom']"
https://openalex.org/W4308437352,https://openalex.org/W2252926782,Ultrafast decoherence dynamics govern photocarrier generation efficiencies in polymer solar cells,Eleonora Vella,https://openalex.org/A5039522745,Regroupement Québécois sur les Matériaux de Pointe,"['Department of Physics and Regroupement québécois sur les matériaux de pointe, Université de Montréal, C.P. 6128, Succursale centre-ville, Montréal, H3C 3J7, Canada']"
https://openalex.org/W4308437352,https://openalex.org/W2328148903,Conformation and Electronic Population Transfer in Membrane-Supported Self-Assembled Porphyrin Dimers by 2D Fluorescence Spectroscopy,Alejandro Perdomo‐Ortiz,https://openalex.org/A5082678604,Harvard University,"['Department of Chemistry and\rChemical Biology, Harvard University, Cambridge,\rMassachusetts 02138, United States']"
https://openalex.org/W4308437352,https://openalex.org/W2412759929,Probing polaron excitation spectra in organic semiconductors by photoinduced-absorption-detected two-dimensional coherent spectroscopy,Hao Li,https://openalex.org/A5100348592,University of Houston,"['Department of Chemistry, University of Houston, Houston, TX 77204, United States']"
https://openalex.org/W4308437352,https://openalex.org/W2607738424,Excitonic coupling dominates the homogeneous photoluminescence excitation linewidth in semicrystalline polymeric semiconductors,Pascal Grégoire,https://openalex.org/A5090176524,Regroupement Québécois sur les Matériaux de Pointe,"['Département de Physique and Regroupement québécois sur les matériaux de pointe, Université de Montréal, Case Postale 6128, succursale Centre-ville, Montréal H3C 3J7, Canada']"
https://openalex.org/W4308437352,https://openalex.org/W2760060288,Frequency combs enable rapid and high-resolution multidimensional coherent spectroscopy,Bachana Lomsadze,https://openalex.org/A5021469047,University of Michigan–Ann Arbor,"['Department of Physics, University of Michigan, Ann Arbor, MI 48109, USA, and JILA, University of Colorado and National Institute of Standards and Technology, Boulder, CO 80309, USA.']"
https://openalex.org/W4308437352,https://openalex.org/W2884356057,Signatures of Exciton Delocalization and Exciton–Exciton Annihilation in Fluorescence-Detected Two-Dimensional Coherent Spectroscopy,Pavel Malý,https://openalex.org/A5067022108,Vrije Universiteit Amsterdam,"['Faculty of Mathematics and Physics, Charles University, Ke Karlovu 5, CZ-12116 Prague 2, Czech Republic', 'Faculty of Science, Vrije Universiteit Amsterdam, De Boelelaan 1081, 1081 HV Amsterdam, The Netherlands']"
https://openalex.org/W4308437352,https://openalex.org/W3100448693,Using fluorescence detected two-dimensional spectroscopy to investigate initial exciton delocalization between coupled chromophores,Marco Schröter,https://openalex.org/A5000737379,University of Rostock,"['Institute of Physics, University of Rostock 1 , Albert Einstein Straße 23-24, 18059 Rostock, Germany']"
https://openalex.org/W4308437352,https://openalex.org/W2914352243,"Measuring local conformations and conformational disorder of (Cy3)<sub>2</sub>dimer labeled DNA fork junctions using absorbance, circular dichroism and two-dimensional fluorescence spectroscopy",Dylan Heussman,https://openalex.org/A5015938084,University of Oregon,"['Center for Optical, Molecular and Quantum Science', 'Department of Chemistry and Biochemistry, Center for Optical, Molecular and Quantum Science, University of Oregon, Eugene, USA', 'Eugene', 'USA', 'University of Oregon']"
https://openalex.org/W4308437352,https://openalex.org/W2936845257,Differentiation of True Nonlinear and Incoherent Mixing of Linear Signals in Action-Detected 2D Spectroscopy,Alex Arash Sand Kalaee,https://openalex.org/A5089179935,Lund University,"['Mathematical Physics and NanoLund, Lund University, P.O. Box 118, 22100 Lund, Sweden']"
https://openalex.org/W4308437352,https://openalex.org/W3099010846,Incoherent population mixing contributions to phase-modulation two-dimensional coherent excitation spectra,Pascal Grégoire,https://openalex.org/A5090176524,Université de Montréal,"['Département de physique, Université de Montréal 1 , C.P. 6128, Succursale Centre-Ville, Montréal, Québec H3C 3J7, Canada']"
https://openalex.org/W4308437352,https://openalex.org/W3196630676,Phase-modulated rapid-scanning fluorescence-detected two-dimensional electronic spectroscopy,Damianos Agathangelou,https://openalex.org/A5007848883,University of Michigan–Ann Arbor,"['University of Michigan [Ann Arbor] (500 Church Street Ann Arbor, MI 48109-1090 - United States)']"
https://openalex.org/W4308437352,https://openalex.org/W4205587181,Frenkel biexcitons in hybrid HJ photophysical aggregates,Elizabeth Gutiérrez‐Meza,https://openalex.org/A5084644271,Georgia Institute of Technology,"['School of Chemistry and Biochemistry, Georgia Institute of Technology, 901 Atlantic Drive, Atlanta, GA 30332, USA.']"
https://openalex.org/W4308437352,https://openalex.org/W4205844978,Coherent Two-Dimensional and Broadband Electronic Spectroscopies,Somnath Biswas,https://openalex.org/A5082902142,Princeton University,"['Department of Chemistry, Princeton University, Princeton, New Jersey 08\u2009544, United States']"
https://openalex.org/W4308437352,https://openalex.org/W4226020602,Temperature-dependent local conformations and conformational distributions of cyanine dimer labeled single-stranded–double-stranded DNA junctions by 2D fluorescence spectroscopy,Dylan Heussman,https://openalex.org/A5015938084,University of Oregon,"['Center for Optical, Molecular and Quantum Science, Department of Chemistry and Biochemistry, University of Oregon 1 , Eugene, Oregon 97403, USA', 'Department of Chemistry and Biochemistry, Institute of Molecular Biology, University of Oregon 2 , Eugene, Oregon 97403, USA']"
https://openalex.org/W4308437352,https://openalex.org/W4283266591,Advances in nonlinear spectroscopy using phase modulated light fields: prospective applications in perturbative and non-perturbative regimes,Khadga Jung Karki,https://openalex.org/A5076134389,Guangdong Technion-Israel Institute of Technology,"['Physics Program, Guangdong Technion - Israel Institute of Technology, Shantou, Guangdong, China', 'Technion Israel Institute of Technology, Haifa, Israel']"
https://openalex.org/W4226258355,https://openalex.org/W1840457551,"Anharmonic stabilization and band gap renormalization in the perovskite<mml:math xmlns:mml=""http://www.w3.org/1998/Math/MathML""><mml:msub><mml:mi>CsSnI</mml:mi><mml:mn>3</mml:mn></mml:msub></mml:math>",Christopher E. Patrick,https://openalex.org/A5034440486,Technical University of Denmark,"['Center for Atomic-Scale Materials Design (CAMD), Department of Physics, Technical University of Denmark, DK-2800 Kongens Lyngby, Denmark']"
https://openalex.org/W4226258355,https://openalex.org/W1857108988,"Lattice dynamics and vibrational spectra of the orthorhombic, tetragonal, and cubic phases of methylammonium lead iodide",Federico Brivio,https://openalex.org/A5045962233,University of Bath,"['Centre for Sustainable Chemical Technologies and Department of Chemistry, University of Bath, Claverton Down,Bath BA2 7AY,United Kingdom']"
https://openalex.org/W4226258355,https://openalex.org/W1966026334,Polaron coupling in quantum dot molecules,O. Verzelen,https://openalex.org/A5003113810,error,"['Laboratoire de Physique de la Matière Condensée, Ecole Normale Supérieure, 24 rue Lhomond, F75005 Paris, France']"
https://openalex.org/W4226258355,https://openalex.org/W1968701398,Anharmonic Decay of Optical Phonons,P. G. Klemens,https://openalex.org/A5061323750,Westinghouse Electric (United States),"['Westinghouse Research Laboratories,Pittsburgh Pennsylvania']"
https://openalex.org/W4226258355,https://openalex.org/W1980398905,Excitonic Polarons in Semiconductor Quantum Dots,O. Verzelen,https://openalex.org/A5003113810,Laboratoire de Physique de l'ENS,"['Laboratoire de Physique de la Matière Condensée ENS, 24 rue Lhomond F75005 Paris, France. olivier.verzelen@lpmc.ens.fr']"
https://openalex.org/W4226258355,https://openalex.org/W1993538862,Anharmonic effects in light scattering due to optical phonons in silicon,M. Bałkanski,https://openalex.org/A5075473319,Sorbonne Université,"['Laboratoire de Physique des Solides, associé au Centre National de la Recherche Scientifique, Université Pierre et Marie Curie, Tour 13, Deuxième Etage, 4 Place Jussieu, F-75230 Paris Cedex 05, France']"
https://openalex.org/W4226258355,https://openalex.org/W2006307139,Polaron lifetime and energy relaxation in semiconductor quantum dots,O. Verzelen,https://openalex.org/A5003113810,École Normale Supérieure - PSL,"['Laboratoire de Physique de la Matière Condensée—Ecole Normale Supérieure, 24 rue Lhomond F-75005 Paris, France']"
https://openalex.org/W4226258355,https://openalex.org/W2009948224,Coherent time-resolved investigation of LO-phonon dynamics in GaAs,Fabrice Vallée,https://openalex.org/A5054003346,École Polytechnique,"[""Laboratoire d'Optique Quantique du Centre National de la Recherche Scientifique, Ecole Polytechnique, 91128 Palaiseau cédex, France""]"
https://openalex.org/W4226258355,https://openalex.org/W2012091312,IDENTIFICATION OF DAMPING IN MDOF SYSTEMS USING TIME-SCALE DECOMPOSITION,Wiesław J. Staszewski,https://openalex.org/A5022831151,University of Sheffield,"['Dynamics Research Group, Department of Mechanical Engineering University of Sheffield Mappin Street Sheffield S1 3JD England']"
https://openalex.org/W4226258355,https://openalex.org/W2053216542,Dephasing of coherent phonons by lattice defects in bismuth films,Muneaki Hase,https://openalex.org/A5069781303,error,"['National Research Institute for Metals, 1-2-1 Sengen, Tsukuba, Ibaraki\u2009305-0047, Japan']"
https://openalex.org/W4226258355,https://openalex.org/W2055420253,Time-resolved vibrational spectroscopy in the impulsive limit,Lisa Dhar,https://openalex.org/A5057986961,Massachusetts Institute of Technology,['Massachusetts Institute of Technology']
https://openalex.org/W4226258355,https://openalex.org/W2081217877,Effects of As+ ion implantation on the Raman spectra of GaAs: ‘‘Spatial correlation’’ interpretation,K. K. Tiong,https://openalex.org/A5001215974,Brooklyn College,"['Physics Department, Brooklyn College of CUNY, Brooklyn, New York 11210']"
https://openalex.org/W4226258355,https://openalex.org/W2084869547,Raman-scattering probe of anharmonic effects due to temperature and compositional disorder in III-V binary and ternary alloy semiconductors,C. Ramkumar,https://openalex.org/A5048749144,Indian Institute of Technology Delhi,"['Department of Physics, Indian Institute of Technology, New Delhi, 110 016, India']"
https://openalex.org/W4226258355,https://openalex.org/W2085919360,Time-resolved investigation of coherent LO-phonon relaxation in III-V semiconductors,Fabrice Vallée,https://openalex.org/A5054003346,École Polytechnique,"[""Laboratoire d'Optique Quantique du Centre National de la Recherche Scientifique, Ecole Polytechnique, 91128 Palaiseau cédex, France""]"
https://openalex.org/W4226258355,https://openalex.org/W2088946242,Temperature-dependent exciton linewidths in semiconductor quantum wells,S. Rudin,https://openalex.org/A5010645407,United States Department of the Army,"['U. S. Army Electronics Technology and Devices Laboratory, Fort Monmouth, New Jersey 07703-5000']"
https://openalex.org/W4226258355,https://openalex.org/W2089891004,Observation of coherent phonons in strontium titanate: Structural phase transition and ultrafast dynamics of the soft modes,T. Kohmoto,https://openalex.org/A5018305814,Kobe University,"['Department of Physics, Faculty of Science, Kobe University, Kobe, 657-8501, Japan']"
https://openalex.org/W4226258355,https://openalex.org/W2204788775,Charge Carriers in Hybrid Organic–Inorganic Lead Halide Perovskites Might Be Protected as Large Polarons,Xiaoyang Zhu,https://openalex.org/A5085318525,Columbia University,"['Department\rof Chemistry, Columbia University, New York, New York 10027, United States']"
https://openalex.org/W4226258355,https://openalex.org/W2321639181,Mixed-space approach for calculation of vibration-induced dipole-dipole interactions,Yi Wang,https://openalex.org/A5100765501,Pennsylvania State University,"['Materials Science and Engineering, The Pennsylvania State University, University Park, Pennsylvania 16802, USA']"
https://openalex.org/W4226258355,https://openalex.org/W2331819140,"Temperature dependence of coherent phonon dephasing in<mml:math xmlns:mml=""http://www.w3.org/1998/Math/MathML"" display=""inline""><mml:mrow><mml:mi mathvariant=""normal"">Cs</mml:mi><mml:mi mathvariant=""normal"">Pb</mml:mi><mml:msub><mml:mi mathvariant=""normal"">Cl</mml:mi><mml:mn>3</mml:mn></mml:msub></mml:mrow></mml:math>nanocrystals",Petr Němec,https://openalex.org/A5090681477,Charles University,"['Faculty of Mathematics and Physics, Charles University in Prague, Ke Karlovu 3, 121 16 Prague 2, Czech Republic']"
https://openalex.org/W4226258355,https://openalex.org/W3098117411,"Dynamic disorder, phonon lifetimes, and the assignment of modes to the vibrational spectra of methylammonium lead halide perovskites",Aurélien M. A. Leguy,https://openalex.org/A5051368306,Imperial College London,"['Physics department, Imperial College London, UK', 'UK']"
https://openalex.org/W4226258355,https://openalex.org/W2523411869,Screening in crystalline liquids protects energetic carriers in hybrid perovskites,Haiming Zhu,https://openalex.org/A5067434220,Columbia University,"['Department of Chemistry, Columbia University, New York, NY 10027, USA.']"
https://openalex.org/W4226258355,https://openalex.org/W3097993699,Four-Wave Mixing in Perovskite Photovoltaic Materials Reveals Long Dephasing Times and Weaker Many-Body Interactions than GaAs,Samuel A. March,https://openalex.org/A5042397018,Dalhousie University,"['Department\rof Physics and Atmospheric Science, Dalhousie University, Halifax, Nova Scotia B3H 4R2, Canada']"
https://openalex.org/W4226258355,https://openalex.org/W2802112049,Entropy in halide perovskites,Claudine Katan,https://openalex.org/A5013980649,Institut des Sciences Chimiques de Rennes,['ISCR - Institut des Sciences Chimiques de Rennes (Campus de Beaulieu - Bât. 10 Avenue du Général Leclerc 35042 Rennes Cedex - France)']
https://openalex.org/W4226258355,https://openalex.org/W2883072253,Phonon coherences reveal the polaronic character of excitons in two-dimensional lead halide perovskites,Félix Thouin,https://openalex.org/A5008622332,Georgia Institute of Technology,"['School of Physics, Georgia Institute of Technology, Atlanta, GA, USA']"
https://openalex.org/W4226258355,https://openalex.org/W2899266302,How Lattice and Charge Fluctuations Control Carrier Dynamics in Halide Perovskites,Matthew Z. Mayers,https://openalex.org/A5020696849,Columbia University,"['Department of Chemistry, Columbia University, New York, New York 10027, United States']"
https://openalex.org/W4226258355,https://openalex.org/W2899631718,Two-Dimensional Hybrid Halide Perovskites: Principles and Promises,Lingling Mao,https://openalex.org/A5071764319,Northwestern University,"['Department of Chemistry, Northwestern University, 2145 Sheridan Road, Evanston, Illinois 60208, United States']"
https://openalex.org/W4226258355,https://openalex.org/W2911025402,Quantum and Dielectric Confinement Effects in Lower-Dimensional Hybrid Perovskite Semiconductors,Claudine Katan,https://openalex.org/A5013980649,Centre National de la Recherche Scientifique,"['Univ Rennes, ENSCR, INSA Rennes, CNRS, ISCR (Institut des Sciences Chimiques de Rennes) - UMR 6226, F-35000 Rennes, France']"
https://openalex.org/W4226258355,https://openalex.org/W2913636149,Dynamic Screening and Slow Cooling of Hot Carriers in Lead Halide Perovskites,Prakriti P. Joshi,https://openalex.org/A5073240694,Columbia University,"['Department of Chemistry, Columbia University, New York, NY, 10027 USA']"
https://openalex.org/W4226258355,https://openalex.org/W2916441805,Longer Cations Increase Energetic Disorder in Excitonic 2D Hybrid Perovskites,Daniel B. Straus,https://openalex.org/A5023058395,University of Pennsylvania,"['Departments of Chemistry, University of Pennsylvania, Philadelphia, Pennsylvania 19104, United States']"
https://openalex.org/W4226258355,https://openalex.org/W2936479322,PyWavelets: A Python package for wavelet analysis,Gregory R. Lee,https://openalex.org/A5023016526,University of Cincinnati,"[""Department of Radiology, Cincinnati Children's Hospital Medical Center, Cincinnati, OH, USA"", 'Department of Radiology, University of Cincinnati School of Medicine, Cincinnati, OH, USA']"
https://openalex.org/W4226258355,https://openalex.org/W2968005694,Electron–Phonon Couplings Inherent in Polarons Drive Exciton Dynamics in Two-Dimensional Metal-Halide Perovskites,Félix Thouin,https://openalex.org/A5008622332,Georgia Institute of Technology,"['School of Physics, Georgia Institute of Technology, 837 State Street NW, Atlanta, Georgia 30332, United States']"
https://openalex.org/W4226258355,https://openalex.org/W2971726561,Charge-Carrier Recombination in Halide Perovskites,Dane W. deQuilettes,https://openalex.org/A5064192921,Massachusetts Institute of Technology,"['Department of Chemistry, University of Washington, Box 351700, Seattle, Washington 98195-1700, United States', 'Research Laboratory of Electronics, Massachusetts Institute of Technology, 77 Massachusetts Avenue, Cambridge, Massachusetts 02139, United States']"
https://openalex.org/W4226258355,https://openalex.org/W2979349040,Ultrafast acoustic phonon scattering in CH3NH3PbI3 revealed by femtosecond four-wave mixing,Samuel A. March,https://openalex.org/A5042397018,Dalhousie University,"['Department of Physics and Atmospheric Science, Dalhousie University 1 , Halifax, Nova Scotia B3H 4R2, Canada']"
https://openalex.org/W4226258355,https://openalex.org/W3011450051,Exciton Polarons in Two-Dimensional Hybrid Metal-Halide Perovskites,Ajay Ram Srimath Kandada,https://openalex.org/A5023786923,Center for Nano Science and Technology,"['Center for Nano Science and Technology@PoliMi, Istituto Italiano di Tecnologia, via Giovanni Pascoli 70/3, 20133 Milano, Italy', 'Department of Physics, Wake Forest University, P.O. Box 7507, Winston-Salem, North Carolina 27109, United States']"
https://openalex.org/W4226258355,https://openalex.org/W3015400812,Directional Anisotropy of the Vibrational Modes in 2D-Layered Perovskites,Balaji Dhanabalan,https://openalex.org/A5075567267,Italian Institute of Technology,"['Dipartimento di Chimica e Chimica Industriale, Università degli Studi di Genova, Via Dodecaneso, 31, 16146 Genova, Italy', 'Istituto Italiano di Tecnologia (IIT), Via Morego 30, 16163 Genoa, Italy']"
https://openalex.org/W4226258355,https://openalex.org/W3028031158,"Evidence of Large Polarons in Photoemission Band Mapping of the Perovskite Semiconductor <mml:math xmlns:mml=""http://www.w3.org/1998/Math/MathML"" display=""inline""><mml:mrow><mml:msub><mml:mrow><mml:mi>CsPbBr</mml:mi></mml:mrow><mml:mrow><mml:mn>3</mml:mn></mml:mrow></mml:msub></mml:mrow></mml:math>",Michele Puppin,https://openalex.org/A5049526575,École Polytechnique Fédérale de Lausanne,"['Laboratoire de Spectroscopie Ultrarapide and Lausanne Centre for Ultrafast Science (LACUS), École Polytechnique Fédérale de Lausanne, ISIC, Station 6, CH-1015 Lausanne, Switzerland']"
https://openalex.org/W4226258355,https://openalex.org/W2941002141,Enhanced screening and spectral diversity in many-body elastic scattering of excitons in two-dimensional hybrid metal-halide perovskites,Félix Thouin,https://openalex.org/A5008622332,State Street (United States),"['School of Physics, Georgia Institute of Technology, 837 State Street NW, Atlanta, Georgia 30332, USA']"
https://openalex.org/W4226258355,https://openalex.org/W3102516628,Beyond the Fröhlich Hamiltonian: Path-integral treatment of large polarons in anharmonic solids,Matthew Houtput,https://openalex.org/A5018123320,University of Antwerp,"['Theory of Quantum Systems and Complex Systems, Universiteit Antwerpen, B-2000 Antwerpen, Belgium']"
https://openalex.org/W4226258355,https://openalex.org/W2772587104,Stable biexcitons in two-dimensional metal-halide perovskites with strong dynamic lattice disorder,Félix Thouin,https://openalex.org/A5008622332,Georgia Institute of Technology,"['School of Physics, Georgia Institute of Technology, 837 State Street NW, Atlanta, Georgia 30332, USA']"
https://openalex.org/W4226258355,https://openalex.org/W3103433146,"Elucidating the atomistic origin of anharmonicity in tetragonal <mml:math xmlns:mml=""http://www.w3.org/1998/Math/MathML""><mml:mrow><mml:msub><mml:mi>CH</mml:mi><mml:mn>3</mml:mn></mml:msub><mml:msub><mml:mi>NH</mml:mi><mml:mn>3</mml:mn></mml:msub><mml:msub><mml:mi>PbI</mml:mi><mml:mn>3</mml:mn></mml:msub></mml:mrow></mml:math> with Raman scattering",Rituraj Sharma,https://openalex.org/A5055190125,Weizmann Institute of Science,"['Department of Materials and Interfaces, Weizmann Institute of Science, Rehovot 76100, Israel']"
https://openalex.org/W4226258355,https://openalex.org/W3079678319,Stochastic scattering theory for excitation-induced dephasing: Time-dependent nonlinear coherent exciton lineshapes,Ajay Ram Srimath Kandada,https://openalex.org/A5023786923,Wake Forest University,"['Department of Physics and Center for Functional Materials, Wake Forest University 1 , 1834 Wake Forest Road, Winston-Salem, North Carolina 27109, USA']"
https://openalex.org/W4226258355,https://openalex.org/W3104002530,Dynamic shortening of disorder potentials in anharmonic halide perovskites,Christian Gehrmann,https://openalex.org/A5004355806,University of Regensburg,"['Institute of Theoretical Physics, University of Regensburg, 93040, Regensburg, Germany']"
https://openalex.org/W4226258355,https://openalex.org/W2792120617,Exciton-polaron spectral structures in two-dimensional hybrid lead-halide perovskites,Stefanie Neutzner,https://openalex.org/A5090278446,Center for Nano Science and Technology,"['Center for Nano Science and Technology at PoliMi, Istituto Italiano di Tecnologia, via Giovanni Pascoli 70/3, 20133 Milano, Italy']"
https://openalex.org/W4226258355,https://openalex.org/W3123859892,Phonon Dephasing Dynamics in MoS<sub>2</sub>,Liuyang Sun,https://openalex.org/A5101859856,The University of Texas at Austin,"['Department of Physics, The University of Texas at Austin, Austin, Texas 78712, United States']"
https://openalex.org/W4226258355,https://openalex.org/W3157288185,Polarons and Charge Localization in Metal‐Halide Semiconductors for Photovoltaic and Light‐Emitting Devices,Leonardo R. V. Buizza,https://openalex.org/A5089309887,University of Oxford,"['Department of Physics University of Oxford Clarendon Laboratory, Parks Road Oxford OX1 3PU UK']"
https://openalex.org/W4226258355,https://openalex.org/W3157773411,Remarkably Weak Anisotropy in Thermal Conductivity of Two-Dimensional Hybrid Perovskite Butylammonium Lead Iodide Crystals,Chen Li,https://openalex.org/A5100369951,Cornell University,"['Sibley School of Mechanical and Aerospace Engineering, Cornell University, Ithaca, New York 14853, United States']"
https://openalex.org/W4226258355,https://openalex.org/W3160861051,The Significance of Polarons and Dynamic Disorder in Halide Perovskites,Maximilian J. Schilcher,https://openalex.org/A5036570219,Technical University of Munich,"['Department of Physics, Technical University of Munich, 85748 Garching, Germany']"
https://openalex.org/W4226258355,https://openalex.org/W3161310606,Strongly Anharmonic Octahedral Tilting in Two-Dimensional Hybrid Halide Perovskites,Matan Menahem,https://openalex.org/A5030748864,Weizmann Institute of Science,"['Department of Chemical and Biological Physics, Weizmann Institute of Science, Rehovot 76100, Israel']"
https://openalex.org/W4226258355,https://openalex.org/W648186649,Solid State Physics: Essential Concepts,David W. Snoke,https://openalex.org/A5091421596,University of Pittsburgh,['University of Pittsburgh']
https://openalex.org/W4388267303,https://openalex.org/W1522434420,Intrinsic homogeneous linewidth and broadening mechanisms of excitons in monolayer transition metal dichalcogenides,Galan Moody,https://openalex.org/A5086781820,The University of Texas at Austin,"['Department of Physics and Center for Complex Quantum Systems, University of Texas at Austin, Austin, Texas 78712, USA.']"
https://openalex.org/W4388267303,https://openalex.org/W1966268725,Free carrier and many-body effects in absorption spectra of modulation-doped quantum wells,G. Livescu,https://openalex.org/A5036185478,Nokia (United States),"['AT&T Bell Laboratories,, Murray Hill, NJ, USA']"
https://openalex.org/W4388267303,https://openalex.org/W1968701398,Anharmonic Decay of Optical Phonons,P. G. Klemens,https://openalex.org/A5061323750,Westinghouse Electric (United States),"['Westinghouse Research Laboratories,Pittsburgh Pennsylvania']"
https://openalex.org/W4388267303,https://openalex.org/W1973398121,Biexciton lasing in the layered perovskite-type material (C6H13NH3)2PbI4,Takashi Kondo,https://openalex.org/A5020982275,The University of Tokyo,"['Department of Applied Physics, Faculty of Engineering, The University of Tokyo, 7‐3‐1, Hongo, Bunkyo‐ku, Tokyo 113, Japan']"
https://openalex.org/W4388267303,https://openalex.org/W1974802781,Two-Dimensional Line Shapes Derived from Coherent Third-Order Nonlinear Spectroscopy,Andrei Tokmakoff,https://openalex.org/A5021659494,Massachusetts Institute of Technology,"['Department of Chemistry, Massachusetts Institute of Technology, Cambridge, Massachusetts 02139']"
https://openalex.org/W4388267303,https://openalex.org/W1979311032,Two-Quantum 2D FT Electronic Spectroscopy of Biexcitons in GaAs Quantum Wells,Katherine W. Stone,https://openalex.org/A5072474104,Massachusetts Institute of Technology,"['Department of Chemistry, Massachusetts Institute of Technology, Cambridge, MA, 02139-4307, USA']"
https://openalex.org/W4388267303,https://openalex.org/W1980556446,Many‐Body Theory for the Dense Exciton Gas of Direct Semiconductors II. Calculation of Exciton Level Shift and Damping in Dependence on Exciton Density,Frank Boldt,https://openalex.org/A5008058605,error,"['Sektion Mathematik/Physik der Pädagogischen Hochschule “Liselotte Herrmann”, Güstrow']"
https://openalex.org/W4388267303,https://openalex.org/W1983087149,Pure optical dephasing dynamics in semiconducting single-walled carbon nanotubes,Matt W. Graham,https://openalex.org/A5057361578,Lawrence Berkeley National Laboratory,"['University of California 1 Department of Chemistry, , Berkeley, and Physical Biosciences Division, Lawrence Berkeley National Laboratory, Berkeley, California 94720, USA']"
https://openalex.org/W4388267303,https://openalex.org/W2009948224,Coherent time-resolved investigation of LO-phonon dynamics in GaAs,Fabrice Vallée,https://openalex.org/A5054003346,École Polytechnique,"[""Laboratoire d'Optique Quantique du Centre National de la Recherche Scientifique, Ecole Polytechnique, 91128 Palaiseau cédex, France""]"
https://openalex.org/W4388267303,https://openalex.org/W2018697934,Tuning the Band Gap in Hybrid Tin Iodide Perovskite Semiconductors Using Structural Templating,J. Knutson,https://openalex.org/A5056495040,North Carolina State University,"['Department of Chemistry, North Carolina State University, Box 8204, Raleigh, North Carolina 27695']"
https://openalex.org/W4388267303,https://openalex.org/W2024162549,Persistent exciton-type many-body interactions in GaAs quantum wells measured using two-dimensional optical spectroscopy,Daniel B. Turner,https://openalex.org/A5078206358,Massachusetts Institute of Technology,"['Department of Chemistry, Massachusetts Institute of Technology, Cambridge, Massachusetts 02139, USA']"
https://openalex.org/W4388267303,https://openalex.org/W2025008969,Influence of disorder on the field-modulated spectra of polydiacetylene films,Á. Horváth,https://openalex.org/A5016033896,Philipps University of Marburg,"['Physics Department and Center of Material Sciences, University of Marburg, D-35037 Marburg, Germany']"
https://openalex.org/W4388267303,https://openalex.org/W2035982983,"Synthesis, Crystal Structure, and Optical and Thermal Properties of (C<sub>4</sub>H<sub>9</sub>NH<sub>3</sub>)<sub>2</sub>MI<sub>4</sub> (M = Ge, Sn, Pb)",David B. Mitzi,https://openalex.org/A5024058183,error,"['IBM T. J. Watson Research Center, P.O. Box 218, Yorktown Heights, New York 10598']"
https://openalex.org/W4388267303,https://openalex.org/W2606949807,Many-Body Interactions in Semiconductors Probed by Optical Two-Dimensional Fourier Transform Spectroscopy,Xiaoqin Li,https://openalex.org/A5100707516,National Institute of Standards and Technology,"['JILA, University of Colorado and National Institute of Standards and Technology, Boulder, Colorado 80309-0440, USA']"
https://openalex.org/W4388267303,https://openalex.org/W2042468043,"Semiconducting Tin and Lead Iodide Perovskites with Organic Cations: Phase Transitions, High Mobilities, and Near-Infrared Photoluminescent Properties",Constantinos C. Stoumpos,https://openalex.org/A5057857858,Northwestern University,"['Department\rof Chemistry, Northwestern University,\rEvanston, Illinois 60208, United States']"
https://openalex.org/W4388267303,https://openalex.org/W2055420253,Time-resolved vibrational spectroscopy in the impulsive limit,Lisa Dhar,https://openalex.org/A5057986961,Massachusetts Institute of Technology,['Massachusetts Institute of Technology']
https://openalex.org/W4388267303,https://openalex.org/W2056047920,Huge exchange energy and fine structure of excitons in an organic-inorganic quantum well material,Kazuhiro Ema,https://openalex.org/A5073551029,Sophia University,"['Department of Physics, Sophia University, 7‐1 Kioi‐cho, Chiyoda‐ku, Tokyo 102‐8554, Japan']"
https://openalex.org/W4388267303,https://openalex.org/W2056349072,Collision broadening of two-dimensional excitons in a GaAs single quantum well,A. Honold,https://openalex.org/A5014438674,Max Planck Institute for Solid State Research,"['Max-Planck-Institut für Festkörper-p forschung, Heisenbergstrasse 1, D-7000 Stuttgart 80, Federal Republic of Germany']"
https://openalex.org/W4388267303,https://openalex.org/W2073918542,"Free-carrier effect on exciton dynamics in GaAs/<mml:math xmlns:mml=""http://www.w3.org/1998/Math/MathML"" display=""inline""><mml:mrow><mml:msub><mml:mrow><mml:mi mathvariant=""normal"">Al</mml:mi></mml:mrow><mml:mrow><mml:mi mathvariant=""italic"">x</mml:mi></mml:mrow></mml:msub></mml:mrow></mml:math><mml:math xmlns:mml=""http://www.w3.org/1998/Math/MathML"" display=""inline""><mml:mrow><mml:msub><mml:mrow><mml:mi mathvariant=""normal"">Ga</mml:mi></mml:mrow><mml:mrow><mml:mn>1</mml:mn><mml:mi mathvariant…",B. M. Ashkinadze,https://openalex.org/A5000701916,Technion – Israel Institute of Technology,"['Solid State Institute, Technion(enIsrael Institute of Technology, Haifa 32000, Israel']"
https://openalex.org/W4388267303,https://openalex.org/W2085416858,Resonance lineshapes in two-dimensional Fourier transform spectroscopy,Mark E. Siemens,https://openalex.org/A5067287328,National Institute of Standards and Technology,"['JILA, University of Colorado and National Institute of Standards and Technology, Boulder, Colorado\u200980309-0440 USA']"
https://openalex.org/W4388267303,https://openalex.org/W2093880971,Polarization dependence of semiconductor exciton and biexciton contributions to phase-resolved optical two-dimensional Fourier-transform spectra,Alan D. Bristow,https://openalex.org/A5065635673,National Institute of Standards and Technology,"['JILA, University of Colorado and National Institute of Standards and Technology, Boulder, Colorado\u200980309-0440 USA']"
https://openalex.org/W4388267303,https://openalex.org/W3098092921,All-optical retrieval of the global phase for two-dimensional Fourier-transform spectroscopy,Alan D. Bristow,https://openalex.org/A5065635673,National Institute of Standards and Technology,"['JILA, University of Colorado and National Institute of Standards and Technology, Boulder, Colorado 80309-0440 USA.']"
https://openalex.org/W4388267303,https://openalex.org/W2313640492,Separating Homogeneous and Inhomogeneous Line Widths of Heavy- and Light-Hole Excitons in Weakly Disordered Semiconductor Quantum Wells,Alan D. Bristow,https://openalex.org/A5065635673,National Institute of Standards and Technology,"['JILA, University of Colorado and National Institute of Standards and Technology, Boulder, Colorado 80309-0440, United States']"
https://openalex.org/W4388267303,https://openalex.org/W2323475445,Excitonic Many-Body Interactions in Two-Dimensional Lead Iodide Perovskite Quantum Wells,Xiaoxi Wu,https://openalex.org/A5009219356,Columbia University,"['Department of Chemistry, Columbia University, New York, New York 10027, United States']"
https://openalex.org/W4388267303,https://openalex.org/W2331819140,"Temperature dependence of coherent phonon dephasing in<mml:math xmlns:mml=""http://www.w3.org/1998/Math/MathML"" display=""inline""><mml:mrow><mml:mi mathvariant=""normal"">Cs</mml:mi><mml:mi mathvariant=""normal"">Pb</mml:mi><mml:msub><mml:mi mathvariant=""normal"">Cl</mml:mi><mml:mn>3</mml:mn></mml:msub></mml:mrow></mml:math>nanocrystals",Petr Němec,https://openalex.org/A5090681477,Charles University,"['Faculty of Mathematics and Physics, Charles University in Prague, Ke Karlovu 3, 121 16 Prague 2, Czech Republic']"
https://openalex.org/W4388267303,https://openalex.org/W2471922876,Quantifying spectral diffusion by the direct measurement of the correlation function for excitons in semiconductor quantum wells,Rohan Singh,https://openalex.org/A5010087197,National Institute of Standards and Technology,"['JILA, University of Colorado & National Institute of Standards and Technology, Boulder, Colorado 80309-0440, USA']"
https://openalex.org/W4388267303,https://openalex.org/W2529313738,Direct Observation of Electron–Phonon Coupling and Slow Vibrational Relaxation in Organic–Inorganic Hybrid Perovskites,Daniel B. Straus,https://openalex.org/A5023058395,University of Pennsylvania,"['Departments of †Chemistry, ‡Physics and Astronomy, §Materials Science and\rEngineering, and ∥Electrical and\rSystems Engineering, University of Pennsylvania, Philadelphia, Pennsylvania 19104, United States']"
https://openalex.org/W4388267303,https://openalex.org/W2739550862,Biexciton Resonances Reveal Exciton Localization in Stacked Perovskite Quantum Wells,Madeline H. Elkins,https://openalex.org/A5083138170,Princeton University,"['Department\rof Chemistry, Princeton University, Princeton, New Jersey 08544 United States']"
https://openalex.org/W4388267303,https://openalex.org/W2792882789,2D Ruddlesden–Popper Perovskites Microring Laser Array,Haihua Zhang,https://openalex.org/A5068671266,Beijing National Laboratory for Molecular Sciences,"['Beijing National Laboratory for Molecular Sciences (BNLMS); Institute of chemistry; Chinese Academy of Sciences; Beijing 100190 P. R. China', 'University of Chinese Academy of Sciences; Beijing 100049 P. R. China']"
https://openalex.org/W4388267303,https://openalex.org/W2806602851,Scaling law for excitons in 2D perovskite quantum wells,Jean-Christophe Blancon,https://openalex.org/A5051551195,Los Alamos National Laboratory,"['LANL - Los Alamos National Laboratory (P.O. Box 1663 Los Alamos, NM 87545 - United States)']"
https://openalex.org/W4388267303,https://openalex.org/W2883072253,Phonon coherences reveal the polaronic character of excitons in two-dimensional lead halide perovskites,Félix Thouin,https://openalex.org/A5008622332,Georgia Institute of Technology,"['School of Physics, Georgia Institute of Technology, Atlanta, GA, USA']"
https://openalex.org/W4388267303,https://openalex.org/W2886653189,Coherent Spin and Quasiparticle Dynamics in Solution‐Processed Layered 2D Lead Halide Perovskites,David Giovanni,https://openalex.org/A5008258395,Nanyang Technological University,"['Division of Physics and Applied Physics, School of Physical and Mathematical Sciences, Nanyang Technological University, 21 Nanyang Link, Singapore, 637371', 'Energy Research Institute @ NTU, ERI@N, Interdisciplinary Graduate School, Nanyang Technological University, 50 Nanyang Avenue, Block S2-B3a-01, Singapore, 639798 Singapore']"
https://openalex.org/W4388267303,https://openalex.org/W3105821053,Two-dimensional hybrid perovskites sustaining strong polariton interactions at room temperature,Antonio Fieramosca,https://openalex.org/A5018460172,Istituto di Nanotecnologia,"['CNR Nanotec, Institute of Nanotechnology, via Monteroni, 73100 Lecce, Italy.', 'Dipartimento di Matematica e Fisica, Università del Salento, via Arnesano, 73100 Lecce, Italy.']"
https://openalex.org/W4388267303,https://openalex.org/W2955189495,Perovskites for Laser and Detector Applications,Saunak Das,https://openalex.org/A5059470146,Helmholtz Institute Jena,"['Institute of Physical Chemistry (IPC) Friedrich Schiller University Jena Helmholtzweg 4 Jena 07743 Germany', 'Leibniz Institute of Photonic Technology (IPHT) Albert-Einstein-Str. 9 07745 Jena Germany']"
https://openalex.org/W4388267303,https://openalex.org/W2967069077,Lasing from Mechanically Exfoliated 2D Homologous Ruddlesden–Popper Perovskite Engineered by Inorganic Layer Thickness,Yin Liang,https://openalex.org/A5100672018,Peking University,"['Department of Materials Science and Engineering, College of Engineering, Peking University, Beijing, 100871 China']"
https://openalex.org/W4388267303,https://openalex.org/W2994412188,Band‐Edge Exciton Fine Structure and Exciton Recombination Dynamics in Single Crystals of Layered Hybrid Perovskites,Hong‐Hua Fang,https://openalex.org/A5004388310,error,['Zernike Institute for Advanced Materials']
https://openalex.org/W4388267303,https://openalex.org/W3007413009,Efficient Energy Funneling in Quasi‐2D Perovskites: From Light Emission to Lasing,Lei Lei,https://openalex.org/A5101754024,North Carolina State University,"['Department of Materials Science and Engineering, Organic and Carbon Electronics Lab (ORaCEL), North Carolina State University, Raleigh, NC, 27695 USA']"
https://openalex.org/W4388267303,https://openalex.org/W3011450051,Exciton Polarons in Two-Dimensional Hybrid Metal-Halide Perovskites,Ajay Ram Srimath Kandada,https://openalex.org/A5023786923,Center for Nano Science and Technology,"['Center for Nano Science and Technology@PoliMi, Istituto Italiano di Tecnologia, via Giovanni Pascoli 70/3, 20133 Milano, Italy', 'Department of Physics, Wake Forest University, P.O. Box 7507, Winston-Salem, North Carolina 27109, United States']"
https://openalex.org/W4388267303,https://openalex.org/W3014576654,Direct Observation of Bandgap Oscillations Induced by Optical Phonons in Hybrid Lead Iodide Perovskites,Peijun Guo,https://openalex.org/A5067623709,Argonne National Laboratory,"['Center for Nanoscale Materials, Argonne National Laboratory, 9700 South Cass Avenue, Lemont, IL, 60439 USA', 'Department of Chemical and Environmental Engineering, Yale University, 9 Hillhouse Avenue, New Haven, CT, 06520 USA']"
https://openalex.org/W4388267303,https://openalex.org/W3025704727,Observation of Two Thresholds Leading to Polariton Condensation in 2D Hybrid Perovskites,Laura Polimeno,https://openalex.org/A5086674052,University of Salento,"['CNR Nanotec Institute of Nanotechnology  Via Monteroni Lecce 73100 Italy', 'Dipartimento di Matematica e Fisica “E. de Giorgi” Università Del Salento Campus Ecotekne, via Monteroni Lecce 73100 Italy']"
https://openalex.org/W4388267303,https://openalex.org/W3033965335,The role of a dark exciton reservoir in the luminescence efficiency of two-dimensional tin iodide perovskites,Giulia Folpini,https://openalex.org/A5071209158,Mylan (South Africa),"['20133 Milano', 'Center for Nanoscience and Technology@PoliMi, Istituto Italiano di Tecnologia, via Giovanni Pascoli 70/3, 20133 Milano, Italy', 'Istituto Italiano di Tecnologia', 'Italy', 'via Giovanni Pascoli 70/3']"
https://openalex.org/W4388267303,https://openalex.org/W3037820246,Revealing Excitonic Phonon Coupling in (PEA)<sub>2</sub>(MA)<sub><i>n</i>−1</sub>Pb<sub><i>n</i></sub>I<sub>3<i>n</i>+1</sub> 2D Layered Perovskites,Joanna Urban,https://openalex.org/A5072862493,Laboratoire National des Champs Magnétiques Intenses,"['Laboratoire Lumière, Matière et Interfaces', 'Laboratoire national des champs magnétiques intenses - Toulouse', 'Nano Optique et Spectroscopy']"
https://openalex.org/W4388267303,https://openalex.org/W3082326637,Stable room-temperature continuous-wave lasing in quasi-2D perovskite films,Chuanjiang Qin,https://openalex.org/A5006573816,Changchun Institute of Applied Chemistry,"['State Key Laboratory of Polymer Physics and Chemistry, Changchun Institute of Applied Chemistry, Chinese Academy of Sciences, Changchun, China']"
https://openalex.org/W4388267303,https://openalex.org/W2941002141,Enhanced screening and spectral diversity in many-body elastic scattering of excitons in two-dimensional hybrid metal-halide perovskites,Félix Thouin,https://openalex.org/A5008622332,State Street (United States),"['School of Physics, Georgia Institute of Technology, 837 State Street NW, Atlanta, Georgia 30332, USA']"
https://openalex.org/W4388267303,https://openalex.org/W3099554465,Stochastic scattering theory for excitation-induced dephasing: Comparison to the Anderson–Kubo lineshape,Hao Li,https://openalex.org/A5100348592,University of Houston,"['Department of Chemistry, University of Houston 1 , Houston, Texas 77204, USA']"
https://openalex.org/W4388267303,https://openalex.org/W2772587104,Stable biexcitons in two-dimensional metal-halide perovskites with strong dynamic lattice disorder,Félix Thouin,https://openalex.org/A5008622332,Georgia Institute of Technology,"['School of Physics, Georgia Institute of Technology, 837 State Street NW, Atlanta, Georgia 30332, USA']"
https://openalex.org/W4388267303,https://openalex.org/W3079678319,Stochastic scattering theory for excitation-induced dephasing: Time-dependent nonlinear coherent exciton lineshapes,Ajay Ram Srimath Kandada,https://openalex.org/A5023786923,Wake Forest University,"['Department of Physics and Center for Functional Materials, Wake Forest University 1 , 1834 Wake Forest Road, Winston-Salem, North Carolina 27109, USA']"
https://openalex.org/W4388267303,https://openalex.org/W2792120617,Exciton-polaron spectral structures in two-dimensional hybrid lead-halide perovskites,Stefanie Neutzner,https://openalex.org/A5090278446,Center for Nano Science and Technology,"['Center for Nano Science and Technology at PoliMi, Istituto Italiano di Tecnologia, via Giovanni Pascoli 70/3, 20133 Milano, Italy']"
https://openalex.org/W4388267303,https://openalex.org/W2792120617,Exciton-polaron spectral structures in two-dimensional hybrid lead-halide perovskites,Stefanie Neutzner,https://openalex.org/A5090278446,Center for Nano Science and Technology,"['Center for Nano Science and Technology at PoliMi, Istituto Italiano di Tecnologia, via Giovanni Pascoli 70/3, 20133 Milano, Italy']"
https://openalex.org/W4388267303,https://openalex.org/W2792120617,Exciton-polaron spectral structures in two-dimensional hybrid lead-halide perovskites,Stefanie Neutzner,https://openalex.org/A5090278446,Center for Nano Science and Technology,"['Center for Nano Science and Technology at PoliMi, Istituto Italiano di Tecnologia, via Giovanni Pascoli 70/3, 20133 Milano, Italy']"
https://openalex.org/W4388267303,https://openalex.org/W2792120617,Exciton-polaron spectral structures in two-dimensional hybrid lead-halide perovskites,Stefanie Neutzner,https://openalex.org/A5090278446,Center for Nano Science and Technology,"['Center for Nano Science and Technology at PoliMi, Istituto Italiano di Tecnologia, via Giovanni Pascoli 70/3, 20133 Milano, Italy']"
https://openalex.org/W4388267303,https://openalex.org/W2792120617,Exciton-polaron spectral structures in two-dimensional hybrid lead-halide perovskites,Stefanie Neutzner,https://openalex.org/A5090278446,Center for Nano Science and Technology,"['Center for Nano Science and Technology at PoliMi, Istituto Italiano di Tecnologia, via Giovanni Pascoli 70/3, 20133 Milano, Italy']"
https://openalex.org/W4388267303,https://openalex.org/W3168083233,Solution‐Processed Large‐Scale Concentric‐Ring Laser on Two‐Dimensional Ruddlesden–Popper Perovskites Thin Films,Peng Liu,https://openalex.org/A5043037637,Capital Normal University,"['Beijing Key Laboratory for Optical Materials and Photonic Devices, Department of Chemistry, Capital Normal University, Beijing, 100048 P. R. China', 'School of Materials Science and Engineering &amp; Guangxi Key Laboratory of Information Materials Guilin University of Electronic Technology Guilin 541004 China']"
https://openalex.org/W4388267303,https://openalex.org/W3188410177,Photophysics of Two‐Dimensional Perovskites—Learning from Metal Halide Substitution,Simon Kahmann,https://openalex.org/A5020157963,University of Groningen,"['Cavendish Laboratory, University of Cambridge, JJ Thomson Avenue, CB30HE Cambridge, UK', 'Photophysics and OptoElectronics, Zernike Institute for Advanced Materials, University of Groningen, Nijenborgh 4, Groningen, AG, 9747 The Netherlands']"
https://openalex.org/W4388267303,https://openalex.org/W3196631347,Photophysics of Two-Dimensional Semiconducting Organic–Inorganic Metal-Halide Perovskites,Daniel B. Straus,https://openalex.org/A5023058395,Princeton University,"['Department of Chemistry, Princeton University, Princeton, New Jersey, USA']"
https://openalex.org/W4388267303,https://openalex.org/W3214685981,Brightening of dark excitons in 2D perovskites,Mateusz Dyksik,https://openalex.org/A5088720107,Laboratoire National des Champs Magnétiques Intenses,"['Department of Experimental Physics, Faculty of Fundamental Problems of Technology, Wroclaw University of Science and Technology, Wroclaw, Poland.', 'Laboratoire National des Champs Magnétiques Intenses, EMFL, CNRS UPR 3228, University Grenoble Alpes, University Toulouse, University Toulouse 3, INSA-T, Grenoble and Toulouse, France.']"
https://openalex.org/W4388267303,https://openalex.org/W3215317274,Stereochemical expression of ns2 electron pairs in metal halide perovskites,Yongping Fu,https://openalex.org/A5039783535,Columbia University,"['Department of Chemistry, Columbia University, New York, NY, USA']"
https://openalex.org/W4388267303,https://openalex.org/W3215676926,Coherent contributions to population dynamics in a semiconductor microcavity,Jeffrey Paul,https://openalex.org/A5071228504,National Institute of Standards and Technology,"['Associate, Nanoscale Device Characterization Division, National Institute of Standards and Technology, Gaithersburg, Maryland 20899, USA', 'Department of Physics and Astronomy, West Virginia University, Morgantown, West Virginia 26506-6315, USA']"
https://openalex.org/W4388267303,https://openalex.org/W4205889880,Regulation of the luminescence mechanism of two-dimensional tin halide perovskites,Tianju Zhang,https://openalex.org/A5032537633,Shanghai Institute of Optics and Fine Mechanics,"['Laboratory of Micro-Nano Optoelectronic Materials and Devices, Shanghai Institute of Optics and Fine Mechanics, Chinese Academy of Sciences, Shanghai, 201800, China']"
https://openalex.org/W4388267303,https://openalex.org/W4207038500,Low-Threshold Blue Quasi-2D Perovskite Laser through Domain Distribution Control,Chenhui Wang,https://openalex.org/A5100369510,Beijing Institute of Technology,"[""MIIT Key Laboratory for Low-Dimensional Quantum Structure and Devices, School of Materials Science & Engineering, Beijing Institute of Technology, Beijing 100081, People's Republic of China""]"
https://openalex.org/W4388267303,https://openalex.org/W4214709198,Low Exciton Binding Energies and Localized Exciton–Polaron States in 2D Tin Halide Perovskites,Kameron R. Hansen,https://openalex.org/A5053430352,University of Utah,['Department of Chemistry University of Utah  Salt Lake City UT 84112 USA']
https://openalex.org/W4388267303,https://openalex.org/W4220977925,Doping of Sn-based two-dimensional perovskite semiconductor for high-performance field-effect transistors and thermoelectric devices,Yu Liu,https://openalex.org/A5100345602,Hunan University,"['Key Laboratory for Micro/Nano Optoelectronic Devices of Ministry of Education & International Science and Technology Innovation Cooperation Base for Advanced Display Technologies of Hunan Province, School of Physics and Electronics, Hunan University, Changsha 410082, China', 'Shenzhen Research Institute of Hunan University, Shenzhen 518063, China']"
https://openalex.org/W4388267303,https://openalex.org/W4221051594,Homogeneous Optical Line Widths in Hybrid Ruddlesden–Popper Metal Halides Can <i>Only</i> Be Measured Using Nonlinear Spectroscopy,Ajay Ram Srimath Kandada,https://openalex.org/A5023786923,Wake Forest University,"['Department of Physics and Center for Functional Materials, Wake Forest University, 1834 Wake Forest Road, Winston-Salem, North Carolina 27109, United States']"
https://openalex.org/W4388267303,https://openalex.org/W4226258355,Peculiar anharmonicity of Ruddlesden Popper metalhalides: Temperature-dependent phonon dephasing,Esteban Rojas‐Gatjens,https://openalex.org/A5031695548,Georgia Institute of Technology,"['School of Chemistry and Biochemistry, Georgia Institute of Technology, 901 Atlantic Drive, Atlanta, Georgia 30332, USA']"
https://openalex.org/W4388267303,https://openalex.org/W4226340430,Effect of electronic doping and traps on carrier dynamics in tin halide perovskites,Antonella Treglia,https://openalex.org/A5017060640,Center for Nano Science and Technology,"['Center for Nano Science and Technology @PoliMi, Istituto Italiano di Tecnologia, via G. Pascoli 70/3, 20133, Milano, Italy', 'Physics Department, Politecnico di Milano, Piazza L. da Vinci, 32, 20133 Milano, Italy']"
https://openalex.org/W4388267303,https://openalex.org/W4243962184,Studies of exciton localization in quantum-well structures by nonlinear-optical techniques,J. Hegarty,https://openalex.org/A5085193860,AT&T (United States),"['AT&T Bell Laboratories, Murray Hill, New Jersey 07974 USA']"
https://openalex.org/W4388267303,https://openalex.org/W4252390746,A Two‐Dimensional Ruddlesden–Popper Perovskite Nanowire Laser Array based on Ultrafast Light‐Harvesting Quantum Wells,Haihua Zhang,https://openalex.org/A5068671266,Tianjin University,"['Beijing National Laboratory for Molecular Sciences (BNLMS), Institute of chemistry, Chinese Academy of Sciences, Beijing, 100190 P. R. China', 'Tianjin Key Laboratory of Molecular Optoelectronic Sciences, Department of Chemistry, Tianjin University, and Collaborative Innovation Center of Chemical Science and Engineering (Tianjin), Tianjin, 300072 P. R. China', 'University of Chinese Academy of Sciences, Beijing, 100049 P. R. China']"
https://openalex.org/W4388267303,https://openalex.org/W4285392193,Stochastic exciton-scattering theory of optical line shapes: Renormalized many-body contributions,Hao Li,https://openalex.org/A5100348592,University of Houston,"['2Theoretical Division, Los Alamos National Laboratory, Los Alamos, New Mexico 87545, USA', '3School of Chemistry and Biochemistry, Georgia Institute of Technology, 901 Atlantic Drive, Atlanta, Georgia 30332, USA', '4School of Physics, Georgia Institute of Technology, 837 State Street, Atlanta, Georgia 30332, USA', '5School of Materials Science and Engineering, Georgia Institute of Technology, North Avenue, Atlanta, Georgia 30332, USA', 'Department of Chemistry, University of Houston 1 , Houston, Texas 77204, USA']"
https://openalex.org/W4388267303,https://openalex.org/W4309857342,Lasing in Two-Dimensional Tin Perovskites,Ada Lilí Alvarado‐Leaños,https://openalex.org/A5062508041,Center for Nano Science and Technology,"['Istituto Italiano de Tecnologia, Centre for Nano Science and Technology (CNST@PoliMi), Milan20133, Italy', 'Physics Department, Politecnico di Milano, Piazza Leonardo da Vinci 32, Milan20133, Italy']"
https://openalex.org/W4388267303,https://openalex.org/W4321187026,Emergence of Rashba-/Dresselhaus effects in Ruddlesden–Popper halide perovskites with octahedral rotations,Sonja Krach,https://openalex.org/A5017987921,University of Bayreuth,"['Institute of Physics, University of Bayreuth, 95440 Bayreuth, Germany']"
https://openalex.org/W4388267303,https://openalex.org/W4323528222,Plurality of excitons in Ruddlesden–Popper metal halides and the role of the B-site metal cation,Giulia Folpini,https://openalex.org/A5071209158,Center for Nano Science and Technology,"['CNST@Polimi, Istituto Italiano di Tecnologia, Via Pascoli 70/3, Milano, Italy']"
https://openalex.org/W4388267303,https://openalex.org/W4380871496,Exciton Dephasing by Phonon-Induced Scattering between Bright Exciton States in InP/ZnSe Colloidal Quantum Dots,Vigneshwaran Chandrasekaran,https://openalex.org/A5053241291,Ghent University,"['Center for Nano and Biophotonics, Ghent University, 9000 Gent, Belgium', 'Physics and Chemistry of Nanostructures, Ghent University, 9000 Gent, Belgium']"
https://openalex.org/W4388267303,https://openalex.org/W565140325,Coherent Vibrational Dynamics,Guglielmo Lanzani,https://openalex.org/A5054765855,error,[]
https://openalex.org/W4389090837,https://openalex.org/W1858465226,Natures of optical absorption transitions and excitation energy dependent photostability of diketopyrrolopyrrole (DPP)-based photovoltaic copolymers,Sebastian Wood,https://openalex.org/A5058492424,Imperial College London,"['Department of Physics and Centre for Plastic Electronics', 'Imperial College London', 'UK']"
https://openalex.org/W4389090837,https://openalex.org/W1893773386,Charge Separation in Semicrystalline Polymeric Semiconductors by Photoexcitation: Is the Mechanism Intrinsic or Extrinsic?,Francis Paquin,https://openalex.org/A5018079250,Regroupement Québécois sur les Matériaux de Pointe,"['Département de physique and Regroupement québécois sur les matériaux de pointe, Université de Montréal, C.P. 6128, Succursale centre-ville, Montréal (Québec), H3C 3J7, Canada']"
https://openalex.org/W4389090837,https://openalex.org/W1968008359,"Breaking Down the Problem: Optical Transitions, Electronic Structure, and Photoconductivity in Conjugated Polymer PCDTBT and in Its Separate Building Blocks",Natalie Banerji,https://openalex.org/A5062177440,"University of California, Santa Barbara","['Center for Polymers and Organic Solids, University of California at Santa Barbara, California 93106-5090, United States']"
https://openalex.org/W4389090837,https://openalex.org/W1968241508,Assessment of a long-range corrected hybrid functional,Oleg A. Vydrov,https://openalex.org/A5068461941,Rice University,"['Rice University Department of Chemistry, , Houston, Texas 77005']"
https://openalex.org/W4389090837,https://openalex.org/W1972333973,Role of Intermolecular Coupling in the Photophysics of Disordered Organic Semiconductors: Aggregate Emission in Regioregular Polythiophene,Jenny Clark,https://openalex.org/A5070060370,University of Cambridge,"['Cavendish Laboratory, University of Cambridge J. J. Thomson Avenue, Cambridge CB3 0HE, United Kingdom']"
https://openalex.org/W4389090837,https://openalex.org/W1975741211,"Vibrational spectra of monothiocarbamates-II. IR and Raman spectra, vibrational assignment, conformational analysis and ab initio calculations of S-methyl-N,N-dimethylthiocarbamate",G. Keresztury,https://openalex.org/A5011279387,Hungarian Academy of Sciences,"['Central Research Institute for Chemistry, Hungarian Academy of Sciences, P.O.Box 17, H-1525 Budapest, Hungary']"
https://openalex.org/W4389090837,https://openalex.org/W1978694446,Ab initio vibrational Raman and Raman optical activity spectra,Prasad L. Polavarapu,https://openalex.org/A5023863250,error,[]
https://openalex.org/W4389090837,https://openalex.org/W1981518063,Two-dimensional spatial coherence of excitons in semicrystalline polymeric semiconductors: Effect of molecular weight,Francis Paquin,https://openalex.org/A5018079250,Regroupement Québécois sur les Matériaux de Pointe,"['Département de physique & Regroupement québécois sur les matériaux de pointe, Université de Montréal, C. P. 6128, Succursale centre-ville, Montréal (Québec) H3C 3J7, Canada']"
https://openalex.org/W4389090837,https://openalex.org/W1985119501,Aggregation in a High-Mobility n-Type Low-Bandgap Copolymer with Implications on Semicrystalline Morphology,Robert Steyrleuthner,https://openalex.org/A5073299286,error,[]
https://openalex.org/W4389090837,https://openalex.org/W1989355537,Liquid-crystalline semiconducting polymers with high charge-carrier mobility,Iain McCulloch,https://openalex.org/A5034296749,Merck (United Kingdom),"['Merck Chemicals, Chilworth Science Park, Southampton, S016 7QD, UK']"
https://openalex.org/W4389090837,https://openalex.org/W1990270507,Can short-range hybrids describe long-range-dependent properties?,Thomas M. Henderson,https://openalex.org/A5040003117,Rice University,"['Rice University 1 Department of Chemistry, , 6100 Main Street, Houston, Texas 77005-1892, USA']"
https://openalex.org/W4389090837,https://openalex.org/W1996264548,Molecular Weight Dependence of Chain Packing and Semicrystalline Structure in Oriented Films of Regioregular Poly(3-hexylthiophene) Revealed by High-Resolution Transmission Electron Microscopy,Martin Brinkmann,https://openalex.org/A5103257086,Institut Charles Sadron,"['Institut Charles Sadron, 23 Rue du Loess, 67083 Strasbourg, France, and Laboratoire d’Electronique Moléculaire, Organique et Hybride, UMR5819-SPrAM (CEA/CNRS/Univ. J. FOURIER-Grenoble I), INAC, CEA-Grenoble, 17 Rue des Martyrs, F-38054 Grenoble Cedex 9, France']"
https://openalex.org/W4389090837,https://openalex.org/W1997012750,Tests of functionals for systems with fractional electron number,Oleg A. Vydrov,https://openalex.org/A5068461941,Rice University,"['Rice University Department of Chemistry, , Houston, Texas 77005']"
https://openalex.org/W4389090837,https://openalex.org/W1997947072,"The impact of molecular weight on microstructure and charge transport in semicrystalline polymer semiconductors–poly(3-hexylthiophene), a model study",Felix P. Koch,https://openalex.org/A5104192367,Board of the Swiss Federal Institutes of Technology,"['Department of Materials, Eidgenössische Technische Hochssuchule (ETH), Zürich, Switzerland']"
https://openalex.org/W4389090837,https://openalex.org/W1997996493,Cyclodextrin-threaded conjugated polyrotaxanes as insulated molecular wires with reduced interstrand interactions,Franco Cacialli,https://openalex.org/A5084258709,University College London,"['Department of Physics and Astronomy, University College London, Gower Street, London WC1E 6BT, UK. f.cacialli@ucl.ac.uk']"
https://openalex.org/W4389090837,https://openalex.org/W2008025023,Ultrafast Intramolecular Exciton Splitting Dynamics in Isolated Low-Band-Gap Polymers and Their Implications in Photovoltaic Materials Design,Brian S. Rolczynski,https://openalex.org/A5044069058,Argonne National Laboratory,"['Chemical Sciences and Engineering\rDivision, Argonne National Laboratory,\r9700 South Cass Avenue, Argonne, Illinois, 60439, United States']"
https://openalex.org/W4389090837,https://openalex.org/W2015177368,"Lineshapes of molecular aggregates, exchange narrowing and intersite correlation",Ernst‐Walter Knapp,https://openalex.org/A5024132636,Technical University of Munich,"['Physik-Department, Technische Universität München, D-8046 Garching, West Germany']"
https://openalex.org/W4389090837,https://openalex.org/W2018344777,Recombination Dynamics of Charge Pairs in a Push–Pull Polyfluorene-Derivative,Simon Gélinas,https://openalex.org/A5037462405,Regroupement Québécois sur les Matériaux de Pointe,"['Cavendish#R#Laboratory, University of Cambridge, J.J.#R#Thompson Avenue, Cambridge#R#CB3 0HE, United Kingdom', 'Département de Physique & Regroupement Québécois sur les Matériaux de Pointe, Université de Montréal, C.P. 6128, Succursale Centre-Ville, Montréal, Québec H3C 3J7, Canada']"
https://openalex.org/W4389090837,https://openalex.org/W2020051588,25th Anniversary Article: Organic Field‐Effect Transistors: The Path Beyond Amorphous Silicon,Henning Sirringhaus,https://openalex.org/A5011763288,University of Cambridge,['Cavendish Laboratory University of Cambridge  Cambridge CB3 OHE UK']
https://openalex.org/W4389090837,https://openalex.org/W2020378474,An Order–Disorder Transition in the Conjugated Polymer MEH-PPV,Anna Köhler,https://openalex.org/A5035558194,University of Bayreuth,"['Organic Semiconductors, Experimental Physics II, Department\rof Physics and Bayreuth Institute of Macromolecular Science(BIMF), University of Bayreuth, Bayreuth 95440, Germany']"
https://openalex.org/W4389090837,https://openalex.org/W2023957325,On the Transformation of light into Heat in Solids. I,J. Frenkel,https://openalex.org/A5018844921,University of Minnesota,"['Department of Physics, University of Minnesota']"
https://openalex.org/W4389090837,https://openalex.org/W2024308440,Spatially indirect excitons as primary photoexcitations in conjugated polymers,Ming Yan,https://openalex.org/A5005205839,AT&T (United States),"['AT&T Bell Laboratories, Murray Hill, New Jersey 07974']"
https://openalex.org/W4389090837,https://openalex.org/W2035649072,Determining exciton coherence from the photoluminescence spectral line shape in poly(3-hexylthiophene) thin films,Frank C. Spano,https://openalex.org/A5061558119,Temple University,"['Temple University 1 Department of Chemistry, , Philadelphia, Pennsylvania 19122, USA']"
https://openalex.org/W4389090837,https://openalex.org/W2046483131,Interplay between intrachain and interchain interactions in semiconducting polymer assemblies: The HJ-aggregate model,H. Yamagata,https://openalex.org/A5045137349,Temple University,"['Temple University Department of Chemistry, , Philadelphia, Pennsylvania 19122, USA']"
https://openalex.org/W4389090837,https://openalex.org/W2048921321,A stable solution-processed polymer semiconductor with record high-mobility for printed transistors,Jun Li,https://openalex.org/A5100361681,"Agency for Science, Technology and Research","['Institute of Materials Research and Engineering, Agency for Science, Technology and Research, Singapore, 117602']"
https://openalex.org/W4389090837,https://openalex.org/W2049159857,Effect of Molecular Weight on the Structure and Morphology of Oriented Thin Films of Regioregular Poly(3‐hexylthiophene) Grown by Directional Epitaxial Solidification,Martin Brinkmann,https://openalex.org/A5103257086,Institut Charles Sadron,"['Institut Charles Sadron, 6 Rue Boussingault, 67083 Strasbourg, France']"
https://openalex.org/W4389090837,https://openalex.org/W2051206787,Enhancement of Phosphorescence Ability upon Aggregation of Dye Molecules,Eion G. McRae,https://openalex.org/A5062017062,Florida State University,"['Department of Chemistry, Florida State University, Tallahassee, Florida']"
https://openalex.org/W4389090837,https://openalex.org/W2053817846,Amplified Spontaneous Emission in Conjugated Polyrotaxanes Under Quasi‐cw Pumping,Marta M. Mróz,https://openalex.org/A5014486264,Madrid Institute for Advanced Studies,"['Instituto Madrileño de Estudios Avanzados, (IMDEA-Nanociencia), Cantoblanco, Madrid 28049, Spain. marta.mroz@imdea.org']"
https://openalex.org/W4389090837,https://openalex.org/W2054810869,"A general relationship between disorder, aggregation and charge transport in conjugated polymers",Rodrigo Noriega,https://openalex.org/A5002553841,"University of California, Berkeley","['Department of Applied Physics, Stanford University, Stanford, California 94305, USA', 'Present addresses: Department of Chemistry, University of California Berkeley, 94720, USA (R.N.); Department of Bioelectronics, Ecole Nationale Supérieure des Mines, CMP-EMSE, MOC, 13541 Gardanne, France (J.R.),']"
https://openalex.org/W4389090837,https://openalex.org/W2062982910,Stark effect of one-dimensional Wannier excitons in polydiacetylene single crystals,G. Weiser,https://openalex.org/A5014725224,Philipps University of Marburg,"['Fachbereich Physik und Zentrum für Materialwissenschaften der Philipps-Universität Marburg, D-3550 Marburg, Federal Republic of Germany']"
https://openalex.org/W4389090837,https://openalex.org/W2064492025,"Absorption in regio-regular poly(3-hexyl)thiophene thin films: Fermi resonances, interband coupling and disorder",Frank C. Spano,https://openalex.org/A5061558119,Temple University,"['Department of Chemistry, Temple University, Philadelphia, PA 19122, United States']"
https://openalex.org/W4389090837,https://openalex.org/W2072042951,Electroabsorption spectroscopy of luminescent and nonluminescent π-conjugated polymers,Martin Liess,https://openalex.org/A5014569718,University of Utah,"['Department of Physics, University of Utah, Salt Lake City, Utah, 84112']"
https://openalex.org/W4389090837,https://openalex.org/W2084286477,Laser action from a sugar-threaded polyrotaxane,Marta M. Mróz,https://openalex.org/A5014486264,Politecnico di Milano,"['IFN-CNR 1 Dipartimento di Fisica, Politecnico di Milano, , Piazza Leonardo Da Vinci 32, 20133 Milan, Italy']"
https://openalex.org/W4389090837,https://openalex.org/W2087761498,Modeling disorder in polymer aggregates: The optical spectroscopy of regioregular poly(3-hexylthiophene) thin films,Frank C. Spano,https://openalex.org/A5061558119,Temple University,"['Department of Chemistry, Temple University, Philadelphia, Pennsylvania 19122, USA. spano@temple.edu']"
https://openalex.org/W4389090837,https://openalex.org/W2107350618,The influence of solid‐state microstructure on the origin and yield of long‐lived photogenerated charge in neat semiconducting polymers,Ruipeng Li,https://openalex.org/A5101509234,National Renewable Energy Laboratory,"['Chemical and Materials Science Center, National Renewable Energy Laboratory, 1617 Cole Boulevard, Golden, Colorado 80401']"
https://openalex.org/W4389090837,https://openalex.org/W2126797367,Nonlinear optical line shapes of disordered molecular aggregates: Motional narrowing and the effect of intersite correlations,Jasper Knoester,https://openalex.org/A5009630669,University of Groningen,"['Chemical Physics, Materials Science Center, University of Groningen, Nijenborgh 4, 9747 AG Groningen, The Netherlands']"
https://openalex.org/W4389090837,https://openalex.org/W2127615426,Structural correlations in the generation of polaron pairs in low-bandgap polymers for photovoltaics,Raphael Tautz,https://openalex.org/A5020851406,Ludwig-Maximilians-Universität München,"['Department of Physics and CeNS Ludwig-Maximilians-Universität München,, Photonics and Optoelectronics Group, Munich, Germany']"
https://openalex.org/W4389090837,https://openalex.org/W2132826051,H- and J-Aggregate Behavior in Polymeric Semiconductors,Frank C. Spano,https://openalex.org/A5061558119,Temple University,"['Department of Chemistry, Temple University, Philadelphia, Pennsylvania 19122;']"
https://openalex.org/W4389090837,https://openalex.org/W2140962873,"EXCITONS IN CONJUGATED OLIGOMER AGGREGATES, FILMS, AND CRYSTALS",Frank C. Spano,https://openalex.org/A5061558119,Temple University,"['Department of Chemistry, Temple University, Philadelphia, Pennsylvania 19122;']"
https://openalex.org/W4389090837,https://openalex.org/W2142951412,Geometry optimization with QM/MM methods II: Explicit quadratic coupling,Thom Vreven,https://openalex.org/A5065844672,error,"['Gaussian, Inc. , USA']"
https://openalex.org/W4389090837,https://openalex.org/W2157059098,Pump-Probe Spectroscopy in Organic Semiconductors: Monitoring Fundamental Processes of Relevance in Optoelectronics,Juan Cabanillas‐González,https://openalex.org/A5011067692,Madrid Institute for Advanced Studies,"['Instituto Madrileño de Estudios Avanzados en Nanociencia, (IMDEA-Nanociencia), Cantoblanco, 28049–Madrid, Spain']"
https://openalex.org/W4389090837,https://openalex.org/W2169220803,Control of Rapid Formation of Interchain Excited States in Sugar‐Threaded Supramolecular Wires,Annamaria Petrozza,https://openalex.org/A5040606158,University College London,"['Department of Physics and Astronomy, University College London Gower Street, London, WC1E 6BT (UK)', 'Department of Physics, Cavendish Laboratory, University of Cambridge, Madingley Road, Cambridge, CB3 0HE (UK)', 'London Centre for Nanotechnology, Gower Street, London, WC1E 6BT (UK)']"
https://openalex.org/W4389090837,https://openalex.org/W2204638111,Interference between Coulombic and CT-mediated couplings in molecular aggregates: H- to J-aggregate transformation in perylene-based π-stacks,Nicholas J. Hestand,https://openalex.org/A5061801939,Temple University,"['Temple University Department of Chemistry, , Philadelphia, Pennsylvania 19122, USA']"
https://openalex.org/W4389090837,https://openalex.org/W2317163446,"Relationship between Interchain Interaction, Exciton Delocalization, and Charge Separation in Low-Bandgap Copolymer Blends",Zhi Guo,https://openalex.org/A5101865380,error,[]
https://openalex.org/W4389090837,https://openalex.org/W2321315084,Record High Hole Mobility in Polymer Semiconductors via Side-Chain Engineering,Il‐Suk Kang,https://openalex.org/A5055968314,Gyeongsang National University,"['School of Materials Science and Engineering & REGET, Gyeongsang National University,Jinju 660-701,South Korea']"
https://openalex.org/W4389090837,https://openalex.org/W2324806557,Designing J- and H-Aggregates through Wave Function Overlap Engineering: Applications to Poly(3-hexylthiophene),H. Yamagata,https://openalex.org/A5045137349,Temple University,"['Department of Chemistry, Temple University, Philadelphia, Pennsylvania 19122, United States']"
https://openalex.org/W4389090837,https://openalex.org/W2347884365,Exploring the origin of high optical absorption in conjugated polymers,Michelle S. Vezie,https://openalex.org/A5008368914,Imperial College London,"['Centre for Plastic Electronics and Department of Physics, Imperial College London, Prince Consort Road, London SW7 2AZ, UK']"
https://openalex.org/W4389090837,https://openalex.org/W2396117938,"Ionization Energies, Electron Affinities, and Polarization Energies of Organic Molecular Crystals: Quantitative Estimations from a Polarizable Continuum Model (PCM)-Tuned Range-Separated Density Functional Approach",Haitao Sun,https://openalex.org/A5101470697,King Abdullah University of Science and Technology,"['Solar & Photovoltaics Engineering Research Center, Physical Science and Engineering Division, King Abdullah University of Science and Technology (KAUST), Thuwal 23955-6900, Kingdom of Saudi Arabia', 'State\rKey Laboratory of Precision Spectroscopy, School of Physics and Materials\rScience, East China Normal University (ECNU), Shanghai 200062, People’s Republic of China']"
https://openalex.org/W4389090837,https://openalex.org/W2549004405,Solid state supramolecular structure of diketopyrrolopyrrole chromophores: correlating stacking geometry with visible light absorption,Flavia Pop,https://openalex.org/A5087728368,University of Nottingham,"['The GSK Carbon Neutral Laboratories for Sustainable Chemistry, The University of Nottingham Jubilee Campus, Triumph Road, Nottingham NG7 2TU, UK']"
https://openalex.org/W4389090837,https://openalex.org/W2584403299,Molecular Aggregate Photophysics beyond the Kasha Model: Novel Design Principles for Organic Materials,Nicholas J. Hestand,https://openalex.org/A5061801939,Temple University,"['Department of Chemistry Temple University Philadelphia, Pennsylvania 19122, United States']"
https://openalex.org/W4389090837,https://openalex.org/W2589109615,Donor–acceptor stacking arrangements in bulk and thin-film high-mobility conjugated polymers characterized using molecular modelling and MAS and surface-enhanced solid-state NMR spectroscopy,Sachin R. Chaudhari,https://openalex.org/A5083427098,error,"[""Solid-State NMR Methods for Materials - Méthodes de RMN à l'état solide pour les matériaux""]"
https://openalex.org/W4389090837,https://openalex.org/W2747123990,Macroscopic Structural Compositions of π-Conjugated Polymers: Combined Insights from Solid-State NMR and Molecular Dynamics Simulations,Anton Melnyk,https://openalex.org/A5008198564,Max Planck Institute for Polymer Research,"['Graduate School Materials Science in Mainz, Staudingerweg 9, D-55128 Mainz, Germany', 'Max Planck Institute for Polymer Research, Ackermannweg 10, D-55128 Mainz, Germany']"
https://openalex.org/W4389090837,https://openalex.org/W2799566423,Expanded Theory of H- and J-Molecular Aggregates: The Effects of Vibronic Coupling and Intermolecular Charge Transfer,Nicholas J. Hestand,https://openalex.org/A5061801939,Temple University,"['Department of Chemistry, Temple University, Philadelphia, Pennsylvania 19122, United States']"
https://openalex.org/W4389090837,https://openalex.org/W2799913433,Every Atom Counts: Elucidating the Fundamental Impact of Structural Change in Conjugated Polymers for Organic Photovoltaics,Chi Kin Lo,https://openalex.org/A5091832698,Georgia Institute of Technology,"['School of Chemistry and Biochemistry, Center for Organic Photonics and Electronics, Georgia Tech Polymer Network, Georgia Institute of Technology, Atlanta, Georgia 30332, United States']"
https://openalex.org/W4389090837,https://openalex.org/W2886405140,Low Elastic Modulus and High Charge Mobility of Low-Crystallinity Indacenodithiophene-Based Semiconducting Polymers for Potential Applications in Stretchable Electronics,Yilin Li,https://openalex.org/A5100438813,University of Washington,"['Department of Materials Science & Engineering, University of Washington, Seattle, Washington 98195, United States']"
https://openalex.org/W4389090837,https://openalex.org/W2955901599,Impact of polymorphism on the optoelectronic properties of a low-bandgap semiconducting polymer,Mengmeng Li,https://openalex.org/A5100348215,Eindhoven University of Technology,"['Molecular Materials and Nanosystems, Institute for Complex Molecular Systems, Eindhoven University of Technology, P.O. Box 513, 5600 MB, Eindhoven, The Netherlands']"
https://openalex.org/W4389090837,https://openalex.org/W3000464232,Unusual Non-Kasha Photophysical Behavior of Aggregates of Push–Pull Donor–Acceptor Chromophores,Chuwei Zhong,https://openalex.org/A5086530217,Temple University,"['Department of Chemistry, Temple University, 130 Beury Hall, 1901 N. 13th Street, Philadelphia, Pennsylvania 19122, United States']"
https://openalex.org/W4389090837,https://openalex.org/W3098934825,Multi-phase microstructures drive exciton dissociation in neat semicrystalline polymeric semiconductors,Francis Paquin,https://openalex.org/A5018079250,Regroupement Québécois sur les Matériaux de Pointe,"['Canada', 'Département de Physique & Regroupement québécois sur les matériaux de pointe', 'Montréal', 'Université de Montréal']"
https://openalex.org/W4389090837,https://openalex.org/W3103514251,Determining exciton bandwidth and film microstructure in polythiophene films using linear absorption spectroscopy,Jenny Clark,https://openalex.org/A5070060370,Politecnico di Milano,"['Politecnico di Milano 1 Dipartimento di Fisica, , Piazza Leonardo da Vinci, 32, Milano 20133, Italy']"
https://openalex.org/W4389090837,https://openalex.org/W3106599164,Insight into the structures and dynamics of organic semiconductors through solid-state NMR spectroscopy,Martin Seifrid,https://openalex.org/A5031911852,"University of California, Santa Barbara","['CCS-UCSB - Chemistry and Biochemistry [Santa Barbara] (College of Creative Studies, University of California, Santa Barbara, CA 93106 - United States)']"
https://openalex.org/W4389090837,https://openalex.org/W3117779698,Vibronic exciton model for low bandgap donor–acceptor polymers,Mohammad Balooch Qarai,https://openalex.org/A5103017260,Temple University,"['Department of Chemistry, Temple University , Philadelphia, Pennsylvania 19122, USA']"
https://openalex.org/W4389090837,https://openalex.org/W3185729812,HJ-aggregates of donor–acceptor–donor oligomers and polymers,Xin Chang,https://openalex.org/A5102742107,Temple University,"['Department of Chemistry, Temple University , Philadelphia, Pennsylvania 19122, USA']"
https://openalex.org/W4389090837,https://openalex.org/W3189291595,Data Science Guided Experiments Identify Conjugated Polymer Solution Concentration as a Key Parameter in Device Performance,R. Venkatesh,https://openalex.org/A5015371248,Georgia Institute of Technology,"['School of Chemical and Biomolecular Engineering, Georgia Institute of Technology, 311 Ferst Drive Northwest, Atlanta, Georgia 30332, United States']"
https://openalex.org/W4389090837,https://openalex.org/W3215797487,"Understanding, quantifying, and controlling the molecular ordering of semiconducting polymers: from novices to experts and amorphous to perfect crystals",Zhengxing Peng,https://openalex.org/A5102860413,North Carolina State University,"['Department of Physics and Organic and Carbon Electronics Laboratories (ORaCEL), North Carolina State University, Raleigh, North Carolina 27695, USA']"
https://openalex.org/W4389090837,https://openalex.org/W3217359528,Unraveling the Molar Mass Dependence of Shearing‐Induced Aggregation Structure of a High‐Mobility Polymer Semiconductor,Zhongli Wang,https://openalex.org/A5100674337,Tianjin University,"['School of Materials Science & Engineering, Tianjin Key Laboratory of Molecular Optoelectronic Sciences, Tianjin University, Tianjin, 300350 China']"
https://openalex.org/W4389090837,https://openalex.org/W4323321629,Overlap concentration generates optimum device performance for DPP-based conjugated polymers,R. Venkatesh,https://openalex.org/A5015371248,Georgia Institute of Technology,"['School of Chemical and Biomolecular Engineering, Georgia Institute of Technology, 311 Ferst Drive NW, Atlanta, GA, 30332, United States']"
https://openalex.org/W2941002141,https://openalex.org/W1522434420,Intrinsic homogeneous linewidth and broadening mechanisms of excitons in monolayer transition metal dichalcogenides,Galan Moody,https://openalex.org/A5086781820,The University of Texas at Austin,"['Department of Physics and Center for Complex Quantum Systems, University of Texas at Austin, Austin, Texas 78712, USA.']"
https://openalex.org/W2941002141,https://openalex.org/W1561553867,Observation of biexcitons in monolayer WSe2,Yu‐Meng You,https://openalex.org/A5005569088,Columbia University,"['Departments of Physics and Electrical Engineering, Columbia University, 538 West 120th St., New York, New York\xa010027, USA,', 'Ordered Matter Science Research Center, Southeast University, Nanjing 211189, China']"
https://openalex.org/W2941002141,https://openalex.org/W1914977272,Exciton dynamics and non-linearities in two-dimensional hybrid organic perovskites,Katia Abdel-Baki,https://openalex.org/A5010436160,École Normale Supérieure Paris-Saclay,"['Université Paris-Saclay 1 Laboratoire Aimé Cotton, CNRS, Univ. Paris-Sud, ENS Cachan, , 91405 Orsay Cedex, France']"
https://openalex.org/W2941002141,https://openalex.org/W1961594228,Are Mobilities in Hybrid Organic–Inorganic Halide Perovskites Actually “High”?,Thomas M. Brenner,https://openalex.org/A5068846734,Weizmann Institute of Science,"['Department of Materials and Interfaces, Weizmann Institute of Science, Rehovoth, Israel 76100']"
https://openalex.org/W2941002141,https://openalex.org/W1980664748,Quantum fluids of light,Iacopo Carusotto,https://openalex.org/A5039776049,Université Paris Cité,"[' et CNRS, Bâtiment Condorcet, 10 rue Alice Domon et Léonie Duquet, 75205 Paris Cedex 13, France', 'INO-CNR BEC Center and Dipartimento di Fisica, Università di Trento, I-38123 Povo, Italy', 'Laboratoire Matériaux et Phénomènes Quantiques, Université Paris Diderot-Paris']"
https://openalex.org/W2941002141,https://openalex.org/W1996805069,Role of the exchange of carriers in elastic exciton-exciton scattering in quantum wells,Cristiano Ciuti,https://openalex.org/A5084984852,École Polytechnique Fédérale de Lausanne,"['Institut de Physique Théorique, Ecole Polytechnique Fédérale, CH-1015 Lausanne, Switzerland']"
https://openalex.org/W2941002141,https://openalex.org/W2020014116,Strong exciton-photon coupling in a microcavity containing layered perovskite semiconductors,A. Bréhier,https://openalex.org/A5086869203,École Normale Supérieure Paris-Saclay,"['Laboratoire de Photonique Quantique et Moléculaire , École normale Supérieure de Cachan, 61 Avenue du Président Wilson, 94235 Cachan Cedex, France']"
https://openalex.org/W2941002141,https://openalex.org/W2023630586,Charge-carrier dynamics in vapour-deposited films of the organolead halide perovskite CH<sub>3</sub>NH<sub>3</sub>PbI<sub>3−x</sub>Cl<sub>x</sub>,Christian Wehrenfennig,https://openalex.org/A5021063053,University of Oxford,"['Clarendon Laboratory', 'Department of Physics', 'Oxford, UK', 'University of Oxford, Department of Physics, Clarendon Laboratory, Parks Road Oxford, UK.']"
https://openalex.org/W2941002141,https://openalex.org/W2030634135,Coherent measurements of high-order electronic correlations in quantum wells,Daniel B. Turner,https://openalex.org/A5078206358,Massachusetts Institute of Technology,"['Department of Chemistry, Massachusetts Institute of Technology, Cambridge,. Massachusetts 02139 (USA)']"
https://openalex.org/W2941002141,https://openalex.org/W2040955846,Optical spectroscopy of two-dimensional layered (C_6H_5C_2H_4-NH_3)_2-PbI_4 perovskite,K. Gauthron,https://openalex.org/A5005151407,Centre National de la Recherche Scientifique,"['Laboratoire de Photonique et de Nanostructures , Centre National de la Recherche Scientifique , route de Nozay, 91460 Marcoussis, France']"
https://openalex.org/W2941002141,https://openalex.org/W2056349072,Collision broadening of two-dimensional excitons in a GaAs single quantum well,A. Honold,https://openalex.org/A5014438674,Max Planck Institute for Solid State Research,"['Max-Planck-Institut für Festkörper-p forschung, Heisenbergstrasse 1, D-7000 Stuttgart 80, Federal Republic of Germany']"
https://openalex.org/W2941002141,https://openalex.org/W2085416858,Resonance lineshapes in two-dimensional Fourier transform spectroscopy,Mark E. Siemens,https://openalex.org/A5067287328,National Institute of Standards and Technology,"['JILA, University of Colorado and National Institute of Standards and Technology, Boulder, Colorado\u200980309-0440 USA']"
https://openalex.org/W2941002141,https://openalex.org/W2087986112,"Coherent optical nonlinearities and phase relaxation of quasi-three-dimensional and quasi-two-dimensional excitons in<mml:math xmlns:mml=""http://www.w3.org/1998/Math/MathML"" display=""inline""><mml:mrow><mml:msub><mml:mrow><mml:mi mathvariant=""normal"">ZnS</mml:mi></mml:mrow><mml:mrow><mml:mi>x</mml:mi></mml:mrow></mml:msub></mml:mrow><mml:mrow><mml:msub><mml:mrow><mml:mi mathvariant=""normal"">Se</mml:mi></mml:mrow><mml:mrow><mml:mn>1</mml:mn><mml:mi>−</mml:mi><mml:mi>x</mml:mi></mml:mrow></mml:…",Hans Wägner,https://openalex.org/A5070440879,University of Regensburg,"['Universität Regensburg, Institut Physik II, D-93040 Regensburg, Germany']"
https://openalex.org/W2941002141,https://openalex.org/W2221470930,Binding energies of exciton complexes in transition metal dichalcogenide monolayers and effect of dielectric environment,Ilkka Kylänpää,https://openalex.org/A5090950096,Tampere University,"['Department of Physics, Tampere University of Technology, P.O. Box 692, FI-33101 Tampere, Finland']"
https://openalex.org/W2941002141,https://openalex.org/W2313640492,Separating Homogeneous and Inhomogeneous Line Widths of Heavy- and Light-Hole Excitons in Weakly Disordered Semiconductor Quantum Wells,Alan D. Bristow,https://openalex.org/A5065635673,National Institute of Standards and Technology,"['JILA, University of Colorado and National Institute of Standards and Technology, Boulder, Colorado 80309-0440, United States']"
https://openalex.org/W2941002141,https://openalex.org/W2500425512,Excitonic Processes in Solids,Masayasu Ueta,https://openalex.org/A5005542819,Tohoku University,"['Department of Physics, Tohoku University, Sendai 980, Japan']"
https://openalex.org/W2941002141,https://openalex.org/W2529313738,Direct Observation of Electron–Phonon Coupling and Slow Vibrational Relaxation in Organic–Inorganic Hybrid Perovskites,Daniel B. Straus,https://openalex.org/A5023058395,University of Pennsylvania,"['Departments of †Chemistry, ‡Physics and Astronomy, §Materials Science and\rEngineering, and ∥Electrical and\rSystems Engineering, University of Pennsylvania, Philadelphia, Pennsylvania 19104, United States']"
https://openalex.org/W2941002141,https://openalex.org/W3097993699,Four-Wave Mixing in Perovskite Photovoltaic Materials Reveals Long Dephasing Times and Weaker Many-Body Interactions than GaAs,Samuel A. March,https://openalex.org/A5042397018,Dalhousie University,"['Department\rof Physics and Atmospheric Science, Dalhousie University, Halifax, Nova Scotia B3H 4R2, Canada']"
https://openalex.org/W2941002141,https://openalex.org/W2592943572,Transcending the slow bimolecular recombination in lead-halide perovskites for electroluminescence,Guichuan Xing,https://openalex.org/A5055534213,University of Macau,"['Institute of Applied Physics and Materials Engineering, University of Macau, Macao, SAR 999078, China']"
https://openalex.org/W2941002141,https://openalex.org/W2744112770,Large polarons in lead halide perovskites,Kiyoshi Miyata,https://openalex.org/A5077616838,Columbia University,"['Department of Chemistry, Columbia University, New York, NY 10027, USA.']"
https://openalex.org/W2941002141,https://openalex.org/W2883072253,Phonon coherences reveal the polaronic character of excitons in two-dimensional lead halide perovskites,Félix Thouin,https://openalex.org/A5008622332,Georgia Institute of Technology,"['School of Physics, Georgia Institute of Technology, Atlanta, GA, USA']"
https://openalex.org/W2941002141,https://openalex.org/W2889222687,Vertical Cavity Biexciton Lasing in 2D Dodecylammonium Lead Iodide Perovskites,Edward P. Booker,https://openalex.org/A5022577975,Cavendish Hospital,['Cavendish Laboratory J. J. Thomson Avenue Cambridge CB3 0HE UK']
https://openalex.org/W2941002141,https://openalex.org/W3104899491,Coherent single-photon emission from colloidal lead halide perovskite quantum dots,Hendrik Utzat,https://openalex.org/A5036365552,Massachusetts Institute of Technology,"['Department of Chemistry, Massachusetts Institute of Technology, 77 Massachusetts Avenue, Cambridge, MA 02139, USA.']"
https://openalex.org/W2941002141,https://openalex.org/W2913636149,Dynamic Screening and Slow Cooling of Hot Carriers in Lead Halide Perovskites,Prakriti P. Joshi,https://openalex.org/A5073240694,Columbia University,"['Department of Chemistry, Columbia University, New York, NY, 10027 USA']"
https://openalex.org/W2941002141,https://openalex.org/W2772587104,Stable biexcitons in two-dimensional metal-halide perovskites with strong dynamic lattice disorder,Félix Thouin,https://openalex.org/A5008622332,Georgia Institute of Technology,"['School of Physics, Georgia Institute of Technology, 837 State Street NW, Atlanta, Georgia 30332, USA']"
https://openalex.org/W2941002141,https://openalex.org/W3103629774,Tunable Out-of-Plane Excitons in 2D Single-Crystal Perovskites,Antonio Fieramosca,https://openalex.org/A5018460172,Istituto di Nanotecnologia,"['CNR NANOTEC Institute of Nanotechnology, Via Monteroni, 73100 Lecce, Italy', 'Dipartimento di Matematica e Fisica, Universitá del Salento, Via Arnesano, 73100 Lecce, Italy']"
https://openalex.org/W2941002141,https://openalex.org/W2792120617,Exciton-polaron spectral structures in two-dimensional hybrid lead-halide perovskites,Stefanie Neutzner,https://openalex.org/A5090278446,Center for Nano Science and Technology,"['Center for Nano Science and Technology at PoliMi, Istituto Italiano di Tecnologia, via Giovanni Pascoli 70/3, 20133 Milano, Italy']"
https://openalex.org/W3099554465,https://openalex.org/W1473730842,Stochastic integral,Kiyosi Itô,https://openalex.org/A5055497395,Mathematical Institute,"['Mathematical Institute, Nagoya Imperial University']"
https://openalex.org/W3099554465,https://openalex.org/W1983778678,Extremely large binding energy of biexcitons in an organic–inorganic quantum-well material (C4H9NH3)2PbBr4,Yoshikazu Kato,https://openalex.org/A5014562296,Sophia University,"['Department of Physics, Sophia University, 7‐1 Kioi‐cho, Chiyoda‐ku, Tokyo 102‐8554, Japan']"
https://openalex.org/W3099554465,https://openalex.org/W1998598555,Stochastic calculus in physics,Ronald F. Fox,https://openalex.org/A5006164908,Georgia Institute of Technology,"['School of Physics, Georgia Institute of Technology, Atlanta']"
https://openalex.org/W3099554465,https://openalex.org/W2007556342,A Mathematical Model for the Narrowing of Spectral Lines by Exchange or Motion,P. W. Anderson,https://openalex.org/A5061367232,error,"['Bell Telephone Laboratories, Inc. Fulbright Lecturer, Tokyo University']"
https://openalex.org/W3099554465,https://openalex.org/W2017957151,On the Theory of the Brownian Motion,G. E. Uhlenbeck,https://openalex.org/A5078278467,University of Michigan–Ann Arbor,"['University of Michigan, Ann Arbor and Physisch Laboratorium der R. U. Utrecht, Holland']"
https://openalex.org/W3099554465,https://openalex.org/W2018847972,Ultrafast Phase Relaxation of Excitons via Exciton-Exciton and Exciton-Electron Collisions,L. Schultheis,https://openalex.org/A5091102481,Max Planck Society,"['Max-Planck-Institut für Festkörperforschung, D-7000 Stuttgart-80, Federal Republic of Germany']"
https://openalex.org/W3099554465,https://openalex.org/W2019230446,Many-body effects in nonlinear spectroscopy: a time-dependent transformation approach,I. E. Perakis,https://openalex.org/A5071498092,Vanderbilt University,"['[Department of Physics and Astronomy, Vanderbilt University, Nashville, TN 37235, USA.]']"
https://openalex.org/W3099554465,https://openalex.org/W2019500627,Itô’s stochastic calculus and Heisenberg commutation relations,Philippe Biane,https://openalex.org/A5082435248,Laboratoire d'Informatique Gaspard-Monge,"['CNRS, Institut Gaspard Monge, Université Paris-Est, 77454 Marne-la-Vallée Cedex 2, France']"
https://openalex.org/W3099554465,https://openalex.org/W2051244789,Excitation and polarization effects in semiconductor four-wave-mixing spectroscopy,Yuan Hu,https://openalex.org/A5010868339,University of Arizona,"['Optical Sciences Center, University of Arizona, Tucson, Arizona 85721.']"
https://openalex.org/W3099554465,https://openalex.org/W2066245794,Note on the Stochastic Theory of Resonance Absorption,Ryogo Kubo,https://openalex.org/A5014821132,The University of Tokyo,"['Department of Physics, University of Tokyo']"
https://openalex.org/W3099554465,https://openalex.org/W2070126159,Excitation-induced coherence in a semiconductor microcavity,L. A. Dunbar,https://openalex.org/A5037267640,Trinity College Dublin,"['Physics Department, University of Dublin, Trinity College, Dublin 2, Ireland']"
https://openalex.org/W3099554465,https://openalex.org/W2085416858,Resonance lineshapes in two-dimensional Fourier transform spectroscopy,Mark E. Siemens,https://openalex.org/A5067287328,National Institute of Standards and Technology,"['JILA, University of Colorado and National Institute of Standards and Technology, Boulder, Colorado\u200980309-0440 USA']"
https://openalex.org/W3099554465,https://openalex.org/W2094752622,Excitation-induced dephasing in semiconductor quantum dots,Hans Christian Schneider,https://openalex.org/A5031288668,University of Kaiserslautern,"['Physics Department, Kaiserslautern University of Technology, P.O. Box 3049, 67653 Kaiserslautern, Germany']"
https://openalex.org/W3099554465,https://openalex.org/W2883072253,Phonon coherences reveal the polaronic character of excitons in two-dimensional lead halide perovskites,Félix Thouin,https://openalex.org/A5008622332,Georgia Institute of Technology,"['School of Physics, Georgia Institute of Technology, Atlanta, GA, USA']"
https://openalex.org/W3099554465,https://openalex.org/W2968005694,Electron–Phonon Couplings Inherent in Polarons Drive Exciton Dynamics in Two-Dimensional Metal-Halide Perovskites,Félix Thouin,https://openalex.org/A5008622332,Georgia Institute of Technology,"['School of Physics, Georgia Institute of Technology, 837 State Street NW, Atlanta, Georgia 30332, United States']"
https://openalex.org/W3099554465,https://openalex.org/W3011450051,Exciton Polarons in Two-Dimensional Hybrid Metal-Halide Perovskites,Ajay Ram Srimath Kandada,https://openalex.org/A5023786923,Center for Nano Science and Technology,"['Center for Nano Science and Technology@PoliMi, Istituto Italiano di Tecnologia, via Giovanni Pascoli 70/3, 20133 Milano, Italy', 'Department of Physics, Wake Forest University, P.O. Box 7507, Winston-Salem, North Carolina 27109, United States']"
https://openalex.org/W3099554465,https://openalex.org/W3037487601,Exciton-Scattering-Induced Dephasing in Two-Dimensional Semiconductors,Florian Katsch,https://openalex.org/A5008274815,Technische Universität Berlin,"['Institut für Theoretische Physik, Nichtlineare Optik und Quantenelektronik, Technische Universität Berlin, 10623 Berlin, Germany']"
https://openalex.org/W3099554465,https://openalex.org/W2941002141,Enhanced screening and spectral diversity in many-body elastic scattering of excitons in two-dimensional hybrid metal-halide perovskites,Félix Thouin,https://openalex.org/A5008622332,State Street (United States),"['School of Physics, Georgia Institute of Technology, 837 State Street NW, Atlanta, Georgia 30332, USA']"
https://openalex.org/W3099554465,https://openalex.org/W2772587104,Stable biexcitons in two-dimensional metal-halide perovskites with strong dynamic lattice disorder,Félix Thouin,https://openalex.org/A5008622332,Georgia Institute of Technology,"['School of Physics, Georgia Institute of Technology, 837 State Street NW, Atlanta, Georgia 30332, USA']"
https://openalex.org/W3099554465,https://openalex.org/W2792120617,Exciton-polaron spectral structures in two-dimensional hybrid lead-halide perovskites,Stefanie Neutzner,https://openalex.org/A5090278446,Center for Nano Science and Technology,"['Center for Nano Science and Technology at PoliMi, Istituto Italiano di Tecnologia, via Giovanni Pascoli 70/3, 20133 Milano, Italy']"
https://openalex.org/W3101285854,https://openalex.org/W1142898998,Infrared spectroscopy with visible light,Dmitry Kalashnikov,https://openalex.org/A5052190303,"Agency for Science, Technology and Research","['Data Storage Institute, Agency for Science, Technology and Research (A*STAR) , Singapore, Singapore']"
https://openalex.org/W3101285854,https://openalex.org/W1968904102,New Developments in Relativistic Quntum Theory,C. Møller,https://openalex.org/A5075446098,Nordic Institute for Theoretical Physics,"['Institute for Theoretical Physics, Copenhagen,']"
https://openalex.org/W3101285854,https://openalex.org/W1971791843,Entangled Photon-Pair Two-Dimensional Fluorescence Spectroscopy (EPP-2DFS),Michael G. Raymer,https://openalex.org/A5086999377,University of Oregon,"['Oregon\rCenter for Optics and Department of Physics, University of Oregon, Eugene, Oregon 97403, United States']"
https://openalex.org/W3101285854,https://openalex.org/W1971791843,Entangled Photon-Pair Two-Dimensional Fluorescence Spectroscopy (EPP-2DFS),Michael G. Raymer,https://openalex.org/A5086999377,University of Oregon,"['Oregon\rCenter for Optics and Department of Physics, University of Oregon, Eugene, Oregon 97403, United States']"
https://openalex.org/W3101285854,https://openalex.org/W2019309333,Quantum Cascade of Photons in Semiconductor Quantum Dots,Emmanuel Moreau,https://openalex.org/A5052280120,Centre National de la Recherche Scientifique,"['CNRS/Laboratoire de Photonique et de Nanostructures, 196 avenue Henri Ravera, BP 29, F-92222 Bagneux-Cedex, France']"
https://openalex.org/W3101285854,https://openalex.org/W2050477170,Entangled-Photon Virtual-State Spectroscopy,Bahaa E. A. Saleh,https://openalex.org/A5074138699,Boston University,"['Quantum Imaging Laboratory, Department of Electrical and Computer Engineering, Boston University, Boston, Massachusetts 02215']"
https://openalex.org/W3101285854,https://openalex.org/W2057181621,Manipulation of two-photon-induced fluorescence spectra of chromophore aggregates with entangled photons: A simulation study,Frank Schlawin,https://openalex.org/A5030313547,"University of California, Irvine","['Department of chemistry, University of California, Irvine, California, 92697-2025 USA']"
https://openalex.org/W3101285854,https://openalex.org/W2060900989,Entangled Photon Pairs from Semiconductor Quantum Dots,N. Akopian,https://openalex.org/A5088128757,Technion – Israel Institute of Technology,"[' Department of Physics, Technion-Israel Institute of Technology, Haifa 32000 (Israel)']"
https://openalex.org/W3101285854,https://openalex.org/W2067474078,Suppression of population transport and control of exciton distributions by entangled photons,Frank Schlawin,https://openalex.org/A5030313547,"University of California, Irvine","['Department of Chemistry, University of California, Irvine, California 92697-2025, USA.']"
https://openalex.org/W3101285854,https://openalex.org/W2069850083,Spatial Control of Entangled Two-Photon Absorption with Organic Chromophores,Alica R. Guzman,https://openalex.org/A5084451334,University of Oregon,"['Department of Chemistry, Macromolecular Science and Engineering, and Applied Physics Program, University of Michigan, Ann Arbor, Michigan 48109, and Department of Chemistry and the Materials Science Institute, University of Oregon, Eugene, Oregon 97403']"
https://openalex.org/W3101285854,https://openalex.org/W2074168384,Spectroscopy by frequency-entangled photon pairs,Atsushi Yabushita,https://openalex.org/A5032625347,Tokyo University of Science,"['Core Research for Evolutional Science and Technology (CREST), Japan Science and Technology Corporation (JST) and Department of Physics, Graduate School of Science, University of Tokyo,7-3-1 Hongo, Bunkyo, Tokyo, 113-0033, Japan']"
https://openalex.org/W3101285854,https://openalex.org/W2078433831,Entangled Photon Absorption in an Organic Porphyrin Dendrimer,Dong-Ik Lee,https://openalex.org/A5103375146,University of Michigan–Ann Arbor,"['Department of Chemistry and Applied Physics, University of Michigan, Ann Arbor, Michigan 48109']"
https://openalex.org/W3101285854,https://openalex.org/W2088531927,On-demand generation of indistinguishable polarization-entangled photon pairs,Markus Müller,https://openalex.org/A5061670215,University of Stuttgart,"['Institut für Halbleiteroptik und Funktionelle Grenzflächen, Universität Stuttgart, Allmandring 3, Stuttgart, 70569, Germany']"
https://openalex.org/W3101285854,https://openalex.org/W2095965649,Optically Excited Entangled States in Organic Molecules Illuminate the Dark,Leslie Upton,https://openalex.org/A5062665104,University of Michigan–Ann Arbor,['(University of Michigan)']
https://openalex.org/W3101285854,https://openalex.org/W2127704886,Generalized Kramers-Heisenberg expressions for stimulated Raman scattering and two-photon absorption,Oleksiy Roslyak,https://openalex.org/A5060016320,"University of California, Irvine","['Department of Chemistry, University of California, Irvine, California 92697, USA.']"
https://openalex.org/W3101285854,https://openalex.org/W2406980188,Nonlinear optical signals and spectroscopy with quantum light,Konstantin E. Dorfman,https://openalex.org/A5064267160,"University of California, Irvine","['Department of Chemistry and Department of Physics and Astronomy, University of California, Irvine, California 92697, USA']"
https://openalex.org/W3101285854,https://openalex.org/W2562962177,Entangled Photon Excited Fluorescence in Organic Materials: An Ultrafast Coincidence Detector,Oleg Varnavski,https://openalex.org/A5071997184,University of Michigan–Ann Arbor,"['Department of\rChemistry, Department of Applied\rPhysics, Department of Macromolecular\rScience and Engineering, University of Michigan, Ann Arbor, Michigan 48109, United States']"
https://openalex.org/W3101285854,https://openalex.org/W2571225755,Entangled Two Photon Absorption Cross Section on the 808 nm Region for the Common Dyes Zinc Tetraphenylporphyrin and Rhodamine B,Juan P. Villabona-Monsalve,https://openalex.org/A5030076833,Universidad de Los Andes,"['Laboratorio de Óptica\rCuántica, Universidad de los Andes, A.A. 4976, Bogotá, D.C., Colombia']"
https://openalex.org/W3101285854,https://openalex.org/W2606323733,Photonic Hat Trick,Robert Sewell,https://openalex.org/A5076900355,Institute of Photonic Sciences,"['The Institute of Photonic Sciences, Av. Carl Friedrich Gauss, 3, 08860 Castelldefels (Barcelona), Spain']"
https://openalex.org/W3101285854,https://openalex.org/W2753043817,Quantum interference in the presence of a resonant medium,Dmitry Kalashnikov,https://openalex.org/A5052190303,"Agency for Science, Technology and Research","['Data Storage Institute, Agency for Science, Technology and Research (A*STAR), 138634, Singapore, Singapore']"
https://openalex.org/W3101285854,https://openalex.org/W2963907099,Entanglement on Demand through Time Reordering,J. E. Avron,https://openalex.org/A5045547023,Technion – Israel Institute of Technology,"['Department of Physics, Technion-Israel Institute of Technology, 32000 Haifa, Israel']"
https://openalex.org/W3101285854,https://openalex.org/W3037853801,Quantum computers,Thaddeus D. Ladd,https://openalex.org/A5018885489,Stanford University,"['Edward L. Ginzton Laboratory, Stanford University, Stanford, California 94305-4088, USA']"
https://openalex.org/W3101285854,https://openalex.org/W3038067977,Quantum cryptography,Nicolas Gisin,https://openalex.org/A5032785303,University of Geneva,"['Group of Applied Physics, University of Geneva, 1211 Geneva 4, Switzerland']"
https://openalex.org/W3101285854,https://openalex.org/W3101445276,Semiconductor quantum dots as an ideal source of polarization-entangled photon pairs on-demand: a review,Daniel Huber,https://openalex.org/A5100660462,Johannes Kepler University of Linz,"['Institute of Semiconductor and Solid State Physics, Johannes Kepler University, Linz, Altenbergerstr. 69, 4040, Austria']"
https://openalex.org/W3101285854,https://openalex.org/W3102896235,Quantum Spectroscopy of Plasmonic Nanostructures,Dmitry Kalashnikov,https://openalex.org/A5052190303,Data Storage Institute,"['Data Storage Institute, Agency for Science Technology and Research (A-STAR), 5 Engineering Drive I, 117608, Singapore']"
https://openalex.org/W3101285854,https://openalex.org/W3104328971,Probing dynamical symmetry breaking using quantum-entangled photons,Hao Li,https://openalex.org/A5100348592,University of Houston,"['Department of Chemistry, University of Houston, Houston, TX 77204, United States of America']"
https://openalex.org/W3101285854,https://openalex.org/W2804415186,Photon entanglement entropy as a probe of many-body correlations and fluctuations,Hao Li,https://openalex.org/A5100348592,University of Houston,"['1Department of Chemistry, University of Houston, Houston, Texas 77204, USA', '2Theoretical Division, Los Alamos National Lab, Los Alamos, New Mexico 87545, USA', '3School of Chemistry and Biochemistry, School of Physics, Georgia Institute of Technology, 901 Atlantic Drive, Atlanta, Georgia 30332, USA', '4Center for Nano Science and Technology @Polimi, Istituto Italiano di Tecnologia, Via Giovanni Pascoli 70/3, 20133 Milano, Italy', '5Department of Chemistry and Department of Physics, University of Houston, Houston, Texas 77204, USA']"
https://openalex.org/W3101285854,https://openalex.org/W4235475088,Quantum imaging with undetected photons,Gabriela Barreto Lemos,https://openalex.org/A5036069368,Vienna Center for Quantum Science and Technology,"['Institute for Quantum Optics and Quantum Information, Austrian Academy of Sciences, Boltzmanngasse 3, Vienna A-1090, Austria,', 'Vienna Center for Quantum Science and Technology (VCQ), Faculty of Physics, University of Vienna, A-1090 Vienna, Austria,']"
https://openalex.org/W3143921035,https://openalex.org/W1486280642,Time-resolved nonlinear luminescence spectroscopy by picosecond excitation correlation,M. Jo rgensen,https://openalex.org/A5103337332,Odense University Hospital,"['Fysisk Institut, Odense Universitet, DK-5230 Odense M, Denmark']"
https://openalex.org/W3143921035,https://openalex.org/W1549273682,Excitation correlation photoluminescence in the presence of Shockley-Read-Hall recombination,Mario Borgwardt,https://openalex.org/A5062619750,Helmholtz-Zentrum Berlin für Materialien und Energie,"['Institute of Methods for Material Development 1 Joint Laboratory for Ultrafast Dynamics in Solutions and at Interfaces (JULiq), , Helmholtz-Zentrum Berlin, Albert-Einstein-Strasse 15, D-12489 Berlin, Germany']"
https://openalex.org/W3143921035,https://openalex.org/W1821790061,Temperature‐Dependent Charge‐Carrier Dynamics in CH<sub>3</sub>NH<sub>3</sub>PbI<sub>3</sub> Perovskite Thin Films,Rebecca L. Milot,https://openalex.org/A5039957577,University of Oxford,"['Department of Physics University of Oxford, Clarendon Laboratory Parks Road Oxford OX1 3PU UK']"
https://openalex.org/W3143921035,https://openalex.org/W1830481798,Intrinsic femtosecond charge generation dynamics in single crystal CH<sub>3</sub>NH<sub>3</sub>PbI<sub>3</sub>,David A. Valverde-Chávez,https://openalex.org/A5047845773,McGill University,"['Canada H3A 2T8', 'Department of Physics, McGill University, Montreal, QC, Canada H3A 2T8', 'McGill University', 'Montreal']"
https://openalex.org/W3143921035,https://openalex.org/W1849148947,Intrinsic Thermal Instability of Methylammonium Lead Trihalide Perovskite,Bert Conings,https://openalex.org/A5026805425,Hasselt University,['Institute for Materials Research Hasselt University  Wetenschapspark 1 3590 Diepenbeek Belgium']
https://openalex.org/W3143921035,https://openalex.org/W1965464747,Efficient Hybrid Solar Cells Based on Meso-Superstructured Organometal Halide Perovskites,Michael M. Lee,https://openalex.org/A5090150583,University of Oxford,"['Clarendon Laboratory, Department of Physics, University of Oxford, Oxford OX1 3PU, UK.']"
https://openalex.org/W3143921035,https://openalex.org/W1970615651,Photoelectronic Responses in Solution-Processed Perovskite CH&lt;inline-formula&gt;&lt;tex-math&gt;$_{\bf 3}$ &lt;/tex-math&gt;&lt;/inline-formula&gt;NH&lt;inline-formula&gt;&lt;tex-math&gt;$_{\bf 3}$&lt;/tex-math&gt;&lt;/inline-formula&gt;PbI&lt;inline-formula&gt; &lt;tex-math&gt;$_{\bf 3}$&lt;/tex-math&gt;&lt;/inline-formula&gt; Solar Cells Studied by Photoluminescence and Photoabsorption Spectroscopy,Yasuhiro Yamada,https://openalex.org/A5043235791,Kyoto University,"['Institute for Chemical Research Kyoto University  Uji, Kyoto Japan']"
https://openalex.org/W3143921035,https://openalex.org/W1976501060,Carrier lifetimes in ion-damaged GaAs,Matthew B. Johnson,https://openalex.org/A5101422600,California Institute of Technology,"['California Institute of Technology, Pasadena, California 91125']"
https://openalex.org/W3143921035,https://openalex.org/W1987258598,Femtosecond excitation correlation spectroscopy of single-walled carbon nanotubes: Analysis based on nonradiative multiexciton recombination processes,Yuhei Miyauchi,https://openalex.org/A5031648329,Kyoto Bunkyo University,"['Center for Integrated Science and Engineering, Columbia University, New York, New York 10027, USA', 'Institute for Chemical Research, Kyoto University, Uji, Kyoto 611-0011, Japan']"
https://openalex.org/W3143921035,https://openalex.org/W1994550710,Temperature-dependent excitonic photoluminescence of hybrid organometal halide perovskite films,Kewei Wu,https://openalex.org/A5018068696,King Abdullah University of Science and Technology,"['Materials Science and Engineering, King Abdullah University of Science and Technology (KAUST), Thuwal, Saudi Arabia']"
https://openalex.org/W3143921035,https://openalex.org/W2003060793,Exciton Localization of Single-Walled Carbon Nanotubes Revealed by Femtosecond Excitation Correlation Spectroscopy,Hideki Hirori,https://openalex.org/A5020744649,Kyoto University,"['Institute for Chemical Research, Kyoto University Gokasho, Uji, Kyoto 611‐0011, Japan,']"
https://openalex.org/W3143921035,https://openalex.org/W2006304022,Low trap-state density and long carrier diffusion in organolead trihalide perovskite single crystals,Dong Shi,https://openalex.org/A5018333966,King Abdullah University of Science and Technology,"['Solar and Photovoltaic Engineering Research Center (SPERC), King Abdullah University of Science and Technology (KAUST), 23955-6900 Thuwal, Saudi Arabia.']"
https://openalex.org/W3143921035,https://openalex.org/W2009638482,Time resolved luminescence of photoexcited <i>p</i>-type gallium arsenide by population mixing,David L. Rosen,https://openalex.org/A5068485726,City College of New York,"['Picosecond Laser and Spectroscopy Laboratory, Physcis Department, The City College of New York, New York, New York 10031']"
https://openalex.org/W3143921035,https://openalex.org/W2012910000,Picosecond correlation effects in the hot luminescence of GaAs,D. von der Linde,https://openalex.org/A5089827944,Max Planck Institute for Solid State Research,"['Max-Planck-Institut für Festkörperforschung, Heisenbergstr. 1, D-7000 Stuttgart 80 Germany']"
https://openalex.org/W3143921035,https://openalex.org/W2020043850,Thermally Activated Exciton Dissociation and Recombination Control the Carrier Dynamics in Organometal Halide Perovskite,Tom J. Savenije,https://openalex.org/A5040470662,Delft University of Technology,"['Optoelectronic\rMaterials Section, Department of Chemical Engineering, Delft University of Technology, 2628 CN Delft, The Netherlands']"
https://openalex.org/W3143921035,https://openalex.org/W2055309078,Statistics of the Recombinations of Holes and Electrons,W. Shockley,https://openalex.org/A5043077347,error,"['Bell Telephone Laboratories, Murray Hill, New-Jersey']"
https://openalex.org/W3143921035,https://openalex.org/W2062571793,Bright light-emitting diodes based on organometal halide perovskite,Zhi‐Kuang Tan,https://openalex.org/A5079894328,University of Cambridge,"['Cavendish Laboratory, University of Cambridge, JJ Thomson Avenue, Cambridge CB3 0HE, UK']"
https://openalex.org/W3143921035,https://openalex.org/W2065204918,Impact of microstructure on local carrier lifetime in perovskite solar cells,Dane W. deQuilettes,https://openalex.org/A5064192921,University of Washington,"['Department of Chemistry, University of Washington, Box 351700, Seattle, WA 98195-1700, USA.']"
https://openalex.org/W3143921035,https://openalex.org/W2083637178,Application of femtosecond-excitation correlation to the study of emission dynamics in hexagonal GaN,Stanley Pau,https://openalex.org/A5010935445,Max Planck Institute for Solid State Research,"['Max-Planck-Institut für Festkörperforschung, Heisenbergstrasse 1, 70569, Stuttgart, Germany']"
https://openalex.org/W3143921035,https://openalex.org/W2091798326,Picosecond time-resolved photoluminescence using picosecond excitation correlation spectroscopy,Matthew B. Johnson,https://openalex.org/A5101422600,California Institute of Technology,"['T. J. Watson, Sr., Laboratory of Applied Physics, California Institute of Technology, Pasadena, California 91125']"
https://openalex.org/W3143921035,https://openalex.org/W2120185412,The origin of high efficiency in low-temperature solution-processable bilayer organometal halide hybrid solar cells,Shuangyong Sun,https://openalex.org/A5064271667,Nanyang Technological University,"['Nanyang Technological University, School of Materials Science and Engineering, 50 Nanyang Avenue, Singapore']"
https://openalex.org/W3143921035,https://openalex.org/W2123857657,Low-temperature solution-processed wavelength-tunable perovskites for lasing,Guichuan Xing,https://openalex.org/A5055534213,Nanyang Technological University,['Division of Physics and Applied Physics School of Physical and Mathematical Sciences Nanyang Technological University  21 Nanyang Link Singapore 637371 Singapore']
https://openalex.org/W3143921035,https://openalex.org/W2146890124,Electron-Hole Recombination in Germanium,R. N. Hall,https://openalex.org/A5047212156,General Electric (United States),"['General Electric Research Laboratory, Schenectady, New York']"
https://openalex.org/W3143921035,https://openalex.org/W2317884741,"Recombination Kinetics in Organic-Inorganic Perovskites: Excitons, Free Charge, and Subgap States",Samuel D. Stranks,https://openalex.org/A5077878068,University of Oxford,"['Department of Physics, University of Oxford, Parks Road, Oxford, OX1 3PU, United Kingdom']"
https://openalex.org/W3143921035,https://openalex.org/W2342802384,Perovskite photonic sources,Brandon R. Sutherland,https://openalex.org/A5011871059,University of Toronto,"[""Department of Electrical and Computer Engineering, University of Toronto, 10 King's College Road, Toronto, M5S 3G4, Ontario, Canada""]"
https://openalex.org/W3143921035,https://openalex.org/W2365412281,"Electroabsorption Spectroscopy Measurements of the Exciton Binding Energy, Electron–Hole Reduced Effective Mass, and Band Gap in the Perovskite CH<sub>3</sub>NH<sub>3</sub>PbI<sub>3</sub>",Mark E. Ziffer,https://openalex.org/A5024171865,University of Washington,"['Department\rof Chemistry, University of Washington, Box 351700, Seattle, Washington 98195-1700, United States']"
https://openalex.org/W3143921035,https://openalex.org/W2485585547,Photoluminescence Lifetimes Exceeding 8 μs and Quantum Yields Exceeding 30% in Hybrid Perovskite Thin Films by Ligand Passivation,Dane W. deQuilettes,https://openalex.org/A5064192921,University of Washington,"['Department of Chemistry, University of Washington, Box 351700, Seattle, Washington 98195-1700, United States', 'Department of Physics, University of Konstanz, P.O. Box 680, 78457 Konstanz, Germany.']"
https://openalex.org/W3143921035,https://openalex.org/W2512576243,Photoinduced Emissive Trap States in Lead Halide Perovskite Semiconductors,Silvia G. Motti,https://openalex.org/A5067364919,Center for Nano Science and Technology,"['Center\rfor Nano Science and Technology @Polimi, Istituto Italiano di Tecnologia, via Giovanni Pascoli 70/3, 20133 Milano, Italy', 'Dipartimento\rdi Fisica, Politecnico di Milano, Piazza Leonardo da Vinci, 32, 20133 Milano, Italy']"
https://openalex.org/W3143921035,https://openalex.org/W2522162104,Nonlinear Carrier Interactions in Lead Halide Perovskites and the Role of Defects,Ajay Ram Srimath Kandada,https://openalex.org/A5023786923,Center for Nano Science and Technology,"['Center\rfor Nano Science and Technology @Polimi, Istituto Italiano di Tecnologia, via Giovanni Pascoli 70/3, 20133 Milano, Italy']"
https://openalex.org/W3143921035,https://openalex.org/W2620080645,Delayed Luminescence in Lead Halide Perovskite Nanocrystals,Vladimir S. Chirvony,https://openalex.org/A5073310799,Universitat de València,"['Instituto de Ciencia Molecular, Universidad de Valencia, c/Catedrático J. Beltrán, 2, Paterna 46980, Spain', 'UMDO (Unidad de\rMateriales y Dispositivos Optoelectrónicos), Instituto de Ciencia\rde los Materiales, Universidad de Valencia, Valencia 46071, Spain']"
https://openalex.org/W3143921035,https://openalex.org/W2765596100,Tracking Photoexcited Carriers in Hybrid Perovskite Semiconductors: Trap-Dominated Spatial Heterogeneity and Diffusion,Dane W. deQuilettes,https://openalex.org/A5064192921,University of Washington,"['Department\rof Chemistry, University of Washington, Box 351700, Seattle, Washington 98195-1700, United States']"
https://openalex.org/W3143921035,https://openalex.org/W2767693464,Promises and challenges of perovskite solar cells,Juan‐Pablo Correa‐Baena,https://openalex.org/A5018187291,Massachusetts Institute of Technology,"['Massachusetts Institute of Technology, Cambridge, MA 02139, USA.', 'École Polytechnique Fédérale de Lausanne, CH-1015 Lausanne, Switzerland.']"
https://openalex.org/W3143921035,https://openalex.org/W2783912344,Thermal Stability of Mixed Cation Metal Halide Perovskites in Air,Wanliang Tan,https://openalex.org/A5023569652,Stanford University,"['Department of Materials Science\rand\rEngineering, Stanford University, Stanford, California 94305, United States']"
https://openalex.org/W3143921035,https://openalex.org/W2801228296,Present status and future prospects of perovskite photovoltaics,Henry J. Snaith,https://openalex.org/A5081428881,University of Oxford,"['Department of Physics, University of Oxford, Oxford, UK']"
https://openalex.org/W3143921035,https://openalex.org/W2883708814,Visualization and suppression of interfacial recombination for high-efficiency large-area pin perovskite solar cells,Martin Stolterfoht,https://openalex.org/A5053163519,University of Potsdam,"['Institute of Physics and Astronomy, University of Potsdam, Potsdam, Germany']"
https://openalex.org/W3143921035,https://openalex.org/W2885245171,Trap-Limited Dynamics of Excited Carriers and Interpretation of the Photoluminescence Decay Kinetics in Metal Halide Perovskites,Vladimir S. Chirvony,https://openalex.org/A5073310799,Universitat de València,"['Instituto de Ciencia Molecular \xa0and\xa0 Instituto de Ciencia de los Materiales, Universidad de Valencia, c/Catedrático J. Beltrán, 2, Paterna 46980, Spain']"
https://openalex.org/W3143921035,https://openalex.org/W2888244465,Ultrafast Intraband Spectroscopy of Hot-Carrier Cooling in Lead-Halide Perovskites,Thomas R. Hopper,https://openalex.org/A5002687389,Imperial College London,"['Department of Chemistry, Imperial College London, London SW7 2AZ, United Kingdom']"
https://openalex.org/W3143921035,https://openalex.org/W2903976592,Halide Perovskites: Is It All about the Interfaces?,Philip Schulz,https://openalex.org/A5086689953,error,[]
https://openalex.org/W3143921035,https://openalex.org/W2905179230,Reducing Surface Recombination Velocities at the Electrical Contacts Will Improve Perovskite Photovoltaics,Jian Wang,https://openalex.org/A5048508815,University of Washington,"['Department of Chemistry, University of Washington, Seattle, Washington 98195, United States']"
https://openalex.org/W3143921035,https://openalex.org/W2940442133,"Temperature-dependent studies of exciton binding energy and phase-transition suppression in (Cs,FA,MA)Pb(I,Br)<sub>3</sub> perovskites",Fabian Ruf,https://openalex.org/A5075610904,Karlsruhe Institute of Technology,"['Institute of Applied Physics, Karlsruhe Institute of Technology (KIT) 1 , 76131 Karlsruhe, Germany']"
https://openalex.org/W3143921035,https://openalex.org/W2953546713,When defects become ‘dynamic’: halide perovskites: a new window on materials?,Yevgeny Rakita,https://openalex.org/A5064664061,Weizmann Institute of Science,"['Israel', 'Materials and Interfaces Dept., Weizmann Institute of Science, Rehovot, Israel']"
https://openalex.org/W3143921035,https://openalex.org/W2970722630,The Role of Grain Boundaries in Perovskite Solar Cells,Andrés‐Felipe Castro‐Méndez,https://openalex.org/A5046454478,Georgia Institute of Technology,"['School of Materials Science and Engineering, Georgia Institute of Technology, Atlanta, GA, 30332 USA']"
https://openalex.org/W3143921035,https://openalex.org/W2971726561,Charge-Carrier Recombination in Halide Perovskites,Dane W. deQuilettes,https://openalex.org/A5064192921,Massachusetts Institute of Technology,"['Department of Chemistry, University of Washington, Box 351700, Seattle, Washington 98195-1700, United States', 'Research Laboratory of Electronics, Massachusetts Institute of Technology, 77 Massachusetts Avenue, Cambridge, Massachusetts 02139, United States']"
https://openalex.org/W3143921035,https://openalex.org/W3101861169,Local Crystal Misorientation Influences Non-radiative Recombination in Halide Perovskites,Sarthak Jariwala,https://openalex.org/A5087874945,University of Washington,"['Department of Chemistry, University of Washington, Seattle, WA 98195, USA', 'Department of Materials Science and Engineering, University of Washington, Seattle, WA 98195, USA']"
https://openalex.org/W3143921035,https://openalex.org/W2974094338,Oxidative Passivation of Metal Halide Perovskites,Julian S.W. Godding,https://openalex.org/A5079056415,University of Oxford,"['Clarendon Laboratory, University of Oxford, Parks Road, Oxford OX1 3PU, U.K']"
https://openalex.org/W3143921035,https://openalex.org/W2999216860,Double peak emission in lead halide perovskites by self-absorption,Konstantin Schötz,https://openalex.org/A5078020156,University of Bayreuth,"['95440 Bayreuth', 'Germany', 'Soft Matter Optoelectronics, University of Bayreuth, 95440 Bayreuth, Germany', 'University of Bayreuth']"
https://openalex.org/W3143921035,https://openalex.org/W3006293357,Relating Defect Luminescence and Nonradiative Charge Recombination in MAPbI<sub>3</sub> Perovskite Films,Alexander Dobrovolsky,https://openalex.org/A5029196811,Lund University,"['Chemical Physics and NanoLund, Lund University, P.O. Box 124, 22100 Lund, Sweden']"
https://openalex.org/W3143921035,https://openalex.org/W3044149010,Perovskite Quantum Dot Lasing in a Gap-Plasmon Nanocavity with Ultralow Threshold,Yi‐Kong Hsieh,https://openalex.org/A5007077015,"Research Center for Applied Science, Academia Sinica","['Department of Materials Science and Engineering, National Tsing Hua University, Hsinchu 30013, Taiwan', 'Research Center for Applied Sciences, Academia Sinica, Taipei 11529, Taiwan']"
https://openalex.org/W3143921035,https://openalex.org/W3045599769,High-Efficiency Perovskite Solar Cells,Jin Young Kim,https://openalex.org/A5100417165,Seoul National University,"['Department of Materials Science and Engineering, Seoul National University, Seoul 08826, Republic of Korea']"
https://openalex.org/W3143921035,https://openalex.org/W3088349018,Shallow Iodine Defects Accelerate the Degradation of α-Phase Formamidinium Perovskite,Shaun Tan,https://openalex.org/A5033789355,California NanoSystems Institute,"['Department of Materials Science and Engineering and California NanoSystems Institute, University of California, Los Angeles, Los Angeles, CA 90095, USA']"
https://openalex.org/W3143921035,https://openalex.org/W3122823086,Optical Gain of Lead Halide Perovskites Measured via the Variable Stripe Length Method: What We Can Learn and How to Avoid Pitfalls,Ada Lilí Alvarado‐Leaños,https://openalex.org/A5062508041,Center for Nano Science and Technology,"['Center for Nanoscience and Technology@PoliMi, Istituto Italiano di Tecnologia, via Giovanni Pascoli 70/3, Milano, 20133 Italy']"
https://openalex.org/W3143921035,https://openalex.org/W3132754795,Revealing the internal luminescence quantum efficiency of perovskite films via accurate quantification of photon recycling,Paul Faßl,https://openalex.org/A5034860990,Karlsruhe Institute of Technology,"['Institute of Microstructure Technology (IMT), Karlsruhe Institute of Technology, 76344 Eggenstein-Leopoldshafen, Germany', 'Kirchhoff-Institute for Physics (KIP) and Centre for Advanced Materials (CAM), Heidelberg University, 69120 Heidelberg, Germany', 'Light Technology Institute (LTI), Karlsruhe Institute of Technology, 76131 Karlsruhe, Germany']"
https://openalex.org/W3143921035,https://openalex.org/W3134351897,Halide Perovskite Light‐Emitting Diode Technologies,Kangyu Ji,https://openalex.org/A5065318062,University of Cambridge,"['Cavendish Laboratory, University of Cambridge, 19 JJ Thomson Avenue, Cambridge, CB3 0HE UK']"
https://openalex.org/W3143921035,https://openalex.org/W3134703774,In-situ observation of trapped carriers in organic metal halide perovskite films with ultra-fast temporal and ultra-high energetic resolutions,Kanishka Kobbekaduwa,https://openalex.org/A5088581318,Clemson University,"['Department of Physics and Astronomy, Ultrafast Photophysics of Quantum Devices Laboratory, Clemson University, Clemson, SC, USA']"
https://openalex.org/W3001267899,https://openalex.org/W1973213379,Quantitative Evaluation of the Photoinduced Hydrophilic Conversion Properties of TiO<sub>2</sub> Thin Film Surfaces by the Reciprocal of Contact Angle,Nobuyuki Sakai,https://openalex.org/A5064394669,The University of Tokyo,"['Research Center for Advanced Science and Technology, The University of Tokyo, 4-6-1 Komaba, Meguro-ku, Tokyo 153-8904, Japan, and Department of Applied Chemistry, School of Engineering, The University of Tokyo, 7-3-1 Hongo, Bunkyo-ku, Tokyo 113-8656, Japan']"
https://openalex.org/W3001267899,https://openalex.org/W1978633452,Action spectrum analyses of photoinduced superhydrophilicity of titania thin films on glass plates,Xiaoli Yan,https://openalex.org/A5090993189,Hokkaido University,['Catalysis Research Center; Hokkaido University; Sapporo 001-0021 Japan']
https://openalex.org/W3001267899,https://openalex.org/W1980444240,Raman and FTIR spectroscopies of fluorescein in solutions,Lili Wang,https://openalex.org/A5100356428,National Institute of Standards and Technology,"['Biotechnology Division, National Institute of Standards and Technology, 100 Bureau Drive, Stop 8312, Gaithersburg, MD 20899-8312, USA']"
https://openalex.org/W3001267899,https://openalex.org/W1983229151,Enhancement of the Photoinduced Hydrophilic Conversion Rate of TiO<sub>2</sub> Film Electrode Surfaces by Anodic Polarization,Nobuyuki Sakai,https://openalex.org/A5064394669,The University of Tokyo,"['Research Center for Advanced Science and Technology, The University of Tokyo, 4-6-1 Komaba, Meguro-ku, Tokyo 153-8904, Japan, and Department of Applied Chemistry, School of Engineering, The University of Tokyo, 7-3-1 Hongo, Bunkyo-ku, Tokyo 113-8656, Japan']"
https://openalex.org/W3001267899,https://openalex.org/W1985715677,Mechanism of Photoinduced Superhydrophilicity on the TiO<sub>2</sub> Photocatalyst Surface,Masato Takeuchi,https://openalex.org/A5035405203,Osaka Prefecture University,"['Department of Applied Chemistry, Graduate School of Engineering, Osaka Prefecture University, 1-1, Gakuen-cho, Sakai, Osaka 599-8531, Japan, and Dipartimento di Chimica IFM, Universita di Torino, Via P. Giuria 7, 10125, Torino, Italy']"
https://openalex.org/W3001267899,https://openalex.org/W1987316515,Electron Transfer Process in Fluorescein-Dispersing Titania Gel Films Observed by Time-Resolved Fluorescence Spectroscopy,Rudi Agus Setiawan,https://openalex.org/A5080840896,Shinshu University,"['Department of Environmental Science and Technology, Graduate School#R#of Science and Technology, Shinshu University, 4-17-1 Wakasato, Nagano 380-8553, Japan']"
https://openalex.org/W3001267899,https://openalex.org/W2009158548,Multiple fluorescence spectra of fluorescein molecules encapsulated in the silica xerogel prepared by the sol-gel reaction,Tsuneo Fujii,https://openalex.org/A5026899923,Shinshu University,"['Department of Chemistry and Materials Engineering, Faculty of Engineering, Shinshu University, Wakasato, Nagano, Japan']"
https://openalex.org/W3001267899,https://openalex.org/W2026973457,Visible light induced photocatalytic degradation of organic pollutants,Debabrata Chatterjee,https://openalex.org/A5002948333,Central Mechanical Engineering Research Institute,"['Chemistry Section, Central Mechanical Engineering Research Institute, Durgapur 713209, India']"
https://openalex.org/W3001267899,https://openalex.org/W2031923307,Dynamics of Electron Injection and Recombination of Dye-Sensitized TiO<sub>2</sub> Particles,M. Hilgendorff,https://openalex.org/A5001838762,Lund University,"['Department of Chemical Physics, Lund University, P.O. Box 124, S-22100 Lund, Sweden']"
https://openalex.org/W3001267899,https://openalex.org/W2038278670,Deposition of ZnO Particles by Photocatalytic Reaction,Satoshi Nagaya,https://openalex.org/A5071986201,Industrial Technology Center of Okayama Prefecture,['Nagano Prefecture General Industrial Technology Center']
https://openalex.org/W3001267899,https://openalex.org/W2041623843,Molecular forms and fluorescence processes of 9-aminoacridine in thin sol–gel films,Hiromasa Nishikiori,https://openalex.org/A5075262253,Shinshu University,"['Department of Environmental Science and Technology, Graduate School of Science and Technology, Shinshu University, 4-17-1 Wakasato, Nagano 380-8553, Japan']"
https://openalex.org/W3001267899,https://openalex.org/W2053182690,Change in Titania Structure from Amorphousness to Crystalline Increasing Photoinduced Electron-Transfer Rate in Dye-Titania System,Hiromasa Nishikiori,https://openalex.org/A5075262253,Georgia Institute of Technology,"['Laser Dynamics Laboratory, School of Chemistry and Biochemistry, Georgia Institute of Technology, Atlanta, Georgia 30332-0400, and Department of Environmental Science and Technology, Faculty of Engineering, Shinshu University, Wakasato, Nagano 380-8553, Japan']"
https://openalex.org/W3001267899,https://openalex.org/W2055403542,"Hydrophilic/hydrophobic features of TiO2 nanoparticles as a function of crystal phase, surface area and coating, in relation to their potential toxicity in peripheral nervous system",Vera Bolis,https://openalex.org/A5009093510,National Interuniversity Consortium of Materials Science and Technology,"['Dipartimento DiSCAFF, Università del Piemonte Orientale ""A. Avogadro,"" Largo G. Donegani 2/3, I – 28100 Novara, Italy', 'NIS, Nanostructured Interfaces and Surfaces Centre of Excellence, Università degli Studi di Torino and INSTM (Italian National Consortium for Materials Science and Technology), Italy']"
https://openalex.org/W3001267899,https://openalex.org/W2057318722,Fluorescence spectra and chemical species of fluorescein molecules adsorbed on a calcinated porous Vycor glass,Tsuneo Fujii,https://openalex.org/A5026899923,Shinshu University,"['Department of Chemistry and Material Engineering, Shinshu University, Wakasato, Japan']"
https://openalex.org/W3001267899,https://openalex.org/W2081754847,Emission from the Charge Transfer State of Xanthene Dye-Sensitized TiO<sub>2</sub> Nanoparticles: A New Approach to Determining Back Electron Transfer Rate and Verifying the Marcus Inverted Regime,Guda Ramakrishna,https://openalex.org/A5001044259,Bhabha Atomic Research Centre,"['Radiation Chemistry & Chemical Dynamics Division, Bhabha Atomic Research Center, Trombay, Mumbai - 400085, India']"
https://openalex.org/W3001267899,https://openalex.org/W2082153759,Proton donor–acceptor property of matrix during the sol–gel reaction,Hiromasa Nishikiori,https://openalex.org/A5075262253,Shinshu University,"['Department of Environmental Science and Technology, Faculty of Engineering, Shinshu University, Wakasato, Nagano, 380-8553, Nagano, Japan']"
https://openalex.org/W3001267899,https://openalex.org/W2091736361,Formation of ZnO thin films by photocatalytic reaction,Hiromasa Nishikiori,https://openalex.org/A5075262253,Shinshu University,"['Faculty of Engineering Shinshu University, 4-17-1, Wakasato, Nagano, 380-8553 Japan']"
https://openalex.org/W3001267899,https://openalex.org/W2092498044,Acid–Base and Monomer–Dimer Equilibria of Methylene Blue in Dip-Coated Thin Films,Hiromasa Nishikiori,https://openalex.org/A5075262253,Shinshu University,"['Department of Environmental Science and Technology, Faculty of Engineering, Shinshu UniversityWakasato, Nagano 380-8553']"
https://openalex.org/W3001267899,https://openalex.org/W2098358122,Absorption and fluorescence properties of fluorescein,Robert Sjöback,https://openalex.org/A5091649224,Chalmers University of Technology,"['Molecular Biotechnology Group, Department of Biochemistry and Biophysics, Chalmers University of Technology, S‐413 90 Gothenburg, Sweden']"
https://openalex.org/W3001267899,https://openalex.org/W2102404896,pKa determinations of xanthene derivates in aqueous solutions by multivariate analysis applied to UV–Vis spectrophotometric data,Vagner Roberto Batistela,https://openalex.org/A5024871397,Universidade Estadual de Maringá,"['Departamento de Química, Universidade Estadual de Maringá, Av. Colombo, 5.790, CEP 87.020-900, Maringá, Paraná, Brazil']"
https://openalex.org/W3001267899,https://openalex.org/W2111728035,Functional Groups on the Surfaces of Solids,H. P. Boehm,https://openalex.org/A5031858484,Heidelberg University,['Anorganisch-chemisches Institut der Universität Heidelberg (Germany)']
https://openalex.org/W3001267899,https://openalex.org/W2138405719,Titanium dioxide photocatalysis,Akira Fujishima,https://openalex.org/A5019501316,The University of Tokyo,"['Department of Applied Chemistry, School of Engineering, The University of Tokyo, 7-3-1 Hongo, Bunkyo-ku, Tokyo 113-8656 (Japan)']"
https://openalex.org/W3001267899,https://openalex.org/W2141418292,Influence of the cetyltrimethylammonium chloride micellar pseudophase on the protolytic equilibria of oxyxanthene dyes at high bulk phase ionic strength,Nikolay O. Mchedlov‐Petrossyan,https://openalex.org/A5020165295,error,[]
https://openalex.org/W3001267899,https://openalex.org/W2552135399,Experimental and computational studies of protolytic and tautomeric equilibria of Erythrosin B and Eosin Y in water/DMSO,Douglas Vanzin,https://openalex.org/A5090991719,Universidade Estadual de Maringá,"['Brazil', 'Department of Chemistry, Research Nucleus in Photodynamic System, State University of Maringa, Av. Colombo 5790, Maringa, PR, Brazil', 'Maringa', 'Research Nucleus in Photodynamic System', 'State University of Maringa']"
https://openalex.org/W3001267899,https://openalex.org/W2569226784,Modelling heterogeneous interfaces for solar water splitting,Tuan Anh Pham,https://openalex.org/A5006222293,Lawrence Livermore National Laboratory,"['Quantum Simulations Group, Lawrence Livermore National Laboratory, Livermore, California\xa094551, USA']"
https://openalex.org/W3001267899,https://openalex.org/W2618537766,Crystal growth of titania by photocatalytic reaction,Hiromasa Nishikiori,https://openalex.org/A5075262253,Shinshu University,"['Center for Energy and Environmental Science, Shinshu University, 4-17-1 Wakasato, Nagano, 380-8553 Japan', 'Department of Environmental Science and Technology, Graduate School of Science and Technology, Shinshu University, 4-17-1 Wakasato, Nagano, 380-8553 Japan', 'Department of Materials Chemistry, Graduate School of Science and Technology, Shinshu University, 4-17-1 Wakasato, Nagano, 380-8553 Japan']"
https://openalex.org/W3001267899,https://openalex.org/W2770049363,Synthesis of optically active bromophenol blue encapsulated mesoporous silica–titania nanomatrix: structural and sensing characteristics,Shumaila Islam,https://openalex.org/A5090300032,University of Technology Malaysia,"['Laser Centre, Ibnu Sina Institute for Scientific and Industrial Research, Universiti Teknologi Malaysia, Skudai, Johor, 81310, Malaysia']"
https://openalex.org/W3001267899,https://openalex.org/W2891906140,Formation of silica nanolayer on titania surface by photocatalytic reaction,Hiromasa Nishikiori,https://openalex.org/A5075262253,Shinshu University,"['Center for Energy and Environmental Science, Shinshu University, 4-17-1 Wakasato, Nagano, 380-8553, Japan', 'Department of Materials Chemistry, Faculty of Engineering, Shinshu University, 4-17-1 Wakasato, Nagano, 380-8553, Japan', 'Faculty of Engineering, Shinshu University, 4-17-1 Wakasato, Nagano, 380-8553, Japan']"
https://openalex.org/W3001267899,https://openalex.org/W2928988099,In Situ Probing of Photoinduced Hydrophilicity on Titania Surface Using Dye Molecules,Hiromasa Nishikiori,https://openalex.org/A5075262253,Shinshu University,"['Department of Environmental Science and Technology, Faculty of Engineering \xa0and\xa0 Center for Energy and Environmental Science, Shinshu University, 4-17-1 Wakasato, Nagano 380-8553, Japan']"
https://openalex.org/W3001267899,https://openalex.org/W2941151369,Formation of CuO on TiO2 Surface Using its Photocatalytic Activity,Hiromasa Nishikiori,https://openalex.org/A5075262253,Shinshu University,"['Center for Energy and Environmental Science, Shinshu University, 4-17-1 Wakasato, Nagano 380-8553, Japan', 'Faculty of Engineering, Shinshu University, 4-17-1 Wakasato, Nagano 380-8553, Japan']"
https://openalex.org/W3079678319,https://openalex.org/W1522434420,Intrinsic homogeneous linewidth and broadening mechanisms of excitons in monolayer transition metal dichalcogenides,Galan Moody,https://openalex.org/A5086781820,The University of Texas at Austin,"['Department of Physics and Center for Complex Quantum Systems, University of Texas at Austin, Austin, Texas 78712, USA.']"
https://openalex.org/W3079678319,https://openalex.org/W1614533393,"Magneto-optical study on excitonic spectra in (<mml:math xmlns:mml=""http://www.w3.org/1998/Math/MathML"" display=""inline""><mml:mrow><mml:msub><mml:mrow><mml:mi mathvariant=""normal"">C</mml:mi></mml:mrow><mml:mrow><mml:mn>6</mml:mn></mml:mrow></mml:msub></mml:mrow></mml:math><mml:math xmlns:mml=""http://www.w3.org/1998/Math/MathML"" display=""inline""><mml:mrow><mml:msub><mml:mrow><mml:mi mathvariant=""normal"">H</mml:mi></mml:mrow><mml:mrow><mml:mn>13</mml:mn></mml:mrow></mml:msub></mml:mrow></mml:math…",Takeshi Kataoka,https://openalex.org/A5063022637,The University of Tokyo,"['Department of Applied Physics, Faculty of Engineering, The University of Tokyo, 7‐3‐1, Hongo, Bunkyo‐ku, Tokyo 113, Japan']"
https://openalex.org/W3079678319,https://openalex.org/W1914728182,Two-Quantum Many-Body Coherences in Two-Dimensional Fourier-Transform Spectra of Exciton Resonances in Semiconductor Quantum Wells,D. Karaiskaj,https://openalex.org/A5084456747,National Institute of Standards and Technology,"['JILA, National Institute of Standards and Technology and University of Colorado, Boulder, Colorado 80309-0440, USA.']"
https://openalex.org/W3079678319,https://openalex.org/W1972491506,Luminescence of copper halides excited by a high power laser,J. B. Grün,https://openalex.org/A5056978233,Institut de Physique,"[""Laboratoire de Spectroscopie et d'Optique du Corps Solide (associéau C.N.R.S.), Institut de Physique, Universitéde Strasbourg, France""]"
https://openalex.org/W3079678319,https://openalex.org/W1974802781,Two-Dimensional Line Shapes Derived from Coherent Third-Order Nonlinear Spectroscopy,Andrei Tokmakoff,https://openalex.org/A5021659494,Massachusetts Institute of Technology,"['Department of Chemistry, Massachusetts Institute of Technology, Cambridge, Massachusetts 02139']"
https://openalex.org/W3079678319,https://openalex.org/W1978823452,Self-referenced characterization of femtosecond laser pulses by chirp scan,V. Loriot,https://openalex.org/A5081514180,Université Claude Bernard Lyon 1,"['Institut Lumière Matière, UMR5306 Université Lyon 1-CNRS, Université de Lyon, 69622, Villeurbanne cedex, France']"
https://openalex.org/W3079678319,https://openalex.org/W1979311032,Two-Quantum 2D FT Electronic Spectroscopy of Biexcitons in GaAs Quantum Wells,Katherine W. Stone,https://openalex.org/A5072474104,Massachusetts Institute of Technology,"['Department of Chemistry, Massachusetts Institute of Technology, Cambridge, MA, 02139-4307, USA']"
https://openalex.org/W3079678319,https://openalex.org/W1979529212,Polarization dependence of dephasing processes: A probe for many-body effects,T. Rappen,https://openalex.org/A5023693472,TU Dortmund University,"['Institut für Physik, Universität Dortmund, D-44221 Dortmund, Federal Republic of Germany']"
https://openalex.org/W3079678319,https://openalex.org/W1983778678,Extremely large binding energy of biexcitons in an organic–inorganic quantum-well material (C4H9NH3)2PbBr4,Yoshikazu Kato,https://openalex.org/A5014562296,Sophia University,"['Department of Physics, Sophia University, 7‐1 Kioi‐cho, Chiyoda‐ku, Tokyo 102‐8554, Japan']"
https://openalex.org/W3079678319,https://openalex.org/W1985767043,"Exciton-Exciton Interaction in CdS, CdSe, and ZnO",Douglas Magde,https://openalex.org/A5030278819,Cornell University,"['Laboratory of Atomic and Solid State Physics, Cornell University, Ithaca, New York 14850']"
https://openalex.org/W3079678319,https://openalex.org/W1989868128,Quantenmechanik der Sto�vorg�nge,Max Born,https://openalex.org/A5104357209,error,['Göttingen']
https://openalex.org/W3079678319,https://openalex.org/W1994398595,Two-dimensional Wannier excitons in a layered-perovskite-type crystal (C6H13NH3)2PbI4,Ken’ichiro Tanaka,https://openalex.org/A5028278086,Japan Science and Technology Agency,"['Core Research for Evolutional Science and Technology (CREST), Japan Science and Technology Corporation, Japan', 'Department of Material Science, The University of Tokyo, 7-3-1 Hongo, Bunkyo-ku, Tokyo 113-8656, Japan']"
https://openalex.org/W3079678319,https://openalex.org/W1998598555,Stochastic calculus in physics,Ronald F. Fox,https://openalex.org/A5006164908,Georgia Institute of Technology,"['School of Physics, Georgia Institute of Technology, Atlanta']"
https://openalex.org/W3079678319,https://openalex.org/W2001141362,Interaction-induced effects in the nonlinear coherent response of quantum-well excitons,Hans Wägner,https://openalex.org/A5070440879,Chemnitz University of Technology,"['Institut für Physik, TU Chemnitz, 09107 Chemnitz, Germany']"
https://openalex.org/W3079678319,https://openalex.org/W2001454862,Sharp-Line Photoluminescence and Two-Photon Absorption of Zero-Dimensional Biexcitons in a GaAs/AlGaAs Structure,K. Brunner,https://openalex.org/A5051873370,Technical University of Munich,"['Walter Schottky Institut, Technische Universität München, Am Coulombwall,#N#D-85748 Garching, Germany']"
https://openalex.org/W3079678319,https://openalex.org/W2007556342,A Mathematical Model for the Narrowing of Spectral Lines by Exchange or Motion,P. W. Anderson,https://openalex.org/A5061367232,error,"['Bell Telephone Laboratories, Inc. Fulbright Lecturer, Tokyo University']"
https://openalex.org/W3079678319,https://openalex.org/W2009116564,Optical Conductivity of One-Dimensional Mott Insulators,Davide Controzzi,https://openalex.org/A5000391433,University of Oxford,"['Department of Physics, University of Oxford, United Kingdom.']"
https://openalex.org/W3079678319,https://openalex.org/W2017805558,Coherent Two-Dimensional Optical Spectroscopy,Minhaeng Cho,https://openalex.org/A5027685378,Korea Basic Science Institute,"['Department of Chemistry and Center for Multidimensional Spectroscopy, Korea University, Seoul 136-701, Korea, and Multidimensional Spectroscopy Laboratory, Korea Basic Science Institute, Seoul 136-713, Korea']"
https://openalex.org/W3079678319,https://openalex.org/W2018556909,Coherent Excitonic Coupling in an Asymmetric Double InGaAs Quantum Well Arises from Many-Body Effects,Gaël Nardin,https://openalex.org/A5062402356,National Institute of Standards and Technology,"['JILA, University of Colorado and National Institute of Standards and Technology, Boulder, Colorado 80309-0440, USA']"
https://openalex.org/W3079678319,https://openalex.org/W2018847972,Ultrafast Phase Relaxation of Excitons via Exciton-Exciton and Exciton-Electron Collisions,L. Schultheis,https://openalex.org/A5091102481,Max Planck Society,"['Max-Planck-Institut für Festkörperforschung, D-7000 Stuttgart-80, Federal Republic of Germany']"
https://openalex.org/W3079678319,https://openalex.org/W2023518612,Biexcitons in GaAs quantum wells,Robert C. Miller,https://openalex.org/A5101416108,error,"['Bell Laboratories, Murray Hill, New Jersey 07974']"
https://openalex.org/W3079678319,https://openalex.org/W2030634135,Coherent measurements of high-order electronic correlations in quantum wells,Daniel B. Turner,https://openalex.org/A5078206358,Massachusetts Institute of Technology,"['Department of Chemistry, Massachusetts Institute of Technology, Cambridge,. Massachusetts 02139 (USA)']"
https://openalex.org/W3079678319,https://openalex.org/W2031776844,Exciton-exciton and exciton-phonon interactions in an interfacial GaAs quantum dot ensemble,Galan Moody,https://openalex.org/A5086781820,University of Colorado Boulder,"['Department of Physics; University of Colorado, Boulder; Colorado 80309-0390 USA', 'JILA, University of Colorado & National Institute of Standards and Technology, Boulder, Colorado 80309-0440, USA']"
https://openalex.org/W3079678319,https://openalex.org/W2033597029,Electronic and Excitonic Structures of Inorganic–Organic Perovskite-Type Quantum-Well Crystal (C<sub>4</sub>H<sub>9</sub>NH<sub>3</sub>)<sub>2</sub>PbBr<sub>4</sub>,Ken’ichiro Tanaka,https://openalex.org/A5028278086,The University of Tokyo,"['Department of Materials Science, The University of Tokyo, 7-3-1 Hongo, Bunkyo-ku, Tokyo 113-8656, Japan']"
https://openalex.org/W3079678319,https://openalex.org/W2035714165,Invited Article: The coherent optical laser beam recombination technique (COLBERT) spectrometer: Coherent multidimensional spectroscopy made easier,Daniel B. Turner,https://openalex.org/A5078206358,Massachusetts Institute of Technology,"['Massachusetts Institute of Technology Department of Chemistry, , Cambridge, Massachusetts 02139, USA']"
https://openalex.org/W3079678319,https://openalex.org/W2606949807,Many-Body Interactions in Semiconductors Probed by Optical Two-Dimensional Fourier Transform Spectroscopy,Xiaoqin Li,https://openalex.org/A5100707516,National Institute of Standards and Technology,"['JILA, University of Colorado and National Institute of Standards and Technology, Boulder, Colorado 80309-0440, USA']"
https://openalex.org/W3079678319,https://openalex.org/W2040955846,Optical spectroscopy of two-dimensional layered (C_6H_5C_2H_4-NH_3)_2-PbI_4 perovskite,K. Gauthron,https://openalex.org/A5005151407,Centre National de la Recherche Scientifique,"['Laboratoire de Photonique et de Nanostructures , Centre National de la Recherche Scientifique , route de Nozay, 91460 Marcoussis, France']"
https://openalex.org/W3079678319,https://openalex.org/W2042333569,Transient nonlinear optical response from excitation induced dephasing in GaAs,Hailin Wang,https://openalex.org/A5100330268,University of Michigan–Ann Arbor,"['H. M. Randall Laboratory, The University of Michigan, Ann Arbor, Michigan 48109']"
https://openalex.org/W3079678319,https://openalex.org/W2047868588,Role of excitation-induced shift in the coherent optical response of semiconductors,Justin M. Shacklette,https://openalex.org/A5005898996,National Institute of Standards and Technology,"['JILA, University of Colorado and National Institute of Standards and Technology Boulder, Colorado 80309']"
https://openalex.org/W3079678319,https://openalex.org/W2048812175,Disorder mediated biexcitonic beats in semiconductor quantum wells,T. Albrecht,https://openalex.org/A5007775054,Philipps University of Marburg,"['Department of Physics and Materials Sciences Center, Philipps University, Renthof 5, 35032 Marburg, Germany']"
https://openalex.org/W3079678319,https://openalex.org/W2051244789,Excitation and polarization effects in semiconductor four-wave-mixing spectroscopy,Yuan Hu,https://openalex.org/A5010868339,University of Arizona,"['Optical Sciences Center, University of Arizona, Tucson, Arizona 85721.']"
https://openalex.org/W3079678319,https://openalex.org/W2053280304,Excitonic molecule in CuC1,A. Mysyrowicz,https://openalex.org/A5047334633,Institut de Physique,"[""Laboratoire de Spectroscopie et d'Optique du Corps Solide, (associé au Centre National de la Recherche Scientifique), Institut de Physique, Université de Strasbourg, France""]"
https://openalex.org/W3079678319,https://openalex.org/W2056047920,Huge exchange energy and fine structure of excitons in an organic-inorganic quantum well material,Kazuhiro Ema,https://openalex.org/A5073551029,Sophia University,"['Department of Physics, Sophia University, 7‐1 Kioi‐cho, Chiyoda‐ku, Tokyo 102‐8554, Japan']"
https://openalex.org/W3079678319,https://openalex.org/W2056349072,Collision broadening of two-dimensional excitons in a GaAs single quantum well,A. Honold,https://openalex.org/A5014438674,Max Planck Institute for Solid State Research,"['Max-Planck-Institut für Festkörper-p forschung, Heisenbergstrasse 1, D-7000 Stuttgart 80, Federal Republic of Germany']"
https://openalex.org/W3079678319,https://openalex.org/W2066245794,Note on the Stochastic Theory of Resonance Absorption,Ryogo Kubo,https://openalex.org/A5014821132,The University of Tokyo,"['Department of Physics, University of Tokyo']"
https://openalex.org/W3079678319,https://openalex.org/W2071489517,Binding energy of biexcitons and bound excitons in quantum wells,D. A. Kleinman,https://openalex.org/A5059107007,error,"['Bell Laboratories, Murray Hill New Jersey 07974']"
https://openalex.org/W3079678319,https://openalex.org/W2073470705,Biexcitons in semiconductor quantum dots,Yuan Hu,https://openalex.org/A5010868339,IBM Research - Almaden,"['Department of Physics, University of Arizona, Tucson, Arizona 85721', 'IBM Research Division, Almaden Research Center, 650 Harry Road, San Jose, California 95120', 'Lawrence Livermore National Laboratory, University of California, Livermore, California 94550', 'Optical Sciences Center, University of Arizona, Tucson, Arizona 87521']"
https://openalex.org/W3079678319,https://openalex.org/W2073968024,Characterization of spectral diffusion from two-dimensional line shapes,Sean T. Roberts,https://openalex.org/A5086540870,Massachusetts Institute of Technology,"['Massachusetts Institute of Technology Department of Chemistry, , Cambridge, Massachusetts 02139']"
https://openalex.org/W3079678319,https://openalex.org/W2078009675,Transient four-wave-mixing line shapes: Effects of excitation-induced dephasing,H. Wang,https://openalex.org/A5040638099,University of Michigan–Ann Arbor,"['H. M. Randall Laboratory of Physics, The University of Michigan, Ann Arbor, Michigan 48109']"
https://openalex.org/W3079678319,https://openalex.org/W2085416858,Resonance lineshapes in two-dimensional Fourier transform spectroscopy,Mark E. Siemens,https://openalex.org/A5067287328,National Institute of Standards and Technology,"['JILA, University of Colorado and National Institute of Standards and Technology, Boulder, Colorado\u200980309-0440 USA']"
https://openalex.org/W3079678319,https://openalex.org/W2087986112,"Coherent optical nonlinearities and phase relaxation of quasi-three-dimensional and quasi-two-dimensional excitons in<mml:math xmlns:mml=""http://www.w3.org/1998/Math/MathML"" display=""inline""><mml:mrow><mml:msub><mml:mrow><mml:mi mathvariant=""normal"">ZnS</mml:mi></mml:mrow><mml:mrow><mml:mi>x</mml:mi></mml:mrow></mml:msub></mml:mrow><mml:mrow><mml:msub><mml:mrow><mml:mi mathvariant=""normal"">Se</mml:mi></mml:mrow><mml:mrow><mml:mn>1</mml:mn><mml:mi>−</mml:mi><mml:mi>x</mml:mi></mml:mrow></mml:…",Hans Wägner,https://openalex.org/A5070440879,University of Regensburg,"['Universität Regensburg, Institut Physik II, D-93040 Regensburg, Germany']"
https://openalex.org/W3079678319,https://openalex.org/W2097911822,Spin–orbital separation in the quasi-one-dimensional Mott insulator Sr2CuO3,Justine Schlappa,https://openalex.org/A5051399796,Helmholtz-Zentrum Berlin für Materialien und Energie,"['Institut Methoden und Instrumentierung der Forschung mit Synchrotronstrahlung G-I2, Helmholtz-Zentrum Berlin für Materialien und Energie GmbH, D-12489 Berlin, Germany,', 'Paul Scherrer Institut, Swiss Light Source, CH-5232 Villigen PSI, Switzerland,']"
https://openalex.org/W3079678319,https://openalex.org/W2110654575,Nonperturbative transient four-wave-mixing line shapes due to excitation-induced shift and excitation-induced dephasing,Justin M. Shacklette,https://openalex.org/A5005898996,National Institute of Standards and Technology,"['JILA, University of Colorado and National Institute of Standards and Technology, Boulder, Colorado\u200980309-0440 USA']"
https://openalex.org/W3079678319,https://openalex.org/W2313640492,Separating Homogeneous and Inhomogeneous Line Widths of Heavy- and Light-Hole Excitons in Weakly Disordered Semiconductor Quantum Wells,Alan D. Bristow,https://openalex.org/A5065635673,National Institute of Standards and Technology,"['JILA, University of Colorado and National Institute of Standards and Technology, Boulder, Colorado 80309-0440, United States']"
https://openalex.org/W3079678319,https://openalex.org/W2529313738,Direct Observation of Electron–Phonon Coupling and Slow Vibrational Relaxation in Organic–Inorganic Hybrid Perovskites,Daniel B. Straus,https://openalex.org/A5023058395,University of Pennsylvania,"['Departments of †Chemistry, ‡Physics and Astronomy, §Materials Science and\rEngineering, and ∥Electrical and\rSystems Engineering, University of Pennsylvania, Philadelphia, Pennsylvania 19104, United States']"
https://openalex.org/W3079678319,https://openalex.org/W2562952133,Broadband Emission in Two-Dimensional Hybrid Perovskites: The Role of Structural Deformation,Daniele Cortecchia,https://openalex.org/A5059689384,Nanyang Technological University,"['Centre\rfor Nano Science and Technology (CNST@PoliMi), Istituto Italiano di Tecnologia, via Pascoli 70/3, Milan 20133, Italy', 'Interdisciplinary Graduate School, Energy Research Institute @ NTU(ERI@N), Nanyang Technological University, Singapore 639798, Singapore.']"
https://openalex.org/W3079678319,https://openalex.org/W2787955309,"Electrons, Excitons, and Phonons in Two-Dimensional Hybrid Perovskites: Connecting Structural, Optical, and Electronic Properties",Daniel B. Straus,https://openalex.org/A5023058395,University of Pennsylvania,"['Department of Chemistry, University of Pennsylvania, Philadelphia, Pennsylvania 19104, United States']"
https://openalex.org/W3079678319,https://openalex.org/W2883072253,Phonon coherences reveal the polaronic character of excitons in two-dimensional lead halide perovskites,Félix Thouin,https://openalex.org/A5008622332,Georgia Institute of Technology,"['School of Physics, Georgia Institute of Technology, Atlanta, GA, USA']"
https://openalex.org/W3079678319,https://openalex.org/W2922009072,"(4NPEA)<sub>2</sub>PbI<sub>4</sub> (4NPEA = 4-Nitrophenylethylammonium): Structural, NMR, and Optical Properties of a 3 × 3 Corrugated 2D Hybrid Perovskite",Marie-Hélène Tremblay,https://openalex.org/A5080900450,Georgia Institute of Technology,"['Center for Organic Photonics and Electronics (COPE), School of Chemistry and Biochemistry, Georgia Institute of Technology, Atlanta, Georgia 30332-0400, United States']"
https://openalex.org/W3079678319,https://openalex.org/W2946629440,Excitons in 2D Organic–Inorganic Halide Perovskites,Catherine M. Mauck,https://openalex.org/A5041762124,Massachusetts Institute of Technology,"['Department of Chemical Engineering, Massachusetts Institute of Technology, 77 Massachusetts Avenue, Cambridge, MA 02139, United States']"
https://openalex.org/W3079678319,https://openalex.org/W2968005694,Electron–Phonon Couplings Inherent in Polarons Drive Exciton Dynamics in Two-Dimensional Metal-Halide Perovskites,Félix Thouin,https://openalex.org/A5008622332,Georgia Institute of Technology,"['School of Physics, Georgia Institute of Technology, 837 State Street NW, Atlanta, Georgia 30332, United States']"
https://openalex.org/W3079678319,https://openalex.org/W3011027949,Simulation of Hubbard model physics in WSe2/WS2 moiré superlattices,Yanhao Tang,https://openalex.org/A5075360437,Cornell University,"['School of Applied and Engineering Physics, Cornell University, Ithaca, NY, USA']"
https://openalex.org/W3079678319,https://openalex.org/W3011450051,Exciton Polarons in Two-Dimensional Hybrid Metal-Halide Perovskites,Ajay Ram Srimath Kandada,https://openalex.org/A5023786923,Center for Nano Science and Technology,"['Center for Nano Science and Technology@PoliMi, Istituto Italiano di Tecnologia, via Giovanni Pascoli 70/3, 20133 Milano, Italy', 'Department of Physics, Wake Forest University, P.O. Box 7507, Winston-Salem, North Carolina 27109, United States']"
https://openalex.org/W3079678319,https://openalex.org/W3037487601,Exciton-Scattering-Induced Dephasing in Two-Dimensional Semiconductors,Florian Katsch,https://openalex.org/A5008274815,Technische Universität Berlin,"['Institut für Theoretische Physik, Nichtlineare Optik und Quantenelektronik, Technische Universität Berlin, 10623 Berlin, Germany']"
https://openalex.org/W3079678319,https://openalex.org/W3037820246,Revealing Excitonic Phonon Coupling in (PEA)<sub>2</sub>(MA)<sub><i>n</i>−1</sub>Pb<sub><i>n</i></sub>I<sub>3<i>n</i>+1</sub> 2D Layered Perovskites,Joanna Urban,https://openalex.org/A5072862493,Laboratoire National des Champs Magnétiques Intenses,"['Laboratoire Lumière, Matière et Interfaces', 'Laboratoire national des champs magnétiques intenses - Toulouse', 'Nano Optique et Spectroscopy']"
https://openalex.org/W3079678319,https://openalex.org/W2941002141,Enhanced screening and spectral diversity in many-body elastic scattering of excitons in two-dimensional hybrid metal-halide perovskites,Félix Thouin,https://openalex.org/A5008622332,State Street (United States),"['School of Physics, Georgia Institute of Technology, 837 State Street NW, Atlanta, Georgia 30332, USA']"
https://openalex.org/W3079678319,https://openalex.org/W2772587104,Stable biexcitons in two-dimensional metal-halide perovskites with strong dynamic lattice disorder,Félix Thouin,https://openalex.org/A5008622332,Georgia Institute of Technology,"['School of Physics, Georgia Institute of Technology, 837 State Street NW, Atlanta, Georgia 30332, USA']"
https://openalex.org/W3079678319,https://openalex.org/W2896755036,"Encapsulation Narrows and Preserves the Excitonic Homogeneous Linewidth of Exfoliated Monolayer <mml:math xmlns:mml=""http://www.w3.org/1998/Math/MathML"" display=""inline"" overflow=""scroll""><mml:msub><mml:mrow><mml:mi>Mo</mml:mi><mml:mi>Se</mml:mi></mml:mrow><mml:mn>2</mml:mn></mml:msub></mml:math>",Eric W. Martin,https://openalex.org/A5041987703,University of Michigan–Ann Arbor,"['Department of Physics, University of Michigan, Ann Arbor, Michigan 48109-1040, USA']"
https://openalex.org/W3079678319,https://openalex.org/W2792120617,Exciton-polaron spectral structures in two-dimensional hybrid lead-halide perovskites,Stefanie Neutzner,https://openalex.org/A5090278446,Center for Nano Science and Technology,"['Center for Nano Science and Technology at PoliMi, Istituto Italiano di Tecnologia, via Giovanni Pascoli 70/3, 20133 Milano, Italy']"
https://openalex.org/W4362679499,https://openalex.org/W1522434420,Intrinsic homogeneous linewidth and broadening mechanisms of excitons in monolayer transition metal dichalcogenides,Galan Moody,https://openalex.org/A5086781820,The University of Texas at Austin,"['Department of Physics and Center for Complex Quantum Systems, University of Texas at Austin, Austin, Texas 78712, USA.']"
https://openalex.org/W4362679499,https://openalex.org/W1522434420,Intrinsic homogeneous linewidth and broadening mechanisms of excitons in monolayer transition metal dichalcogenides,Galan Moody,https://openalex.org/A5086781820,The University of Texas at Austin,"['Department of Physics and Center for Complex Quantum Systems, University of Texas at Austin, Austin, Texas 78712, USA.']"
https://openalex.org/W4362679499,https://openalex.org/W1983087149,Pure optical dephasing dynamics in semiconducting single-walled carbon nanotubes,Matt W. Graham,https://openalex.org/A5057361578,Lawrence Berkeley National Laboratory,"['University of California 1 Department of Chemistry, , Berkeley, and Physical Biosciences Division, Lawrence Berkeley National Laboratory, Berkeley, California 94720, USA']"
https://openalex.org/W4362679499,https://openalex.org/W2009948224,Coherent time-resolved investigation of LO-phonon dynamics in GaAs,Fabrice Vallée,https://openalex.org/A5054003346,École Polytechnique,"[""Laboratoire d'Optique Quantique du Centre National de la Recherche Scientifique, Ecole Polytechnique, 91128 Palaiseau cédex, France""]"
https://openalex.org/W4362679499,https://openalex.org/W2018697934,Tuning the Band Gap in Hybrid Tin Iodide Perovskite Semiconductors Using Structural Templating,J. Knutson,https://openalex.org/A5056495040,North Carolina State University,"['Department of Chemistry, North Carolina State University, Box 8204, Raleigh, North Carolina 27695']"
https://openalex.org/W4362679499,https://openalex.org/W2025008969,Influence of disorder on the field-modulated spectra of polydiacetylene films,Á. Horváth,https://openalex.org/A5016033896,Philipps University of Marburg,"['Physics Department and Center of Material Sciences, University of Marburg, D-35037 Marburg, Germany']"
https://openalex.org/W4362679499,https://openalex.org/W2606949807,Many-Body Interactions in Semiconductors Probed by Optical Two-Dimensional Fourier Transform Spectroscopy,Xiaoqin Li,https://openalex.org/A5100707516,National Institute of Standards and Technology,"['JILA, University of Colorado and National Institute of Standards and Technology, Boulder, Colorado 80309-0440, USA']"
https://openalex.org/W4362679499,https://openalex.org/W2042468043,"Semiconducting Tin and Lead Iodide Perovskites with Organic Cations: Phase Transitions, High Mobilities, and Near-Infrared Photoluminescent Properties",Constantinos C. Stoumpos,https://openalex.org/A5057857858,Northwestern University,"['Department\rof Chemistry, Northwestern University,\rEvanston, Illinois 60208, United States']"
https://openalex.org/W4362679499,https://openalex.org/W2056349072,Collision broadening of two-dimensional excitons in a GaAs single quantum well,A. Honold,https://openalex.org/A5014438674,Max Planck Institute for Solid State Research,"['Max-Planck-Institut für Festkörper-p forschung, Heisenbergstrasse 1, D-7000 Stuttgart 80, Federal Republic of Germany']"
https://openalex.org/W4362679499,https://openalex.org/W2073918542,"Free-carrier effect on exciton dynamics in GaAs/<mml:math xmlns:mml=""http://www.w3.org/1998/Math/MathML"" display=""inline""><mml:mrow><mml:msub><mml:mrow><mml:mi mathvariant=""normal"">Al</mml:mi></mml:mrow><mml:mrow><mml:mi mathvariant=""italic"">x</mml:mi></mml:mrow></mml:msub></mml:mrow></mml:math><mml:math xmlns:mml=""http://www.w3.org/1998/Math/MathML"" display=""inline""><mml:mrow><mml:msub><mml:mrow><mml:mi mathvariant=""normal"">Ga</mml:mi></mml:mrow><mml:mrow><mml:mn>1</mml:mn><mml:mi mathvariant…",B. M. Ashkinadze,https://openalex.org/A5000701916,Technion – Israel Institute of Technology,"['Solid State Institute, Technion(enIsrael Institute of Technology, Haifa 32000, Israel']"
https://openalex.org/W4362679499,https://openalex.org/W2085416858,Resonance lineshapes in two-dimensional Fourier transform spectroscopy,Mark E. Siemens,https://openalex.org/A5067287328,National Institute of Standards and Technology,"['JILA, University of Colorado and National Institute of Standards and Technology, Boulder, Colorado\u200980309-0440 USA']"
https://openalex.org/W4362679499,https://openalex.org/W3098092921,All-optical retrieval of the global phase for two-dimensional Fourier-transform spectroscopy,Alan D. Bristow,https://openalex.org/A5065635673,National Institute of Standards and Technology,"['JILA, University of Colorado and National Institute of Standards and Technology, Boulder, Colorado 80309-0440 USA.']"
https://openalex.org/W4362679499,https://openalex.org/W2313640492,Separating Homogeneous and Inhomogeneous Line Widths of Heavy- and Light-Hole Excitons in Weakly Disordered Semiconductor Quantum Wells,Alan D. Bristow,https://openalex.org/A5065635673,National Institute of Standards and Technology,"['JILA, University of Colorado and National Institute of Standards and Technology, Boulder, Colorado 80309-0440, United States']"
https://openalex.org/W4362679499,https://openalex.org/W2313640492,Separating Homogeneous and Inhomogeneous Line Widths of Heavy- and Light-Hole Excitons in Weakly Disordered Semiconductor Quantum Wells,Alan D. Bristow,https://openalex.org/A5065635673,National Institute of Standards and Technology,"['JILA, University of Colorado and National Institute of Standards and Technology, Boulder, Colorado 80309-0440, United States']"
https://openalex.org/W4362679499,https://openalex.org/W2313640492,Separating Homogeneous and Inhomogeneous Line Widths of Heavy- and Light-Hole Excitons in Weakly Disordered Semiconductor Quantum Wells,Alan D. Bristow,https://openalex.org/A5065635673,National Institute of Standards and Technology,"['JILA, University of Colorado and National Institute of Standards and Technology, Boulder, Colorado 80309-0440, United States']"
https://openalex.org/W4362679499,https://openalex.org/W2792882789,2D Ruddlesden–Popper Perovskites Microring Laser Array,Haihua Zhang,https://openalex.org/A5068671266,Beijing National Laboratory for Molecular Sciences,"['Beijing National Laboratory for Molecular Sciences (BNLMS); Institute of chemistry; Chinese Academy of Sciences; Beijing 100190 P. R. China', 'University of Chinese Academy of Sciences; Beijing 100049 P. R. China']"
https://openalex.org/W4362679499,https://openalex.org/W2802625106,A Two‐Dimensional Ruddlesden–Popper Perovskite Nanowire Laser Array based on Ultrafast Light‐Harvesting Quantum Wells,Haihua Zhang,https://openalex.org/A5068671266,Tianjin University,"['Beijing National Laboratory for Molecular Sciences (BNLMS) Institute of chemistry Chinese Academy of Sciences Beijing 100190 P. R. China', 'Tianjin Key Laboratory of Molecular Optoelectronic Sciences Department of Chemistry Tianjin University, and Collaborative Innovation Center of Chemical Science and Engineering (Tianjin) Tianjin 300072 P. R. China', 'University of Chinese Academy of Sciences Beijing 100049 P. R. China']"
https://openalex.org/W4362679499,https://openalex.org/W2806602851,Scaling law for excitons in 2D perovskite quantum wells,Jean-Christophe Blancon,https://openalex.org/A5051551195,Los Alamos National Laboratory,"['LANL - Los Alamos National Laboratory (P.O. Box 1663 Los Alamos, NM 87545 - United States)']"
https://openalex.org/W4362679499,https://openalex.org/W2883072253,Phonon coherences reveal the polaronic character of excitons in two-dimensional lead halide perovskites,Félix Thouin,https://openalex.org/A5008622332,Georgia Institute of Technology,"['School of Physics, Georgia Institute of Technology, Atlanta, GA, USA']"
https://openalex.org/W4362679499,https://openalex.org/W2886653189,Coherent Spin and Quasiparticle Dynamics in Solution‐Processed Layered 2D Lead Halide Perovskites,David Giovanni,https://openalex.org/A5008258395,Nanyang Technological University,"['Division of Physics and Applied Physics, School of Physical and Mathematical Sciences, Nanyang Technological University, 21 Nanyang Link, Singapore, 637371', 'Energy Research Institute @ NTU, ERI@N, Interdisciplinary Graduate School, Nanyang Technological University, 50 Nanyang Avenue, Block S2-B3a-01, Singapore, 639798 Singapore']"
https://openalex.org/W4362679499,https://openalex.org/W3105821053,Two-dimensional hybrid perovskites sustaining strong polariton interactions at room temperature,Antonio Fieramosca,https://openalex.org/A5018460172,Istituto di Nanotecnologia,"['CNR Nanotec, Institute of Nanotechnology, via Monteroni, 73100 Lecce, Italy.', 'Dipartimento di Matematica e Fisica, Università del Salento, via Arnesano, 73100 Lecce, Italy.']"
https://openalex.org/W4362679499,https://openalex.org/W2967069077,Lasing from Mechanically Exfoliated 2D Homologous Ruddlesden–Popper Perovskite Engineered by Inorganic Layer Thickness,Yin Liang,https://openalex.org/A5100672018,Peking University,"['Department of Materials Science and Engineering, College of Engineering, Peking University, Beijing, 100871 China']"
https://openalex.org/W4362679499,https://openalex.org/W3007413009,Efficient Energy Funneling in Quasi‐2D Perovskites: From Light Emission to Lasing,Lei Lei,https://openalex.org/A5101754024,North Carolina State University,"['Department of Materials Science and Engineering, Organic and Carbon Electronics Lab (ORaCEL), North Carolina State University, Raleigh, NC, 27695 USA']"
https://openalex.org/W4362679499,https://openalex.org/W3011450051,Exciton Polarons in Two-Dimensional Hybrid Metal-Halide Perovskites,Ajay Ram Srimath Kandada,https://openalex.org/A5023786923,Center for Nano Science and Technology,"['Center for Nano Science and Technology@PoliMi, Istituto Italiano di Tecnologia, via Giovanni Pascoli 70/3, 20133 Milano, Italy', 'Department of Physics, Wake Forest University, P.O. Box 7507, Winston-Salem, North Carolina 27109, United States']"
https://openalex.org/W4362679499,https://openalex.org/W3011450051,Exciton Polarons in Two-Dimensional Hybrid Metal-Halide Perovskites,Ajay Ram Srimath Kandada,https://openalex.org/A5023786923,Center for Nano Science and Technology,"['Center for Nano Science and Technology@PoliMi, Istituto Italiano di Tecnologia, via Giovanni Pascoli 70/3, 20133 Milano, Italy', 'Department of Physics, Wake Forest University, P.O. Box 7507, Winston-Salem, North Carolina 27109, United States']"
https://openalex.org/W4362679499,https://openalex.org/W3079678319,Stochastic scattering theory for excitation-induced dephasing: Time-dependent nonlinear coherent exciton lineshapes,Ajay Ram Srimath Kandada,https://openalex.org/A5023786923,Wake Forest University,"['Department of Physics and Center for Functional Materials, Wake Forest University 1 , 1834 Wake Forest Road, Winston-Salem, North Carolina 27109, USA']"
https://openalex.org/W4362679499,https://openalex.org/W3082326637,Stable room-temperature continuous-wave lasing in quasi-2D perovskite films,Chuanjiang Qin,https://openalex.org/A5006573816,Changchun Institute of Applied Chemistry,"['State Key Laboratory of Polymer Physics and Chemistry, Changchun Institute of Applied Chemistry, Chinese Academy of Sciences, Changchun, China']"
https://openalex.org/W4362679499,https://openalex.org/W3098092921,All-optical retrieval of the global phase for two-dimensional Fourier-transform spectroscopy,Alan D. Bristow,https://openalex.org/A5065635673,National Institute of Standards and Technology,"['JILA, University of Colorado and National Institute of Standards and Technology, Boulder, Colorado 80309-0440 USA.']"
https://openalex.org/W4362679499,https://openalex.org/W3099554465,Stochastic scattering theory for excitation-induced dephasing: Comparison to the Anderson–Kubo lineshape,Hao Li,https://openalex.org/A5100348592,University of Houston,"['Department of Chemistry, University of Houston 1 , Houston, Texas 77204, USA']"
https://openalex.org/W4362679499,https://openalex.org/W3079678319,Stochastic scattering theory for excitation-induced dephasing: Time-dependent nonlinear coherent exciton lineshapes,Ajay Ram Srimath Kandada,https://openalex.org/A5023786923,Wake Forest University,"['Department of Physics and Center for Functional Materials, Wake Forest University 1 , 1834 Wake Forest Road, Winston-Salem, North Carolina 27109, USA']"
https://openalex.org/W4362679499,https://openalex.org/W3105331775,Dynamic polaronic screening for anomalous exciton spin relaxation in two-dimensional lead halide perovskites,Weijian Tao,https://openalex.org/A5070054625,Zhejiang University,"['State Key Laboratory of Modern Optical Instrumentation, Centre for Chemistry of High-Performance and Novel Materials, Department of Chemistry, Zhejiang University, Hangzhou, Zhejiang 310027, China.']"
https://openalex.org/W4362679499,https://openalex.org/W3105821053,Two-dimensional hybrid perovskites sustaining strong polariton interactions at room temperature,Antonio Fieramosca,https://openalex.org/A5018460172,Istituto di Nanotecnologia,"['CNR Nanotec, Institute of Nanotechnology, via Monteroni, 73100 Lecce, Italy.', 'Dipartimento di Matematica e Fisica, Università del Salento, via Arnesano, 73100 Lecce, Italy.']"
https://openalex.org/W4362679499,https://openalex.org/W3111068550,Solvated Electrons in Solids—Ferroelectric Large Polarons in Lead Halide Perovskites,Feifan Wang,https://openalex.org/A5100628010,Columbia University,"['Department of Chemistry, Columbia University, New York, New York 10027, United States']"
https://openalex.org/W4362679499,https://openalex.org/W3126351236,Tuning the Excitonic Properties of the 2D (PEA)<sub>2</sub>(MA)<sub><i>n</i>−1</sub>Pb<sub><i>n</i></sub>I<sub>3<i>n</i>+1</sub> Perovskite Family via Quantum Confinement,Mateusz Dyksik,https://openalex.org/A5088720107,Université Grenoble Alpes,"['Department of Experimental Physics, Faculty of Fundamental Problems of Technology, Wroclaw University of Science and Technology, 50-370 Wroclaw, Poland', 'Laboratoire National des Champs Magnétiques Intenses, UPR 3228, CNRS-UGA-UPS-INSA, Grenoble and Toulouse, France']"
https://openalex.org/W4362679499,https://openalex.org/W3161310606,Strongly Anharmonic Octahedral Tilting in Two-Dimensional Hybrid Halide Perovskites,Matan Menahem,https://openalex.org/A5030748864,Weizmann Institute of Science,"['Department of Chemical and Biological Physics, Weizmann Institute of Science, Rehovot 76100, Israel']"
https://openalex.org/W4362679499,https://openalex.org/W3196631347,Photophysics of Two-Dimensional Semiconducting Organic–Inorganic Metal-Halide Perovskites,Daniel B. Straus,https://openalex.org/A5023058395,Princeton University,"['Department of Chemistry, Princeton University, Princeton, New Jersey, USA']"
https://openalex.org/W4362679499,https://openalex.org/W3214685981,Brightening of dark excitons in 2D perovskites,Mateusz Dyksik,https://openalex.org/A5088720107,Laboratoire National des Champs Magnétiques Intenses,"['Department of Experimental Physics, Faculty of Fundamental Problems of Technology, Wroclaw University of Science and Technology, Wroclaw, Poland.', 'Laboratoire National des Champs Magnétiques Intenses, EMFL, CNRS UPR 3228, University Grenoble Alpes, University Toulouse, University Toulouse 3, INSA-T, Grenoble and Toulouse, France.']"
https://openalex.org/W4362679499,https://openalex.org/W3215317274,Stereochemical expression of ns2 electron pairs in metal halide perovskites,Yongping Fu,https://openalex.org/A5039783535,Columbia University,"['Department of Chemistry, Columbia University, New York, NY, USA']"
https://openalex.org/W4362679499,https://openalex.org/W4205889880,Regulation of the luminescence mechanism of two-dimensional tin halide perovskites,Tianju Zhang,https://openalex.org/A5032537633,Shanghai Institute of Optics and Fine Mechanics,"['Laboratory of Micro-Nano Optoelectronic Materials and Devices, Shanghai Institute of Optics and Fine Mechanics, Chinese Academy of Sciences, Shanghai, 201800, China']"
https://openalex.org/W4362679499,https://openalex.org/W4207038500,Low-Threshold Blue Quasi-2D Perovskite Laser through Domain Distribution Control,Chenhui Wang,https://openalex.org/A5100369510,Beijing Institute of Technology,"[""MIIT Key Laboratory for Low-Dimensional Quantum Structure and Devices, School of Materials Science & Engineering, Beijing Institute of Technology, Beijing 100081, People's Republic of China""]"
https://openalex.org/W4362679499,https://openalex.org/W4207038500,Low-Threshold Blue Quasi-2D Perovskite Laser through Domain Distribution Control,Chenhui Wang,https://openalex.org/A5100369510,Beijing Institute of Technology,"[""MIIT Key Laboratory for Low-Dimensional Quantum Structure and Devices, School of Materials Science & Engineering, Beijing Institute of Technology, Beijing 100081, People's Republic of China""]"
https://openalex.org/W4362679499,https://openalex.org/W4220977925,Doping of Sn-based two-dimensional perovskite semiconductor for high-performance field-effect transistors and thermoelectric devices,Yu Liu,https://openalex.org/A5100345602,Hunan University,"['Key Laboratory for Micro/Nano Optoelectronic Devices of Ministry of Education & International Science and Technology Innovation Cooperation Base for Advanced Display Technologies of Hunan Province, School of Physics and Electronics, Hunan University, Changsha 410082, China', 'Shenzhen Research Institute of Hunan University, Shenzhen 518063, China']"
https://openalex.org/W4362679499,https://openalex.org/W4226258355,Peculiar anharmonicity of Ruddlesden Popper metalhalides: Temperature-dependent phonon dephasing,Esteban Rojas‐Gatjens,https://openalex.org/A5031695548,Georgia Institute of Technology,"['School of Chemistry and Biochemistry, Georgia Institute of Technology, 901 Atlantic Drive, Atlanta, Georgia 30332, USA']"
https://openalex.org/W4362679499,https://openalex.org/W4226340430,Effect of electronic doping and traps on carrier dynamics in tin halide perovskites,Antonella Treglia,https://openalex.org/A5017060640,Center for Nano Science and Technology,"['Center for Nano Science and Technology @PoliMi, Istituto Italiano di Tecnologia, via G. Pascoli 70/3, 20133, Milano, Italy', 'Physics Department, Politecnico di Milano, Piazza L. da Vinci, 32, 20133 Milano, Italy']"
https://openalex.org/W4362679499,https://openalex.org/W4226340430,Effect of electronic doping and traps on carrier dynamics in tin halide perovskites,Antonella Treglia,https://openalex.org/A5017060640,Center for Nano Science and Technology,"['Center for Nano Science and Technology @PoliMi, Istituto Italiano di Tecnologia, via G. Pascoli 70/3, 20133, Milano, Italy', 'Physics Department, Politecnico di Milano, Piazza L. da Vinci, 32, 20133 Milano, Italy']"
https://openalex.org/W4362679499,https://openalex.org/W4309857342,Lasing in Two-Dimensional Tin Perovskites,Ada Lilí Alvarado‐Leaños,https://openalex.org/A5062508041,Center for Nano Science and Technology,"['Istituto Italiano de Tecnologia, Centre for Nano Science and Technology (CNST@PoliMi), Milan20133, Italy', 'Physics Department, Politecnico di Milano, Piazza Leonardo da Vinci 32, Milan20133, Italy']"
https://openalex.org/W4362679499,https://openalex.org/W4321187026,Emergence of Rashba-/Dresselhaus effects in Ruddlesden–Popper halide perovskites with octahedral rotations,Sonja Krach,https://openalex.org/A5017987921,University of Bayreuth,"['Institute of Physics, University of Bayreuth, 95440 Bayreuth, Germany']"
https://openalex.org/W4362679499,https://openalex.org/W4323528222,Plurality of excitons in Ruddlesden–Popper metal halides and the role of the B-site metal cation,Giulia Folpini,https://openalex.org/A5071209158,Center for Nano Science and Technology,"['CNST@Polimi, Istituto Italiano di Tecnologia, Via Pascoli 70/3, Milano, Italy']"
https://openalex.org/W4362679499,https://openalex.org/W4380871496,Exciton Dephasing by Phonon-Induced Scattering between Bright Exciton States in InP/ZnSe Colloidal Quantum Dots,Vigneshwaran Chandrasekaran,https://openalex.org/A5053241291,Ghent University,"['Center for Nano and Biophotonics, Ghent University, 9000 Gent, Belgium', 'Physics and Chemistry of Nanostructures, Ghent University, 9000 Gent, Belgium']"
https://openalex.org/W4285392193,https://openalex.org/W1974802781,Two-Dimensional Line Shapes Derived from Coherent Third-Order Nonlinear Spectroscopy,Andrei Tokmakoff,https://openalex.org/A5021659494,Massachusetts Institute of Technology,"['Department of Chemistry, Massachusetts Institute of Technology, Cambridge, Massachusetts 02139']"
https://openalex.org/W4285392193,https://openalex.org/W1989868128,Quantenmechanik der Sto�vorg�nge,Max Born,https://openalex.org/A5104357209,error,['Göttingen']
https://openalex.org/W4285392193,https://openalex.org/W2000705786,Some generalizations of the Marcinkiewicz theorem and its implications to certain approximation schemes in many-particle physics,A. K. Rajagopal,https://openalex.org/A5042431022,Indian Institute of Science Bangalore,"['Indian Institute of Science Bangalore', 'Louisiana State University']"
https://openalex.org/W4285392193,https://openalex.org/W2007556342,A Mathematical Model for the Narrowing of Spectral Lines by Exchange or Motion,P. W. Anderson,https://openalex.org/A5061367232,error,"['Bell Telephone Laboratories, Inc. Fulbright Lecturer, Tokyo University']"
https://openalex.org/W4285392193,https://openalex.org/W2017805558,Coherent Two-Dimensional Optical Spectroscopy,Minhaeng Cho,https://openalex.org/A5027685378,Korea Basic Science Institute,"['Department of Chemistry and Center for Multidimensional Spectroscopy, Korea University, Seoul 136-701, Korea, and Multidimensional Spectroscopy Laboratory, Korea Basic Science Institute, Seoul 136-713, Korea']"
https://openalex.org/W4285392193,https://openalex.org/W2036264937,Pure dephasing of a two-level system,J. L. Skinner,https://openalex.org/A5102762016,error,[]
https://openalex.org/W4285392193,https://openalex.org/W2606949807,Many-Body Interactions in Semiconductors Probed by Optical Two-Dimensional Fourier Transform Spectroscopy,Xiaoqin Li,https://openalex.org/A5100707516,National Institute of Standards and Technology,"['JILA, University of Colorado and National Institute of Standards and Technology, Boulder, Colorado 80309-0440, USA']"
https://openalex.org/W4285392193,https://openalex.org/W2046561747,On the nonperturbative theory of pure dephasing in condensed phases at low temperatures,David R. Reichman,https://openalex.org/A5014624803,Massachusetts Institute of Technology,"['Department of Chemistry, Massachusetts Institute of Technology, Cambridge, Massachusetts 02139']"
https://openalex.org/W4285392193,https://openalex.org/W2048305092,Sur les fonctions convexes et les inégalités entre les valeurs moyennes,J. L. W. V. Jensen,https://openalex.org/A5012280966,error,['Copenhague']
https://openalex.org/W4285392193,https://openalex.org/W2066245794,Note on the Stochastic Theory of Resonance Absorption,Ryogo Kubo,https://openalex.org/A5014821132,The University of Tokyo,"['Department of Physics, University of Tokyo']"
https://openalex.org/W4285392193,https://openalex.org/W2070008310,Escape through a bottleneck undergoing non-Markovian fluctuations,Paolo Calistri,https://openalex.org/A5106079127,National Institute of Diabetes and Digestive and Kidney Diseases,"['Laboratory of Chemical Physics, National Institute of Diabetes and Digestive and Kidney Diseases, National Institutes of Health, Bldg 5, Rm 136, Bethesda, Maryland\u200920892']"
https://openalex.org/W4285392193,https://openalex.org/W2085416858,Resonance lineshapes in two-dimensional Fourier transform spectroscopy,Mark E. Siemens,https://openalex.org/A5067287328,National Institute of Standards and Technology,"['JILA, University of Colorado and National Institute of Standards and Technology, Boulder, Colorado\u200980309-0440 USA']"
https://openalex.org/W4285392193,https://openalex.org/W2159312847,Experimental Implementations of Two-Dimensional Fourier Transform Electronic Spectroscopy,Franklin D. Fuller,https://openalex.org/A5090922242,University of Michigan–Ann Arbor,"['Department of Physics, University of Michigan, Ann Arbor, Michigan 48109;']"
https://openalex.org/W4285392193,https://openalex.org/W2313640492,Separating Homogeneous and Inhomogeneous Line Widths of Heavy- and Light-Hole Excitons in Weakly Disordered Semiconductor Quantum Wells,Alan D. Bristow,https://openalex.org/A5065635673,National Institute of Standards and Technology,"['JILA, University of Colorado and National Institute of Standards and Technology, Boulder, Colorado 80309-0440, United States']"
https://openalex.org/W4285392193,https://openalex.org/W2914417118,Sur une propri�t� de la loi de Gau�,Józef Marcinkiewicz,https://openalex.org/A5036136665,error,['Wilno']
https://openalex.org/W4285392193,https://openalex.org/W2914417118,Sur une propri�t� de la loi de Gau�,Józef Marcinkiewicz,https://openalex.org/A5036136665,error,['Wilno']
https://openalex.org/W4285392193,https://openalex.org/W3037487601,Exciton-Scattering-Induced Dephasing in Two-Dimensional Semiconductors,Florian Katsch,https://openalex.org/A5008274815,Technische Universität Berlin,"['Institut für Theoretische Physik, Nichtlineare Optik und Quantenelektronik, Technische Universität Berlin, 10623 Berlin, Germany']"
https://openalex.org/W4285392193,https://openalex.org/W3099554465,Stochastic scattering theory for excitation-induced dephasing: Comparison to the Anderson–Kubo lineshape,Hao Li,https://openalex.org/A5100348592,University of Houston,"['Department of Chemistry, University of Houston 1 , Houston, Texas 77204, USA']"
https://openalex.org/W4285392193,https://openalex.org/W3079678319,Stochastic scattering theory for excitation-induced dephasing: Time-dependent nonlinear coherent exciton lineshapes,Ajay Ram Srimath Kandada,https://openalex.org/A5023786923,Wake Forest University,"['Department of Physics and Center for Functional Materials, Wake Forest University 1 , 1834 Wake Forest Road, Winston-Salem, North Carolina 27109, USA']"
https://openalex.org/W4285392193,https://openalex.org/W3122827463,Exciton-exciton interaction in transition metal dichalcogenide monolayers and van der Waals heterostructures,Daniel Erkensten,https://openalex.org/A5086836487,Chalmers University of Technology,"['Department of Physics, Chalmers University of Technology, 412 96 Gothenburg, Sweden']"
https://openalex.org/W4285392193,https://openalex.org/W4221051594,Homogeneous Optical Line Widths in Hybrid Ruddlesden–Popper Metal Halides Can <i>Only</i> Be Measured Using Nonlinear Spectroscopy,Ajay Ram Srimath Kandada,https://openalex.org/A5023786923,Wake Forest University,"['Department of Physics and Center for Functional Materials, Wake Forest University, 1834 Wake Forest Road, Winston-Salem, North Carolina 27109, United States']"
https://openalex.org/W2804415186,https://openalex.org/W1971791843,Entangled Photon-Pair Two-Dimensional Fluorescence Spectroscopy (EPP-2DFS),Michael G. Raymer,https://openalex.org/A5086999377,University of Oregon,"['Oregon\rCenter for Optics and Department of Physics, University of Oregon, Eugene, Oregon 97403, United States']"
https://openalex.org/W2804415186,https://openalex.org/W1977806205,Photodetection and causality in quantum optics,Peter W. Milonni,https://openalex.org/A5072688436,Los Alamos National Laboratory,"['Theoretical Division, T-4, Los Alamos National Laboratory, Los Alamos, New Mexico 87545']"
https://openalex.org/W2804415186,https://openalex.org/W1995881635,Induced coherence and indistinguishability in optical interference,X. Y. Zou,https://openalex.org/A5036877828,University of Rochester,"['Department of Physics and Astronomy University of Rochester Rochester, New York 14627']"
https://openalex.org/W2804415186,https://openalex.org/W2030234138,Squeezing of intracavity and traveling-wave light fields produced in parametric amplification,M. J. Collett,https://openalex.org/A5009084915,University of Waikato,"['Physics Department, University of Waikato, Hamilton, New Zealand']"
https://openalex.org/W2804415186,https://openalex.org/W2034226258,A multimode quantum theory of a degenerate parametric amplifier in a cavity,C. W. Gardiner,https://openalex.org/A5079755520,University of Waikato,"['Physics Department, University of Waikato, Hamilton, New Zealand.']"
https://openalex.org/W2804415186,https://openalex.org/W3104874256,Dealing with entanglement of continuous variables: Schmidt decomposition with discrete sets of orthogonal functions,Lucas Lamata,https://openalex.org/A5088481632,Instituto de Física Fundamental,"['Instituto de Matemáticas y Física Fundamental, CSIC, Serrano 113-bis, 28006 Madrid, Spain']"
https://openalex.org/W2804415186,https://openalex.org/W2044868702,Input and output in damped quantum systems: Quantum stochastic differential equations and the master equation,C. W. Gardiner,https://openalex.org/A5079755520,University of Waikato,"['Physics Department, University of Waikato, Hamilton, New Zealand']"
https://openalex.org/W2804415186,https://openalex.org/W2050477170,Entangled-Photon Virtual-State Spectroscopy,Bahaa E. A. Saleh,https://openalex.org/A5074138699,Boston University,"['Quantum Imaging Laboratory, Department of Electrical and Computer Engineering, Boston University, Boston, Massachusetts 02215']"
https://openalex.org/W2804415186,https://openalex.org/W2057181621,Manipulation of two-photon-induced fluorescence spectra of chromophore aggregates with entangled photons: A simulation study,Frank Schlawin,https://openalex.org/A5030313547,"University of California, Irvine","['Department of chemistry, University of California, Irvine, California, 92697-2025 USA']"
https://openalex.org/W2804415186,https://openalex.org/W2067474078,Suppression of population transport and control of exciton distributions by entangled photons,Frank Schlawin,https://openalex.org/A5030313547,"University of California, Irvine","['Department of Chemistry, University of California, Irvine, California 92697-2025, USA.']"
https://openalex.org/W2804415186,https://openalex.org/W2069850083,Spatial Control of Entangled Two-Photon Absorption with Organic Chromophores,Alica R. Guzman,https://openalex.org/A5084451334,University of Oregon,"['Department of Chemistry, Macromolecular Science and Engineering, and Applied Physics Program, University of Michigan, Ann Arbor, Michigan 48109, and Department of Chemistry and the Materials Science Institute, University of Oregon, Eugene, Oregon 97403']"
https://openalex.org/W2804415186,https://openalex.org/W2074168384,Spectroscopy by frequency-entangled photon pairs,Atsushi Yabushita,https://openalex.org/A5032625347,Tokyo University of Science,"['Core Research for Evolutional Science and Technology (CREST), Japan Science and Technology Corporation (JST) and Department of Physics, Graduate School of Science, University of Tokyo,7-3-1 Hongo, Bunkyo, Tokyo, 113-0033, Japan']"
https://openalex.org/W2804415186,https://openalex.org/W2078433831,Entangled Photon Absorption in an Organic Porphyrin Dendrimer,Dong-Ik Lee,https://openalex.org/A5103375146,University of Michigan–Ann Arbor,"['Department of Chemistry and Applied Physics, University of Michigan, Ann Arbor, Michigan 48109']"
https://openalex.org/W2804415186,https://openalex.org/W2088351880,Quantum Theory of Radiation,Enrico Fermi,https://openalex.org/A5053459131,Sapienza University of Rome,[' Univ. of Rome (Italy)']
https://openalex.org/W2804415186,https://openalex.org/W2095965649,Optically Excited Entangled States in Organic Molecules Illuminate the Dark,Leslie Upton,https://openalex.org/A5062665104,University of Michigan–Ann Arbor,['(University of Michigan)']
https://openalex.org/W2804415186,https://openalex.org/W2098001511,Nonlinear spectroscopy with entangled photons: Manipulating quantum pathways of matter,Oleksiy Roslyak,https://openalex.org/A5060016320,"University of California, Irvine","['Chemistry Department, University of California, Irvine, California 92697-2025, USA.']"
https://openalex.org/W2804415186,https://openalex.org/W2406980188,Nonlinear optical signals and spectroscopy with quantum light,Konstantin E. Dorfman,https://openalex.org/A5064267160,"University of California, Irvine","['Department of Chemistry and Department of Physics and Astronomy, University of California, Irvine, California 92697, USA']"
https://openalex.org/W2804415186,https://openalex.org/W2562962177,Entangled Photon Excited Fluorescence in Organic Materials: An Ultrafast Coincidence Detector,Oleg Varnavski,https://openalex.org/A5071997184,University of Michigan–Ann Arbor,"['Department of\rChemistry, Department of Applied\rPhysics, Department of Macromolecular\rScience and Engineering, University of Michigan, Ann Arbor, Michigan 48109, United States']"
https://openalex.org/W2804415186,https://openalex.org/W2571225755,Entangled Two Photon Absorption Cross Section on the 808 nm Region for the Common Dyes Zinc Tetraphenylporphyrin and Rhodamine B,Juan P. Villabona-Monsalve,https://openalex.org/A5030076833,Universidad de Los Andes,"['Laboratorio de Óptica\rCuántica, Universidad de los Andes, A.A. 4976, Bogotá, D.C., Colombia']"
https://openalex.org/W2804415186,https://openalex.org/W2606323733,Photonic Hat Trick,Robert Sewell,https://openalex.org/A5076900355,Institute of Photonic Sciences,"['The Institute of Photonic Sciences, Av. Carl Friedrich Gauss, 3, 08860 Castelldefels (Barcelona), Spain']"
https://openalex.org/W2804415186,https://openalex.org/W2753043817,Quantum interference in the presence of a resonant medium,Dmitry Kalashnikov,https://openalex.org/A5052190303,"Agency for Science, Technology and Research","['Data Storage Institute, Agency for Science, Technology and Research (A*STAR), 138634, Singapore, Singapore']"
https://openalex.org/W2804415186,https://openalex.org/W3037853801,Quantum computers,Thaddeus D. Ladd,https://openalex.org/A5018885489,Stanford University,"['Edward L. Ginzton Laboratory, Stanford University, Stanford, California 94305-4088, USA']"
https://openalex.org/W2804415186,https://openalex.org/W3038067977,Quantum cryptography,Nicolas Gisin,https://openalex.org/A5032785303,University of Geneva,"['Group of Applied Physics, University of Geneva, 1211 Geneva 4, Switzerland']"
https://openalex.org/W2804415186,https://openalex.org/W3102896235,Quantum Spectroscopy of Plasmonic Nanostructures,Dmitry Kalashnikov,https://openalex.org/A5052190303,Data Storage Institute,"['Data Storage Institute, Agency for Science Technology and Research (A-STAR), 5 Engineering Drive I, 117608, Singapore']"
https://openalex.org/W2804415186,https://openalex.org/W3104007309,Joint spectral characterization of photon-pair sources,Kevin Zielnicki,https://openalex.org/A5085311119,University of Illinois Urbana-Champaign,"['Department of Physics, University of Illinois at Urbana-Champaign, Urbana, IL, USA.']"
https://openalex.org/W2804415186,https://openalex.org/W3104328971,Probing dynamical symmetry breaking using quantum-entangled photons,Hao Li,https://openalex.org/A5100348592,University of Houston,"['Department of Chemistry, University of Houston, Houston, TX 77204, United States of America']"
https://openalex.org/W2804415186,https://openalex.org/W4235475088,Quantum imaging with undetected photons,Gabriela Barreto Lemos,https://openalex.org/A5036069368,Vienna Center for Quantum Science and Technology,"['Institute for Quantum Optics and Quantum Information, Austrian Academy of Sciences, Boltzmanngasse 3, Vienna A-1090, Austria,', 'Vienna Center for Quantum Science and Technology (VCQ), Faculty of Physics, University of Vienna, A-1090 Vienna, Austria,']"
https://openalex.org/W2804415186,https://openalex.org/W4251637800,Advances in Chemical Physics,error,error,error,error
https://openalex.org/W3216888314,https://openalex.org/W109328212,Towards dynamic multi-domain dialogue processing,Botond Pakucs,https://openalex.org/A5085424843,KTH Royal Institute of Technology,['Royal Inst. of Technology']
https://openalex.org/W3216888314,https://openalex.org/W15025968,A new generation of spoken dialogue systems: results and lessons from the sundial project,Jeremy Peckham,https://openalex.org/A5034272345,error,[]
https://openalex.org/W3216888314,https://openalex.org/W1582147469,Ravenclaw: dialog management using hierarchical task decomposition and an expectation agenda,Dan Bohus,https://openalex.org/A5030213540,Carnegie Mellon University,['Carnegie Mellon University']
https://openalex.org/W3216888314,https://openalex.org/W1992715694,Quantitative Prediction of Cold Rolling Textures in Low-Carbon Steel by Means of the Lamel Model,P. Van Houtte,https://openalex.org/A5043934647,KU Leuven,"['Department MTM, Katholieke Universiteit Leuven, de Croylaan 2, Leuven B-3001, Belgium', 'Department of Metallurgical Engineering & Materials Science, Indian Institute of Technology, Bombay, India']"
https://openalex.org/W3216888314,https://openalex.org/W2081445117,Evaluation and usability of multimodal spoken language dialogue systems,Laila Dybkjær,https://openalex.org/A5062321921,error,"['Natural Interactive Systems Laboratory, Science Park 10, 5230 Odense M, Denmark']"
https://openalex.org/W3216888314,https://openalex.org/W2096145771,Quantitative and qualitative evaluation of Darpa Communicator spoken dialogue systems,Marilyn Walker,https://openalex.org/A5102868325,AT&T (United States),"['AT&T Labs -- Research, Florham Park, NJ']"
https://openalex.org/W3216888314,https://openalex.org/W2101308260,Information state and dialogue management in the TRINDI dialogue move engine toolkit,Staffan Larsson,https://openalex.org/A5043002211,University of Gothenburg,"['Department of Linguistics, Göteborg University, Box 200, SE-405 30 Göteborg, Sweden', 'e-mail:']"
https://openalex.org/W3216888314,https://openalex.org/W2114875951,Multi-domain spoken dialogue system with extensibility and robustness against speech recognition errors,Kazunori Komatani,https://openalex.org/A5049614400,Kyoto University,['Kyoto University Sakyo Kyoto Japan']
https://openalex.org/W3216888314,https://openalex.org/W2130607791,JUPlTER: a telephone-based conversational interface for weather information,Victor W. Zue,https://openalex.org/A5075350599,Massachusetts Institute of Technology,"['Spoken Language Systems Group, Laboratory for Computer Science, Massachusetts Institute of Technology, Cambridge, MA, USA']"
https://openalex.org/W3216888314,https://openalex.org/W2438300513,Multi-tasking and collaborative activities in dialogue systems,Oliver Lemon,https://openalex.org/A5010949145,Stanford University,"['Stanford University, CA']"
https://openalex.org/W3216888314,https://openalex.org/W2495568401,Handbook of Research on ICTs for Human-Centered Healthcare and Social Care Services,error,error,error,error
https://openalex.org/W3216888314,https://openalex.org/W4246309165,COLLAGEN: A Collaboration Manager for Software Interface Agents,Charles Rich,https://openalex.org/A5001238648,error,[]
https://openalex.org/W2932270079,https://openalex.org/W1621409395,Facebook user's like behavior can reveal personality,Seyed Morteza Ghavami,https://openalex.org/A5078584274,University of Tehran,"['School of Electrical and Computer Engineering University of Tehran, Iran#TAB#']"
https://openalex.org/W2932270079,https://openalex.org/W1967011128,Cyber Bullying Detection Using Social and Textual Analysis,Qianjia Huang,https://openalex.org/A5091578539,University of Winnipeg,"['University Of Winnipeg, Winnipeg, MAN, Canada']"
https://openalex.org/W2932270079,https://openalex.org/W2216854803,Analyzing Labeled Cyberbullying Incidents on the Instagram Social Network,Homa Hosseinmardi,https://openalex.org/A5011168888,University of Colorado Boulder,"['Computer Science Department, University of Colorado Boulder, Boulder, CO, USA']"
https://openalex.org/W2932270079,https://openalex.org/W2239235765,Theoretical Explanations for Bullying in School: How Ecological Processes Propagate Perpetration and Victimization,Caroline B. R. Evans,https://openalex.org/A5068886359,University of North Carolina at Chapel Hill,"['School of Social Work, University of North Carolina at Chapel Hill, 325 Pittsboro Street, CB# 3550, Chapel Hill, NC, 27599-3550, USA']"
https://openalex.org/W2932270079,https://openalex.org/W2259779547,Automatic detection of cyberbullying on social networks based on bullying features,Rui Zhao,https://openalex.org/A5101987526,Nanyang Technological University,"['Nanyang Technological University, Singapore']"
https://openalex.org/W2932270079,https://openalex.org/W2576145687,Online social networks as sensors in smart environments,Ricardo Barbosa,https://openalex.org/A5070546057,error,"['IPP School of Technology and Management of Felgueiras -Polytechnic of Porto Felgueiras, Portugal']"
https://openalex.org/W2932270079,https://openalex.org/W2594902547,Mean Birds,Despoina Chatzakou,https://openalex.org/A5021717225,Aristotle University of Thessaloniki,"['Aristotle University of Thessaloniki, Thessaloniki, Greece']"
https://openalex.org/W2932270079,https://openalex.org/W2899509199,"See No Evil, Hear No Evil",Devin Soni,https://openalex.org/A5081354482,"Rutgers, The State University of New Jersey","['Rutgers University, New Brunswick, NJ, USA']"
https://openalex.org/W4224215189,https://openalex.org/W1688719374,Dynamics of a one-dimensional Holstein polaron with the Davydov ansätze,Jin Sun,https://openalex.org/A5073536470,Nanyang Technological University,"['School of Materials Science and Engineering, Nanyang Technological University Singapore, 639798 (Singapore)']"
https://openalex.org/W4224215189,https://openalex.org/W1965777749,Effect of interchain coupling on a biexciton in organic polymers,Kun Gao,https://openalex.org/A5038210442,Shandong University,"['School of Physics, Shandong University, Jinan 250100, China', 'State Key Laboratory of Crystal Materials, Shandong University, Jinan 250100, China']"
https://openalex.org/W4224215189,https://openalex.org/W1971536574,Efficient exciton dissociation via two-step photoexcitation in polymeric semiconductors,Carlos Silva,https://openalex.org/A5100417531,University of Cambridge,"['Cavendish Laboratory, University of Cambridge, Madingley Road, Cambridge CB3 0HE, United Kingdom']"
https://openalex.org/W4224215189,https://openalex.org/W1972731647,Tunable exciton interactions in optical lattices with polar molecules,Ping Xiang,https://openalex.org/A5053923667,University of British Columbia,"['Department of Chemistry, University of British Columbia, Vancouver, Canada V6T 1Z1']"
https://openalex.org/W4224215189,https://openalex.org/W1975192734,A new approach to the molecular biexciton theory,G. B. Vektaris,https://openalex.org/A5042814033,Vilnius University,"['Institute of Theoretical Physics and Astronomy, A. Goštauto 12, 2600 Vilnius, Lithuania']"
https://openalex.org/W4224215189,https://openalex.org/W1978559032,Davydov's soliton,Alwyn Scott,https://openalex.org/A5038810954,Technical University of Denmark,"['Department of Mathematics, University of Arizona, Tucson, AZ 85721, USA', 'Laboratory of Applied Mathematical Physics, Technical University of Denmark, DK-2800 Lyngby, Denmark']"
https://openalex.org/W4224215189,https://openalex.org/W1981619366,Evidence for exciton-exciton binding in a molecular aggregate,Aparna Chakrabarti,https://openalex.org/A5071394477,University of Arizona,"['Department of Physics, University of Arizona, Tucson, Arizona 85721.']"
https://openalex.org/W4224215189,https://openalex.org/W1983887773,"Exciton dissociation mechanisms in the polymeric semiconductors poly(9,9-dioctylfluorene) and poly(9,9-dioctylfluorene-co-benzothiadiazole)",Mark Stevens,https://openalex.org/A5033601413,University of Cambridge,"['Cavendish Laboratory, University of Cambridge Madingley Road, Cambridge CB3 0HE (United Kingdom)']"
https://openalex.org/W4224215189,https://openalex.org/W1989355537,Liquid-crystalline semiconducting polymers with high charge-carrier mobility,Iain McCulloch,https://openalex.org/A5034296749,Merck (United Kingdom),"['Merck Chemicals, Chilworth Science Park, Southampton, S016 7QD, UK']"
https://openalex.org/W4224215189,https://openalex.org/W2005274029,Mixed quantum classical simulations of excitons in peptide helices,Anne Goj,https://openalex.org/A5018028564,University of Houston,"['University of Houston Department of Chemistry, , Houston, Texas 77204-5003, USA']"
https://openalex.org/W4224215189,https://openalex.org/W2012833647,Exciton-to-biexciton transition in quasi-one-dimensional organics,S. Mazumdar,https://openalex.org/A5047309480,Optical Sciences (United States),"['Department of Physics, and The Optical Sciences Center, University of Arizona, Tucson, Arizona 85721']"
https://openalex.org/W4224215189,https://openalex.org/W2020039974,Stable Biexcitons in Conjugated Polymers,Fan Guo,https://openalex.org/A5100729588,University of Arizona,"['Department of Physics, University of Arizona, Tucson, Arizona 85721']"
https://openalex.org/W4224215189,https://openalex.org/W2021384384,Quantum-mechanical derivation of the equations of motion for Davydov solitons,William C. Kerr,https://openalex.org/A5022409868,Wake Forest University,"['Department of Physics, Wake Forest University, Winston—Salem, North Carolina 27109']"
https://openalex.org/W4224215189,https://openalex.org/W2023957325,On the Transformation of light into Heat in Solids. I,J. Frenkel,https://openalex.org/A5018844921,University of Minnesota,"['Department of Physics, University of Minnesota']"
https://openalex.org/W4224215189,https://openalex.org/W2029452299,Theory of biexcitons in one-dimensional polymers,Frank B. Gallagher,https://openalex.org/A5027735971,Temple University,"['Department of Chemistry, Temple University, Philadelphia, Pennsylvania 19122']"
https://openalex.org/W4224215189,https://openalex.org/W2037176665,Solitons and energy transfer along protein molecules,A. S. Davydov,https://openalex.org/A5059595265,error,"['The Institute of Theoretical Physics, Academy of Sciences of the Ukrainian S.S.R., Kiev, U.S.S.R.']"
https://openalex.org/W4224215189,https://openalex.org/W2052410821,"Direct Observation of Self-Trapped Vibrational States in<mml:math xmlns:mml=""http://www.w3.org/1998/Math/MathML"" display=""inline""><mml:mi>α</mml:mi></mml:math>-Helices",Jakob Edler,https://openalex.org/A5056897354,University of Zurich,['Universität Zürich [Zürich] = University of Zurich']
https://openalex.org/W4224215189,https://openalex.org/W2052477989,Biexciton states and two-photon absorption in molecular monolayers,Francis C. Spano,https://openalex.org/A5061538255,Temple University,"['Department of Chemistry, Temple University, Philadelphia, Pennsylvania 19122']"
https://openalex.org/W4224215189,https://openalex.org/W2055128322,The theory of contraction of proteins under their excitation,A. S. Davydov,https://openalex.org/A5059595265,error,"['The Institute of Theoretical Physics, Academy of Sciences of the Ukrainian S.S.R., Kiev, U.S.S.R.']"
https://openalex.org/W4224215189,https://openalex.org/W2064502374,Kinematic Frenkel biexcitons,V.M. Agranovich,https://openalex.org/A5036174940,Russian Academy of Sciences,"['Institute of Spectroscopy, Russian Academy of Sciences, 142092  Troitsk, Moscow Region, Russia']"
https://openalex.org/W4224215189,https://openalex.org/W2084902551,Biexcitons in π-conjugated oligomers: Intensity-dependent femtosecond transient-absorption study,Victor I. Klimov,https://openalex.org/A5075570325,Los Alamos National Laboratory,"['Chemical Science and Technology Division, CST-6, Mail Stop J585, Los Alamos National Laboratory, Los Alamos, New Mexico 87545']"
https://openalex.org/W4224215189,https://openalex.org/W2131693811,Exciton and polaron dynamics in a step-ladder polymeric semiconductor: the influence of interchain order,Carlos Silva,https://openalex.org/A5100417531,University of Cambridge,"['Cavendish Laboratory, University of Cambridge   Madingley Road, Cambridge CB3 0HE, UK']"
https://openalex.org/W4224215189,https://openalex.org/W2150852355,Lessons from nature about solar light harvesting,Gregory D. Scholes,https://openalex.org/A5029838157,University of Toronto,"['Department of Chemistry, University of Toronto, Toronto, Canada']"
https://openalex.org/W4224215189,https://openalex.org/W2900619139,"On the quantum dynamics of Davydov solitons in protein<mml:math xmlns:mml=""http://www.w3.org/1998/Math/MathML"" display=""inline"" overflow=""scroll"" id=""d1e582"" altimg=""si19.gif""><mml:mi>α</mml:mi></mml:math>-helices",Danko Georgiev,https://openalex.org/A5051014889,Centre for Advanced Study,"['Institute for Advanced Study, Varna, Bulgaria']"
https://openalex.org/W4224215189,https://openalex.org/W2939149001,Quantum tunneling of Davydov solitons through massive barriers,Danko Georgiev,https://openalex.org/A5051014889,Centre for Advanced Study,"['Institute for Advanced Study, Varna, Bulgaria']"
https://openalex.org/W4224215189,https://openalex.org/W3121024155,Mechanistic understanding of entanglement and heralding in cascade emitters,K. Nasiri Avanaki,https://openalex.org/A5028113108,Northwestern University,"['Department of Chemistry, Northwestern University , 2145 Sheridan Road, Evanston, Illinois 60208-3113, USA']"
https://openalex.org/W4224215189,https://openalex.org/W4205587181,Frenkel biexcitons in hybrid HJ photophysical aggregates,Elizabeth Gutiérrez‐Meza,https://openalex.org/A5084644271,Georgia Institute of Technology,"['School of Chemistry and Biochemistry, Georgia Institute of Technology, 901 Atlantic Drive, Atlanta, GA 30332, USA.']"
https://openalex.org/W4281561028,https://openalex.org/W1858465226,Natures of optical absorption transitions and excitation energy dependent photostability of diketopyrrolopyrrole (DPP)-based photovoltaic copolymers,Sebastian Wood,https://openalex.org/A5058492424,Imperial College London,"['Department of Physics and Centre for Plastic Electronics', 'Imperial College London', 'UK']"
https://openalex.org/W4281561028,https://openalex.org/W1923550348,Geometry optimization in density functional methods,J. Ulises Reveles,https://openalex.org/A5053427395,Center for Research and Advanced Studies of the National Polytechnic Institute,"['Departamento de Química, CINVESTAV, Avenida Instituto Politécnico Nacional 2508, A.P. 14-740 México D.F. 07000, México. jreveles@mail.cinvestav.mx']"
https://openalex.org/W4281561028,https://openalex.org/W1967535280,Comprehensive data analysis of femtosecond transient absorption spectra: A review,Cyril Ruckebusch,https://openalex.org/A5083693418,Université Lille Nord de France,"['Université Lille Nord de France, Lille1, LASIR, F-59655 Villeneuve d’Ascq, CNRS-UMR 8516, France']"
https://openalex.org/W4281561028,https://openalex.org/W1969234351,DiketopyrrolopyrroleThiophene‐Based Acceptor–Donor–Acceptor Conjugated Materials for High‐Performance Field‐Effect Transistors,Chih-Wei Lu,https://openalex.org/A5025920015,National Taiwan University,"['Department of Chemical Engineering, National Taiwan University, Taipei 106 (Taiwan), Fax: (+886)\u20092-23635230.']"
https://openalex.org/W4281561028,https://openalex.org/W1970871379,"Kumada Catalyst‐Transfer Polycondensation: Mechanism, Opportunities, and Challenges",Anton Kiriy,https://openalex.org/A5070847112,Leibniz Institute of Polymer Research,"['Leibniz-Institut für Polymerforschung Dresden e.V., Hohe Straße 6, 01069 Dresden, Germany. kiriy@ipfdd.de.']"
https://openalex.org/W4281561028,https://openalex.org/W1979286564,Water‐Soluble Conjugated Polymers for Simultaneous Two‐Photon Cell Imaging and Two‐Photon Photodynamic Therapy,Xiaoqin Shen,https://openalex.org/A5047217451,National University of Singapore,"['Department of Chemistry, National University of Singapore, 3 Science Drive 3, 117543, Singapore']"
https://openalex.org/W4281561028,https://openalex.org/W1997050235,"Red electroluminescence from a 1,4-diketopyrrolo[3,4-c]pyrrole (DPP)-based conjugated polymer",Thomas Beyerlein,https://openalex.org/A5057779220,University of Cologne,"['Institut für Physikalische Chemie der Universität zu Köln, Luxemburgerstraße 116, D-50939 Köln, Germany']"
https://openalex.org/W4281561028,https://openalex.org/W2001864675,"Alternating copolymers of diketopyrrolopyrrole or benzothiadiazole and alkoxy-substituted oligothiophenes: spectroscopic, electrochemical and spectroelectrochemical investigations",Monika Góra,https://openalex.org/A5061804906,University of Warsaw,"['Faculty of Chemistry, University of Warsaw, Pasteura 1 02-093, Warsaw, Poland.']"
https://openalex.org/W4281561028,https://openalex.org/W2018357752,Towards High Performance Organic Photovoltaic Cells: A Review of Recent Development in Organic Photovoltaics,Junsheng Yu,https://openalex.org/A5100417328,University of Electronic Science and Technology of China,"['State Key Laboratory of Electronic Thin Films and Integrated Devices, School of Optoelectronic Information, University of Electronic Science and Technology of China (UESTC), Chengdu 610054, China']"
https://openalex.org/W4281561028,https://openalex.org/W2022815260,Structures and properties of conjugated Donor–Acceptor copolymers for solar cell applications,Zhiguo Zhang,https://openalex.org/A5100363362,Beijing National Laboratory for Molecular Sciences,"['Beijing National Laboratory for Molecular Sciences, CAS Key Laboratory of Organic Solids, Institute of Chemistry, Chinese Academy of Sciences, Beijing, China.']"
https://openalex.org/W4281561028,https://openalex.org/W2023271753,Development of the Colle-Salvetti correlation-energy formula into a functional of the electron density,Chengteh Lee,https://openalex.org/A5049788468,University of North Carolina at Chapel Hill,"['Department of Chemistry, University of North Carolina, Chapel Hill, North Carolina 27514']"
https://openalex.org/W4281561028,https://openalex.org/W2027945917,Synthesis and characterization of novel red‐emitting alternating copolymers based on fluorene and diketopyrrolopyrrole derivatives,Derong Cao,https://openalex.org/A5075092091,South China University of Technology,"['College of Chemistry, South China University of Technology, Guangzhou 510640, China', 'Guangzhou Institute of Chemistry, Chinese Academy of Sciences, Guangzhou 510650, China']"
https://openalex.org/W4281561028,https://openalex.org/W2039035988,"Optimization of Gaussian-type basis sets for local spin density functional calculations. Part I. Boron through neon, optimization technique and validation",Nathalie Godbout,https://openalex.org/A5047862861,error,[]
https://openalex.org/W4281561028,https://openalex.org/W2051778207,Synthesis and characterization of new fluorene-acceptor alternating and random copolymers for light-emitting applications,Wen-Chung Wu,https://openalex.org/A5100865921,National Taiwan University,"['Department of Chemical Engineering, National Taiwan University, No. 1, Sec. 4, Roosevelt Road, Taipei 106, Taiwan, ROC']"
https://openalex.org/W4281561028,https://openalex.org/W2051957677,Synthesis and photovoltaic performance of low band gap copolymers based on diketopyrrolopyrrole and tetrathienoacene with different conjugated bridges,Zhi Zeng,https://openalex.org/A5102865401,Sichuan University,"['Key Laboratory of Green Chemistry & Technology of Ministry of Education, College of Chemistry, Sichuan University, Chengdu 610064, P. R. China']"
https://openalex.org/W4281561028,https://openalex.org/W2074180888,Theoretical design of core modified (oxa and thia) porphyrin based organic dyes with bridging thiophene linkers,Dolly Vijay,https://openalex.org/A5103494688,Central Leather Research Institute,"['CSIR-Network of Institutes for Solar Energy, Chemical Lab, CSIR-Central Leather Research Institute, Adyar, Chennai-600 020, India']"
https://openalex.org/W4281561028,https://openalex.org/W2082719796,On some approximations in applications of <i>X</i>α theory,Brett I. Dunlap,https://openalex.org/A5071363061,National Institute of Standards and Technology,"['National Bureau of Standards, Washington, D.C. 20234', 'National Science Foundation, Division of Materials Research, Washington, D.C. 20550', 'Quantum Theory Project, University of Florida, Gainesville, Florida 32611']"
https://openalex.org/W4281561028,https://openalex.org/W2086997408,"Highly Luminescent 1,4-Diketo-3,6-diphenylpyrrolo[3,4-c]pyrrole- (DPP-) Based Conjugated Polymers Prepared Upon Suzuki Coupling",Yu Zhu,https://openalex.org/A5084064371,University of Cologne,"['Institut für Physikalische Chemie, Universität zu Köln, Luxemburgerstrasse 116, D-50939 Köln, Germany']"
https://openalex.org/W4281561028,https://openalex.org/W2087513315,Effect of Molecular Weight on the Structure and Crystallinity of Poly(3-hexylthiophene),Achmad Zen,https://openalex.org/A5045724179,Fraunhofer Institute for Applied Polymer Research,"['Institute of Physics, University of Potsdam, Am Neuen Palais 10, D-14469 Potsdam, Germany; Institute of Ion Beam Physics and Materials Research, Bautzner Landstrasse 128, D-01328 Dresden, Germany; Fraunhofer Institute for Applied Polymer Research, Geiselberg-Str. 69, D-14476 Golm, Germany; Macromolecular Chemistry, University of Wuppertal, Gauss-Str. 20, D-42097 Wuppertal, Germany; and Max Planck Institute for Polymer Research, Ackermannweg 10, D-55128 Mainz, Germany']"
https://openalex.org/W4281561028,https://openalex.org/W2104699219,"Magical Power of Transition Metals: Past, Present, and Future (Nobel Lecture)",Ei‐ichi Negishi,https://openalex.org/A5049086283,Purdue University West Lafayette,"['Herbert C. Brown Laboratories of Chemistry, Purdue University, 560 Oval Drive,West Lafayette, IN 47907-2084 (USA)']"
https://openalex.org/W4281561028,https://openalex.org/W2111118274,Cross‐Coupling Reactions Of Organoboranes: An Easy Way To Construct CC Bonds (Nobel Lecture),Akira Suzuki,https://openalex.org/A5100637443,Hokkaido University,"['Hokkaido Univ., Sapporo, Hokkaido, Japan']"
https://openalex.org/W4281561028,https://openalex.org/W2123272210,Diketopyrrolopyrrole-bitellurophene containing a conjugated polymer and its high performance thin-film transistor sensor for bromine detection,Matinder Kaur,https://openalex.org/A5050769459,Korea University,"['Department of Chemistry, Research Institute for Natural Sciences, Korea University, 5 Anam-dong, Sungbuk-Gu, 136-701 Seoul, Korea']"
https://openalex.org/W4281561028,https://openalex.org/W2153497035,Two-photon Absorbing Photonic Materials: From Fundamentals to Applications,Kevin D. Belfield,https://openalex.org/A5009246495,University of Central Florida,"['Department of Chemistry and CREOL, College of Optics and Photonics, University of Central Florida, Orlando, USA']"
https://openalex.org/W4281561028,https://openalex.org/W2179949747,Design of medium band gap random terpolymers containing fluorene linked diketopyrrolopyrrole and thiophene co-monomers: an experimental and theoretical study,B. Sambathkumar,https://openalex.org/A5017063497,Central Leather Research Institute,"['CSIR -Central Leather Research Institute, (CSIR)-CLRI, Adyar, Chennai-600020, India', 'CSIR-Network of Institutes for Solar Energy', 'CSIR-Network of Institutes for Solar Energy, India', 'Chennai-600020', 'India']"
https://openalex.org/W4281561028,https://openalex.org/W2274530282,Defect-free Naphthalene Diimide Bithiophene Copolymers with Controlled Molar Mass and High Performance via Direct Arylation Polycondensation,Rukiya Matsidik,https://openalex.org/A5029230830,University of Freiburg,"['Freiburger\rMaterialforschungszentrum, Stefan-Meier-Straße 21, Universität Freiburg, 79104 Freiburg, Germany', 'Makromolekulare\rChemie, Universität Freiburg, Stefan-Meier-Straße 31, 79104 Freiburg, Germany']"
https://openalex.org/W4281561028,https://openalex.org/W2306316002,Diketopyrrolopyrrole Polymers for Organic Solar Cells,Weiwei Li,https://openalex.org/A5100371213,Eindhoven University of Technology,"['Beijing\rNational Laboratory for Molecular Sciences, CAS Key Laboratory of\rOrganic Solids, Institute of Chemistry, Chinese Academy of Sciences, Beijing 100190, P. R. China', 'Molecular\rMaterials and Nanosystems, Eindhoven University of Technology, P.O. Box 513, 5600 MB Eindhoven, The Netherlands']"
https://openalex.org/W4281561028,https://openalex.org/W2321739633,Stille Polycondensation for Synthesis of Functional Materials,Bridget Carsten,https://openalex.org/A5031488190,University of Chicago,"['Department of Chemistry and the James Franck Institute, the University of Chicago, 929 E. 57th Street, Chicago, Illinois 60637, United States']"
https://openalex.org/W4281561028,https://openalex.org/W2333350388,"Thieno[3,2-<i>b</i>]thiophene-Substituted Benzo[1,2-<i>b</i>:4,5-<i>b</i>′]dithiophene as a Promising Building Block for Low Bandgap Semiconducting Polymers for High-Performance Single and Tandem Organic Photovoltaic Cells",Ji‐Hoon Kim,https://openalex.org/A5100377802,Pusan National University,"['Department\rof Chemistry and Chemistry Institute for Functional Materials, Pusan National University, Busan 609-735, Republic of Korea']"
https://openalex.org/W4281561028,https://openalex.org/W2501886121,Time-Dependent Density Functional Response Theory for Molecules,Mark E. Casida,https://openalex.org/A5015877374,Université de Montréal,"['Département de chimie, Université de Montréal, C.P. 6128, Succursale centre-ville, Montréal, Québec H3C 3J7, Canada']"
https://openalex.org/W4281561028,https://openalex.org/W2546961444,Direct (Hetero)arylation Polymerization: Simplicity for Conjugated Polymer Synthesis,J. Pouliot,https://openalex.org/A5024685592,Université Laval,"['Département de Chimie, Université Laval, Quebec City, Quebec G1V 0A6, Canada']"
https://openalex.org/W4281561028,https://openalex.org/W2582235845,Robust Direct (Hetero)arylation Polymerization in Biphasic Conditions,François Grenier,https://openalex.org/A5046196009,Université Laval,"['Département de Chimie, Université Laval, Québec City, Québec G1V 0A6, Canada']"
https://openalex.org/W4281561028,https://openalex.org/W2613992471,Polyfluorene based conjugated polymer nanoparticles for two-photon live cell imaging,Shuang Li,https://openalex.org/A5100415910,South China University of Technology,"['Institute of Polymer Optoelectronic Materials and Devices, State Key Laboratory of Luminescent Materials and Devices, South China University of Technology, Guangzhou, 510640, China']"
https://openalex.org/W4281561028,https://openalex.org/W2625329574,"Evaluating the Effect of Heteroatoms on the Photophysical Properties of Donor–Acceptor Conjugated Polymers Based on 2,6-Di(thiophen-2-yl)benzo[1,2-b:4,5-b′]difuran: Two-Photon Cross-Section and Ultrafast Time-Resolved Spectroscopy",Ricardo Javier Vázquez,https://openalex.org/A5071355024,University of Michigan–Ann Arbor,"['Department\rof Chemistry, University of Michigan, Ann Arbor, Michigan 48109, United States']"
https://openalex.org/W4281561028,https://openalex.org/W2745242318,Electrochromic Behavior of Donor-Acceptor Polymers Containing Diketopyrrolopyrrole Unit,Wei Li,https://openalex.org/A5100318226,Tokyo Institute of Technology,"['Department of Materials Science and Engineering, Tokyo Institute of Technology']"
https://openalex.org/W4281561028,https://openalex.org/W2754429568,New Fluorinated Dithienyldiketopyrrolopyrrole Monomers and Polymers for Organic Electronics,Thomas Bura,https://openalex.org/A5081027261,Université Laval,"['CEA Tech', 'Canada\rResearch Chair on Electroactive and Photoactive Polymers, Department\rof Chemistry, Université Laval, Quebec City, Quebec G1V 0A6, Canada', 'Laval University', 'McGill University']"
https://openalex.org/W4281561028,https://openalex.org/W2767588417,Effects of alkyl side chains positioning and presence of fused aromatic units in the backbone of low‐bandgap diketopyrrolopyrrole copolymers on the optoelectronic properties of organic solar cells,Christos L. Chochos,https://openalex.org/A5056912468,University of Ioannina,"['Advent Technologies SA, Patras Science Park, Stadiou Street, Platani-Rio, Patra, Greece', 'Department of Materials Science Engineering, University of Ioannina, 45110 Greece']"
https://openalex.org/W4281561028,https://openalex.org/W2867810698,Perovskite solar cells based on hole-transporting conjugated polymers by direct arylation polycondensation,Wei Li,https://openalex.org/A5100317981,Tokyo Institute of Technology,"['Department of Materials Science and Engineering, Tokyo Institute of Technology, Tokyo, Japan']"
https://openalex.org/W4281561028,https://openalex.org/W2898482935,"Synthesis and electrochromic properties of electrochromic polymers based on propylenedioxythiophene, diketopyrrolopyrrole and benzodithiophene units",Xiaoli Liu,https://openalex.org/A5100386572,Liaocheng University,"['Shandong Key Laboratory of Chemical Energy Storage and Novel Cell Technology, Liaocheng University, Liaocheng, 252059, PR China']"
https://openalex.org/W4281561028,https://openalex.org/W2902386805,How To Correctly Determine the Band Gap Energy of Modified Semiconductor Photocatalysts Based on UV–Vis Spectra,Patrycja Makuła,https://openalex.org/A5041178857,Jagiellonian University,"['Faculty of Chemistry, Jagiellonian University in Kraków, ul. Gronostajowa 2, 30-387 Kraków, Poland']"
https://openalex.org/W4281561028,https://openalex.org/W2969670714,Donor–Acceptor‐Conjugated Polymer for High‐Performance Organic Field‐Effect Transistors: A Progress Report,Minjun Kim,https://openalex.org/A5100406593,Pohang University of Science and Technology,"['Department of Chemical Engineering, Pohang University of Science and Technology (POSTECH), 77 Cheongam-ro, Nam-gu, Pohang, Gyeongbuk, 37673 South Korea']"
https://openalex.org/W4281561028,https://openalex.org/W2981930302,Polyfluorene copolymer /Al Schottky junction for UV-A photodetector with relatively high stability and photocurrent density,Mohsen Azadinia,https://openalex.org/A5012243195,K.N.Toosi University of Technology,"['Organic Electronic Laboratory, Faculty of Electrical and Computer Engineering, K.N. Toosi University of Technology, Tehran, 1431714191, Iran']"
https://openalex.org/W4281561028,https://openalex.org/W2994115702,Developments of Diketopyrrolopyrrole‐Dye‐Based Organic Semiconductors for a Wide Range of Applications in Electronics,Qian Liu,https://openalex.org/A5100645242,Queensland University of Technology,"['School of Chemistry, Physics and Mechanical Engineering, Queensland University of Technology, Brisbane, QLD, 4000 Australia']"
https://openalex.org/W4281561028,https://openalex.org/W2996232064,Donor–acceptor conjugated polymer-based nanoparticles for highly effective photoacoustic imaging and photothermal therapy in the NIR-II window,Zuwu Wei,https://openalex.org/A5050229599,Mengchao Hepatobiliary Hospital,"['Mengchao Med-X Center, Fuzhou University, Fuzhou 350116, P. R. China', 'P. R. China', 'The United Innovation of Mengchao Hepatobiliary Technology Key Laboratory of Fujian Province, Mengchao Hepatobiliary Hospital of Fujian Medical University, Fuzhou 350025, P. R. China']"
https://openalex.org/W4281561028,https://openalex.org/W3017270220,Design and Synthesis of Air-Stable p-Channel-Conjugated Polymers for High Signal-to-Drift Nitrogen Dioxide and Ammonia Sensing,Tushita Mukhopadhyaya,https://openalex.org/A5008786729,Johns Hopkins University,"['Department of Materials Science and Engineering and Department of Chemistry, Johns Hopkins University, 206 Maryland Hall, 3400 North Charles Street, Baltimore, Maryland 21218, United States']"
https://openalex.org/W4281561028,https://openalex.org/W3042299110,Grafted semiconducting polymer amphiphiles for multimodal optical imaging and combination phototherapy,Chen Xie,https://openalex.org/A5042711716,Nanjing University of Posts and Telecommunications,"['Institute of Advanced Materials (IAM)', 'Jiangsu National Synergetic Innovation Center for Advanced Materials (SICAM)', 'Key Laboratory for Organic Electronics and Information Displays, Institute of Advanced Materials (IAM), Jiangsu National Synergetic Innovation Center for Advanced Materials (SICAM), Nanjing University of Posts & Telecommunications, Nanjing 210023, China', 'Nanjing 210023', 'Nanjing University of Posts & Telecommunications']"
https://openalex.org/W4281561028,https://openalex.org/W3086913504,Diketopyrrolopyrrole (DPP)-Based Materials and Its Applications: A Review,Krzysztof Okon,https://openalex.org/A5101348904,Shaanxi University of Technology,"['National and Local Joint Engineering Laboratory for Slag Comprehensive Utilization and Environmental Technology, School of Materials Science and Engineering, Shaanxi University of Technology, Hanzhong, China']"
https://openalex.org/W4281561028,https://openalex.org/W3088862042,"Synthesis, physicochemical properties and computational study of donor–acceptor polymer for optical limiting application",K.A. Vishnumurthy,https://openalex.org/A5031446448,error,"['Department of Chemistry, RV College of Engineering, Bangalore, India']"
https://openalex.org/W4281561028,https://openalex.org/W3099410845,Direct Arylation Polycondensation of Chlorinated Thiophene Derivatives to High-Mobility Conjugated Polymers,Ying Sui,https://openalex.org/A5029923212,Tianjin University,"['School of Materials Science and Engineering and Tianjin Key Laboratory of Molecular Optoelectronic Science, Tianjin University, Tianjin 300072, China']"
https://openalex.org/W4281561028,https://openalex.org/W3110165283,Organic Thin Films Based on DPP-DTT:C60 Blends Deposited by MAPLE,Marcela Socol,https://openalex.org/A5086485052,National Institute of Materials Physics,"['National Institute of Material Physics, 405A Atomistilor Street, 077125 Magurele, Romania']"
https://openalex.org/W4281561028,https://openalex.org/W3121066898,The design strategies and applications for organic multi-branched two-photon absorption chromophores with novel cores and branches: a recent review,Liang Xu,https://openalex.org/A5101506856,Shantou University,"['Department of Chemistry and Key Laboratory for Preparation and Application of Ordered Structural Materials of Guangdong Province, Shantou University, Guangdong 515063, P. R. China', 'Guangdong 515063', 'P. R. China', 'Shantou University']"
https://openalex.org/W4281561028,https://openalex.org/W3126875764,Trap-dominated nitrogen dioxide and ammonia responses of air-stable p-channel conjugated polymers from detailed bias stress analysis,Tushita Mukhopadhyaya,https://openalex.org/A5008786729,Johns Hopkins University,"['Baltimore', 'Department of Materials Science and Engineering and Department of Chemistry, Johns Hopkins University, 206 Maryland Hall, 3400 North Charles Street, Baltimore, MD 21218, USA', 'Johns Hopkins University', 'USA']"
https://openalex.org/W4281561028,https://openalex.org/W3127235317,π-Conjugated Copolymers Composed of Boron Formazanate and Their Application for a Wavelength Converter to Near-Infrared Light,Yuki Kawano,https://openalex.org/A5002953279,Kyoto Katsura Hospital,"['Department of Polymer Chemistry, Graduate School of Engineering, Kyoto University Katsura, Nishikyo-ku, Kyoto 615-8510, Japan']"
https://openalex.org/W4281561028,https://openalex.org/W4205339990,deMon2k,Gerald Geudtner,https://openalex.org/A5029678718,Center for Research and Advanced Studies of the National Polytechnic Institute,['CINVESTAV - Centro de Investigacion y de Estudios Avanzados del Instituto Politécnico Nacional (Avenida Politécnico Nacional 2508 Mexico-D.F. 07360 - Mexico)']
https://openalex.org/W4281561028,https://openalex.org/W561773699,Polythiophene derivative functionalized with disperse red 1 chromophore: Its third-order nonlinear optical properties through Z-scan technique under continuous and femtosecond irradiation,R.M.A. de la Garza-Rubí,https://openalex.org/A5022013217,Universidad Autónoma del Estado de Morelos,"['Centro de Investigación en Ingeniería y Ciencias Aplicadas (CIICAp), Universidad Autónoma del Estado de Morelos (UAEM), Av. Universidad No. 1001, Col. Chamilpa, C.P. 62209, Cuernavaca, Morelos, Mexico']"
https://openalex.org/W4307920907,https://openalex.org/W1858465226,Natures of optical absorption transitions and excitation energy dependent photostability of diketopyrrolopyrrole (DPP)-based photovoltaic copolymers,Sebastian Wood,https://openalex.org/A5058492424,Imperial College London,"['Department of Physics and Centre for Plastic Electronics', 'Imperial College London', 'UK']"
https://openalex.org/W4307920907,https://openalex.org/W1923550348,Geometry optimization in density functional methods,J. Ulises Reveles,https://openalex.org/A5053427395,Center for Research and Advanced Studies of the National Polytechnic Institute,"['Departamento de Química, CINVESTAV, Avenida Instituto Politécnico Nacional 2508, A.P. 14-740 México D.F. 07000, México. jreveles@mail.cinvestav.mx']"
https://openalex.org/W4307920907,https://openalex.org/W1925365489,Donor–Acceptor Polymers,Kläus Müllen,https://openalex.org/A5072097825,Max Planck Institute for Polymer Research,"['Max Planck Institute for Polymer Research, Germany']"
https://openalex.org/W4307920907,https://openalex.org/W1930734459,Exciton diffusion in organic semiconductors,Oleksandr V. Mikhnenko,https://openalex.org/A5018382437,Institute of Polymers,"['Center for Polymers and Organic Solids and Department of Chemistry and Biochemistry', 'Santa Barbara', 'USA', 'University of California']"
https://openalex.org/W4307920907,https://openalex.org/W1967535280,Comprehensive data analysis of femtosecond transient absorption spectra: A review,Cyril Ruckebusch,https://openalex.org/A5083693418,Université Lille Nord de France,"['Université Lille Nord de France, Lille1, LASIR, F-59655 Villeneuve d’Ascq, CNRS-UMR 8516, France']"
https://openalex.org/W4307920907,https://openalex.org/W1976185423,Effect of two-step annealing on the performance of ternary polymer solar cells based on P3HT:PC71BM:SQ,Hanyu Wang,https://openalex.org/A5050011675,University of Electronic Science and Technology of China,"['State Key Laboratory of Electronic Thin Films and Integrated devices, School of Optoelectronic Information, University of Electronic Science and Technology of China (UESTC), Chengdu 610054, PR China']"
https://openalex.org/W4307920907,https://openalex.org/W1979286564,Water‐Soluble Conjugated Polymers for Simultaneous Two‐Photon Cell Imaging and Two‐Photon Photodynamic Therapy,Xiaoqin Shen,https://openalex.org/A5047217451,National University of Singapore,"['Department of Chemistry, National University of Singapore, 3 Science Drive 3, 117543, Singapore']"
https://openalex.org/W4307920907,https://openalex.org/W1980837912,"Synthesis of low bandgap polymer based on 3,6-dithien-2-yl-2,5-dialkylpyrrolo[3,4-c]pyrrole-1,4-dione for photovoltaic applications",Guobing Zhang,https://openalex.org/A5077534982,Shanghai Jiao Tong University,"['Department of Polymer Science and Engineering, School of Chemistry and Chemical Engineering, Shanghai Jiao Tong University, Shanghai 200240, PR China']"
https://openalex.org/W4307920907,https://openalex.org/W1986353432,Palladium-Catalyzed Benzene Arylation: Incorporation of Catalytic Pivalic Acid as a Proton Shuttle and a Key Element in Catalyst Design,Marc Lafrance,https://openalex.org/A5102310939,University of Ottawa,"['Center for Catalysis Research and Innovation, University of Ottawa, Department of Chemistry, 10 Marie Curie, Ottawa, Ontario, Canada K1N 6N5']"
https://openalex.org/W4307920907,https://openalex.org/W1987702543,Theoretical study on the closed-aperture Z-scan curves in the materials with nonlinear refraction and strong nonlinear absorption,Xiaodong Li,https://openalex.org/A5100369700,Yanshan University,"['Institute of Infrared Optical Fibers and Sensors, Yanshan University, Qinhuangdao 066004, China', 'National Laboratory of Solid State Microstructures, Nanjing University, Nanjing 210093, China']"
https://openalex.org/W4307920907,https://openalex.org/W1989153716,Theoretical study of two-photon absorption properties and up-conversion efficiency of new symmetric organic π-conjugated molecules for photovoltaic devices,Zhong Hu,https://openalex.org/A5079941314,South Dakota State University,['South Dakota State University;']
https://openalex.org/W4307920907,https://openalex.org/W1989295996,Copolymers of diketopyrrolopyrrole and thienothiophene for photovoltaic cells,Johan C. Bijleveld,https://openalex.org/A5028095370,Eindhoven University of Technology,"['Molecular Materials and Nanosystems, Eindhoven University of Technology, PO Box 513, The Netherlands']"
https://openalex.org/W4307920907,https://openalex.org/W2012027621,"Synthesis and Characterization of a New Light-Emitting Fluorene−Thieno[3,2-<i>b</i>]thiophene-Based Conjugated Copolymer",Eunhee Lim,https://openalex.org/A5087391554,Korea Advanced Institute of Science and Technology,"['Center for Advanced Functional Polymers, Department of Chemistry and School of Molecular Science (BK21), Korea Advanced Institute of Science and Technology, Daejeon 305-701, Republic of Korea']"
https://openalex.org/W4307920907,https://openalex.org/W2020586725,"Multiphoton Absorbing Materials: Molecular Designs, Characterizations, and Applications",Guang S. He,https://openalex.org/A5101613538,"University at Buffalo, State University of New York","['Institute for Lasers, Photonics and Biophotonics, State University of New York at Buffalo, New York 14260-3000, and Polymer Branch, Materials & Manufacturing Directorate, Air Force Research Laboratory, Wright-Patterson AFB, Ohio 45433-7750']"
https://openalex.org/W4307920907,https://openalex.org/W2023271753,Development of the Colle-Salvetti correlation-energy formula into a functional of the electron density,Chengteh Lee,https://openalex.org/A5049788468,University of North Carolina at Chapel Hill,"['Department of Chemistry, University of North Carolina, Chapel Hill, North Carolina 27514']"
https://openalex.org/W4307920907,https://openalex.org/W2028735505,"High Performance Weak Donor–Acceptor Polymers in Thin Film Transistors: Effect of the Acceptor on Electronic Properties, Ambipolar Conductivity, Mobility, and Thermal Stability",Jonathan D. Yuen,https://openalex.org/A5061120837,"University of California, Santa Barbara","['Center for Polymers and Organic Solids, University of California, Santa Barbara, California 93106, United States']"
https://openalex.org/W4307920907,https://openalex.org/W2039035988,"Optimization of Gaussian-type basis sets for local spin density functional calculations. Part I. Boron through neon, optimization technique and validation",Nathalie Godbout,https://openalex.org/A5047862861,error,[]
https://openalex.org/W4307920907,https://openalex.org/W2039845547,"Synthesis, characterization, and properties of fully aliphatic polyimides and their derivatives for microelectronics and optoelectronics applications",Anu Stella Mathews,https://openalex.org/A5008328782,Pusan National University,['Pusan National University']
https://openalex.org/W4307920907,https://openalex.org/W2040319524,Diketopyrrolopyrrole (DPP)-based materials for organic photovoltaics,Sanyin Qu,https://openalex.org/A5077365898,East China University of Science and Technology,"['Key Laboratory for Advanced Materials and Institute of Fine Chemicals, East China University of Science and Technology, Shanghai, 200237, P. R. China.']"
https://openalex.org/W4307920907,https://openalex.org/W2051957677,Synthesis and photovoltaic performance of low band gap copolymers based on diketopyrrolopyrrole and tetrathienoacene with different conjugated bridges,Zhi Zeng,https://openalex.org/A5102865401,Sichuan University,"['Key Laboratory of Green Chemistry & Technology of Ministry of Education, College of Chemistry, Sichuan University, Chengdu 610064, P. R. China']"
https://openalex.org/W4307920907,https://openalex.org/W2056818251,Straightforward access to diketopyrrolopyrrole (DPP) dimers,Sara Stas,https://openalex.org/A5039804546,Université Libre de Bruxelles,"['Université Libre de Bruxelles (ULB), Laboratory of Polymer Chemistry, C.P. 206/01, Boulevard du Triomphe, 1050 Bruxelles, Belgium']"
https://openalex.org/W4307920907,https://openalex.org/W2057227258,"Simultaneous Improvement in Short Circuit Current, Open Circuit Voltage, and Fill Factor of Polymer Solar Cells through Ternary Strategy",Qiaoshi An,https://openalex.org/A5048946883,Beijing Jiaotong University,"['Key Laboratory of Luminescence and Optical Information, Ministry of Education, Beijing Jiaotong University , Beijing 100044, China.']"
https://openalex.org/W4307920907,https://openalex.org/W2063740446,The Active Layer Morphology of Organic Solar Cells Probed with Grazing Incidence Scattering Techniques,Peter Müller‐Buschbaum,https://openalex.org/A5072139248,Technical University of Munich,"['Nanosystems Initiative Munich  Schellingstraße 4 80799 München Germany', 'Technische Universität München, Physik‐Department, Lehrstuhl für Funktionelle Materialien  James‐Franck‐Str. 1 85748 Garching Germany']"
https://openalex.org/W4307920907,https://openalex.org/W2074224595,Structure–properties relationships in conjugated molecules based on diketopyrrolopyrrole for organic photovoltaics,Emilie Ripaud,https://openalex.org/A5071551249,Université d'Angers,"['Group Linear Conjugated Systems, CNRS Moltech‐Anjou, University of Angers, 2Bd Lavoisier, 49045 Angers, France']"
https://openalex.org/W4307920907,https://openalex.org/W2074414803,Red Emitting Diphenylpyrrolopyrrole (DPP)‐Based Polymers Prepared by Stille and Heck Coupling,Yu Zhu,https://openalex.org/A5084064371,University of Cologne,"['Institut für Physikalische Chemie der Universität zu Köln, Luxemburger Str.116, D‐50939 Köln, Germany']"
https://openalex.org/W4307920907,https://openalex.org/W2077167401,"New photoluminescent conjugated polymers with 1,4-dioxo-3,6-diphenylpyrrolo[3,4-c]pyrrole (DPP) and 1,4-phenylene units in the main chain",Thomas Beyerlein,https://openalex.org/A5057779220,University of Cologne,"['Institut für Physikalische Chemie der Universität zu Köln, Luxemburger Straße 116, D‐50939 Köln, Germany']"
https://openalex.org/W4307920907,https://openalex.org/W2083472762,Donor acceptor type neutral state green polymer bearing pyrrole as the donor unit,Selin Çelebi,https://openalex.org/A5005883424,Middle East Technical University,"['Department of Chemistry, Middle East Technical University, 06531 Ankara, Turkey']"
https://openalex.org/W4307920907,https://openalex.org/W2092024458,Electrochemical Considerations for Determining Absolute Frontier Orbital Energy Levels of Conjugated Polymers for Solar Cell Applications,Claudia M. Cardona,https://openalex.org/A5046512309,Luna Innovations (United States),"['Luna nanoWorks, A Division of Luna Innovations Inc, Danville, VA 24541, USA']"
https://openalex.org/W4307920907,https://openalex.org/W2108493892,Detection Limits of DLS and UV-Vis Spectroscopy in Characterization of Polydisperse Nanoparticles Colloids,Emilia Tomaszewska,https://openalex.org/A5071483640,University of Łódź,"['Department of Materials Technology and Chemistry, Faculty of Chemistry, University of Lodz, Pomorska 163, 90-236 Lodz, Poland']"
https://openalex.org/W4307920907,https://openalex.org/W2152159021,Two-photon excited fluorescence of silica nanoparticles loaded with a fluorene-based monomer and its cross-conjugated polymer: their application to cell imaging,Laura Aparicio‐Ixta,https://openalex.org/A5010200943,Centro de Investigaciones en Optica,"['Centro de Investigaciones en Óptica A.C., A.P. 1-948, 37000 León, Gto., Mexico']"
https://openalex.org/W4307920907,https://openalex.org/W2179949747,Design of medium band gap random terpolymers containing fluorene linked diketopyrrolopyrrole and thiophene co-monomers: an experimental and theoretical study,B. Sambathkumar,https://openalex.org/A5017063497,Central Leather Research Institute,"['CSIR -Central Leather Research Institute, (CSIR)-CLRI, Adyar, Chennai-600020, India', 'CSIR-Network of Institutes for Solar Energy', 'CSIR-Network of Institutes for Solar Energy, India', 'Chennai-600020', 'India']"
https://openalex.org/W4307920907,https://openalex.org/W2484714572,Tin-Free Synthesis of a Ternary Random Copolymer for BHJ Solar Cells: Direct (Hetero)arylation versus Stille Polymerization,Giuseppina Marzano,https://openalex.org/A5030857766,University of Bari Aldo Moro,"['Dipartimento\rdi Chimica, Università degli Studi di Bari Aldo Moro, Via\rOrabona 4, 70125 Bari, Italy']"
https://openalex.org/W4307920907,https://openalex.org/W2492203871,Understanding Morphology Compatibility for High-Performance Ternary Organic Solar Cells,Jiangquan Mai,https://openalex.org/A5079985209,Chinese University of Hong Kong,"['Department\rof Physics, The Chinese University of Hong Kong, New Territories, Hong Kong']"
https://openalex.org/W4307920907,https://openalex.org/W2501886121,Time-Dependent Density Functional Response Theory for Molecules,Mark E. Casida,https://openalex.org/A5015877374,Université de Montréal,"['Département de chimie, Université de Montréal, C.P. 6128, Succursale centre-ville, Montréal, Québec H3C 3J7, Canada']"
https://openalex.org/W4307920907,https://openalex.org/W2555011088,Tin-Free Direct C–H Arylation Polymerization for High Photovoltaic Efficiency Conjugated Copolymers,Alexander S. Dudnik,https://openalex.org/A5053927159,Northwestern University,"['Department\rof Chemistry and the Materials Research Center, Northwestern University, 2145 Sheridan Road, Evanston, Illinois 60208, United States']"
https://openalex.org/W4307920907,https://openalex.org/W2750517181,"Regioirregular ambipolar naphthalenediimide‐based alternating polymers: Synthesis, characterization, and application in field‐effect transistors",Zuzhang Lin,https://openalex.org/A5101419414,University of Science and Technology Beijing,"[""School of Material Science and Engineering, University of Science and Technology Beijing, 100083 People's Republic of China"", 'The authors Z. Z. Lin and X. T. Liu contributed equally to this work.']"
https://openalex.org/W4307920907,https://openalex.org/W2766844717,Photosensitizers for Two‐Photon Excited Photodynamic Therapy,Zhiyuan Sun,https://openalex.org/A5102714014,Technical Institute of Physics and Chemistry,"['Technical Institute of Physics and Chemistry Chinese Academy of Sciences Beijing 100190 P. R. China', 'University of Chinese Academy of Sciences Beijing 100049 P. R. China']"
https://openalex.org/W4307920907,https://openalex.org/W2769897287,Recent progress on semiconducting polymer nanoparticles for molecular imaging and cancer phototherapy,Jingchao Li,https://openalex.org/A5100694995,Nanyang Technological University,"['School of Chemical and Biomedical Engineering, Nanyang Technological University, 70 Nanyang Drive, 637457, Singapore']"
https://openalex.org/W4307920907,https://openalex.org/W2796433456,Photo-degradation in air of spin-coated PC60BM and PC70BM films,Vanja Blazinic,https://openalex.org/A5076078911,Karlstad University,"['Department of Engineering and Physics, Karlstad University, 65188, Karlstad, Sweden']"
https://openalex.org/W4307920907,https://openalex.org/W2803953566,Quadrupolar D–A–D diketopyrrolopyrrole-based small molecule for ternary blend polymer solar cells,Yanbin Wang,https://openalex.org/A5100716167,Changzhou University,"[""Jiangsu Key Laboratory of Environmentally Friendly Polymeric Materials, School of Materials Science and Engineering, Jiangsu Collaborative Innovation Center of Photovoltaic Science and Engineering, Changzhou University, Changzhou, Jiangsu, 213164, People's Republic of China""]"
https://openalex.org/W4307920907,https://openalex.org/W2898927838,"Investigating the Optical Properties of Thiophene Additions to <i>s</i>-Indacene Donors with Diketopyrrolopyrrole, Isoindigo, and Thienothiophene Acceptors",Bradley Keller,https://openalex.org/A5046822045,University of Michigan–Ann Arbor,"['Department of Chemistry, University of Michigan, Ann Arbor, Michigan 48109, United States']"
https://openalex.org/W4307920907,https://openalex.org/W2902386805,How To Correctly Determine the Band Gap Energy of Modified Semiconductor Photocatalysts Based on UV–Vis Spectra,Patrycja Makuła,https://openalex.org/A5041178857,Jagiellonian University,"['Faculty of Chemistry, Jagiellonian University in Kraków, ul. Gronostajowa 2, 30-387 Kraków, Poland']"
https://openalex.org/W4307920907,https://openalex.org/W2902474579,"Conjugated Polymer Nanoparticles for Imaging, Cell Activity Regulation, and Therapy",Yunxia Wang,https://openalex.org/A5100658315,Shanxi University,"['School of Chemistry and Chemical Engineering, Shanxi University, Taiyuan, 030006 P. R. China']"
https://openalex.org/W4307920907,https://openalex.org/W2902645399,Application of Biodegradable Polymers in Food Packaging Industry: A Comprehensive Review,S. Mangaraj,https://openalex.org/A5061023519,Central Institute of Agricultural Engineering,"['Agro Produce Processing Division, Central Institute of Agricultural Engineering, Nabibagh, Berasia Road, Bhopal, 462038, India']"
https://openalex.org/W4307920907,https://openalex.org/W2919177239,The role of the third component in ternary organic solar cells,Nicola Gasparini,https://openalex.org/A5053695079,King Abdullah University of Science and Technology,"['King Abdullah University of Science and Technology (KAUST), Division of Physical Sciences and Engineering (PSE), KAUST Solar Center (KSC), Thuwal, Saudi Arabia']"
https://openalex.org/W4307920907,https://openalex.org/W2944073916,Characterization of PDPPBTT:PC<sub>71</sub>BM bulk heterojunction nanostructures synthesized by a porous alumina template-assisted method,D Novialisa,https://openalex.org/A5027006642,University of Indonesia,"['Department of Physics, Faculty of Mathematics and Natural Sciences (FMIPA) Universitas Indonesia, Depok 16424, Indonesia']"
https://openalex.org/W4307920907,https://openalex.org/W2944674098,Synthesis of one-dimensional nanotubes from an organic semiconducting polymer (PDPPBTT) by the centrifuge method,Nur Indah Pratiwi,https://openalex.org/A5059479509,University of Indonesia,"['Department of Physics, Faculty of Mathematics and Natural Sciences (FMIPA) Universitas Indonesia, Depok 16424, Indonesia']"
https://openalex.org/W4307920907,https://openalex.org/W2947485267,Synthesis and Optoelectronic Properties of New Methoxy-Substituted Diketopyrrolopyrrole Polymers,Andras Domokos,https://openalex.org/A5075499034,"University of California, Davis","['Department of Chemistry, University of California, Davis, California 95616, United States']"
https://openalex.org/W4307920907,https://openalex.org/W2964174552,Synthesis by direct arylation reaction of photovoltaic D–π–A polymers based on fluorene-thiophene- fragment and fluorinated benzothiadiazole derivatives,Arelis Ledesma-Juárez,https://openalex.org/A5054423428,Universidad Autónoma del Estado de Morelos,"['Centro de Investigación en Ingeniería y Ciencias Aplicadas (CIICAp)-IICBA, Universidad Autónoma del Estado de Morelos (UAEM), Av. Universidad No. 1001, Col. Chamilpa, C.P. 62209, Cuernavaca, Morelos, Mexico']"
https://openalex.org/W4307920907,https://openalex.org/W2968060286,Biomedical Application of Electroactive Polymers in Electrochemical Sensors: A Review,Damilola Runsewe,https://openalex.org/A5087341111,Texas State University,"['Materials Science , Engineering and , , , , of', 'Materials Science, Engineering and Commercialization Program, Texas State University, San Marcos, TX 78666, USA']"
https://openalex.org/W4307920907,https://openalex.org/W2974569250,D–A polymers for fluorescence/photoacoustic imaging and characterization of their photothermal properties,Yaowei Zhu,https://openalex.org/A5102784713,Qingdao University,"['China', 'College of Materials Science and Engineering', 'Institute of Biomedical Materials and Engineering, College of Materials Science and Engineering, Qingdao University, Qingdao 266071, China', 'Qingdao 266071']"
https://openalex.org/W4307920907,https://openalex.org/W2976633802,A crosslinking alkylation strategy to construct nitrogen-enriched tetraphenylmethane-based porous organic polymers as efficient carbon dioxide and iodine adsorbents,Xiaowen Hu,https://openalex.org/A5030514887,Donghua University,"['State Key Laboratory for Modification of Chemical Fibers and Polymer Materials & College of Materials Science and Engineering, Donghua University, Shanghai 201620, China']"
https://openalex.org/W4307920907,https://openalex.org/W2994695890,Photophysical and Optical Properties of Semiconducting Polymer Nanoparticles Prepared from Hyaluronic Acid and Polysorbate 80,Adam Langlois,https://openalex.org/A5038637002,University of Windsor,"['Department of Chemistry and Biochemistry, Advanced Materials Centre of Research (AMCORe), University of Windsor, 401 Sunset Avenue, Windsor, Ontario N9B 3P4, Canada']"
https://openalex.org/W4307920907,https://openalex.org/W2996331905,Difluorinated Oligothiophenes for High‐Efficiency All‐Small‐Molecule Organic Solar Cells: Positional Isomeric Effect of Fluorine Substitution on Performance Variations,Tainan Duan,https://openalex.org/A5074850082,Chongqing Institute of Green and Intelligent Technology,"['Department of Chemistry and Bioscience, Aalborg University, Aalborg, DK, 9220 Denmark', 'Organic Semiconductor Research Center, Chongqing Institute of Green and Intelligent Technology, Chinese Academy of Sciences, Chongqing, 400714 China']"
https://openalex.org/W4307920907,https://openalex.org/W3001297050,Recent developments in the synthesis of regioregular thiophene-based conjugated polymers for electronic and optoelectronic applications using nickel and palladium-based catalytic systems,Bibi Amna,https://openalex.org/A5038886621,University College of Islamabad,"['Department of Chemistry, Quaid-i-Azam University, Islamabad 45320, Pakistan', 'Islamabad 45320', 'Istanbul Technical University', 'Istanbul Technical University, Department of Chemistry, 34469 Maslak, Istanbul, Turkey', 'Pakistan']"
https://openalex.org/W4307920907,https://openalex.org/W3010580935,Eco-friendly synthesis of regioregular poly(3-hexylthiophene) by direct arylation polymerization: Analysis of the properties that determine its performance in BHJ solar cells,Miriam Rangel Ayala,https://openalex.org/A5102882460,Universidad Autónoma del Estado de Morelos,"['Centro de Investigación en Ingeniería y Ciencias Aplicadas (CIICAp)-IICBA, Universidad Autónoma del Estado de Morelos (UAEM), Av. Universidad No. 1001, Col. Chamilpa, C.P. 62209, Cuernavaca, Morelos, Mexico']"
https://openalex.org/W4307920907,https://openalex.org/W3031717235,Cosolvent Effects When Blade-Coating a Low-Solubility Conjugated Polymer for Bulk Heterojunction Organic Photovoltaics,Ian Pelse,https://openalex.org/A5085682839,Georgia Institute of Technology,"['School of Chemistry and Biochemistry, School of Materials Science and Engineering, Center for Organic Photonics and Electronics, Georgia Institute of Technology, Atlanta, Georgia 30332, United States']"
https://openalex.org/W4307920907,https://openalex.org/W3110165283,Organic Thin Films Based on DPP-DTT:C60 Blends Deposited by MAPLE,Marcela Socol,https://openalex.org/A5086485052,National Institute of Materials Physics,"['National Institute of Material Physics, 405A Atomistilor Street, 077125 Magurele, Romania']"
https://openalex.org/W4307920907,https://openalex.org/W3118876155,The Effects of Molecular Packing Behavior of Small-Molecule Acceptors in Ternary Organic Solar Cells,Eunhee Lim,https://openalex.org/A5087391554,Kyonggi University,"['Department of Chemistry, Kyonggi University, 154-42 Gwanggyosan-ro, Yeongtong-gu, Suwon 16227, Korea']"
https://openalex.org/W4307920907,https://openalex.org/W3123821695,Effects of the PENTACENE as doping material on the power conversion efficiency of P3HT:PCBM based ternary organic solar cells,Zakir Çaldıran,https://openalex.org/A5008678792,Ardahan University,"['Department of Electric and Energy, Technical Sci. V.H.S., Ardahan University, Ardahan, Turkey']"
https://openalex.org/W4307920907,https://openalex.org/W4200149987,Recent progress in organic solar cells (Part I material science),Yahui Liu,https://openalex.org/A5100375494,Qingdao University,"['College of Textiles & Clothing, State Key Laboratory of Bio-fibers and Eco-textiles, Qingdao University, Qingdao, 266071, China']"
https://openalex.org/W4307920907,https://openalex.org/W4205339990,deMon2k,Gerald Geudtner,https://openalex.org/A5029678718,Center for Research and Advanced Studies of the National Polytechnic Institute,['CINVESTAV - Centro de Investigacion y de Estudios Avanzados del Instituto Politécnico Nacional (Avenida Politécnico Nacional 2508 Mexico-D.F. 07360 - Mexico)']
https://openalex.org/W4307920907,https://openalex.org/W4213351028,An asymmetric wide-bandgap acceptor simultaneously enabling highly efficient single-junction and tandem organic solar cells,Jianqiu Wang,https://openalex.org/A5079335387,Soochow University,"['Laboratory of Advanced Optoelectronic Materials, Suzhou Key Laboratory of Novel Semiconductor-optoelectronics Materials and Devices, College of Chemistry, Chemical Engineering and Materials Science, Soochow University, Suzhou 215123, China', 'State Key Laboratory of Polymer Physics and Chemistry, Beijing National Laboratory for Molecular Sciences, Institute of Chemistry, Chinese Academy of Sciences, Beijing 100190, P. R. China']"
https://openalex.org/W4307920907,https://openalex.org/W4281561028,"Synthesis of Donor–Acceptor Copolymers Derived from Diketopyrrolopyrrole and Fluorene via Eco-Friendly Direct Arylation: Nonlinear Optical Properties, Transient Absorption Spectroscopy, and Theoretical Modeling",Jonatan Rodríguez-Rea,https://openalex.org/A5071770011,Universidad Autónoma del Estado de Morelos,"['Centro de Investigación en Ingeniería y Ciencias Aplicadas (CIICAp)-IICBA, Universidad Autónoma del Estado de Morelos (UAEM), Av. Universidad No. 1001, Col. Chamilpa, Cuernavaca C.P. 62209, Mexico']"
https://openalex.org/W3119470003,https://openalex.org/W1544755832,"<i>Carbo</i>‐Benzene's Aromaticity, Before and Beyond: A Tribute to <scp>N</scp>ozoe",Kévin Cocq,https://openalex.org/A5001611545,Laboratoire de Chimie de Coordination,['LCC - Laboratoire de chimie de coordination (205 Route de Narbonne 31077 TOULOUSE CEDEX 4 - France)']
https://openalex.org/W3119470003,https://openalex.org/W1890847042,“Carbo-aromaticity” and novel carbo-aromatic compounds,Kévin Cocq,https://openalex.org/A5001611545,Centre National de la Recherche Scientifique,"['31077 Toulouse Cedex 4', 'CNRS, LCC (Laboratoire de Chimie de Coordination), 205 route de Narbonne, BP 44099, 31077 Toulouse Cedex 4, France', 'France', 'Université de Toulouse']"
https://openalex.org/W3119470003,https://openalex.org/W1941403409,Multifunctional π-expanded oligothiophene macrocycles,Masahiko Iyoda,https://openalex.org/A5006114858,Graduate School USA,"['Department of Chemistry', 'Graduate School of Science and Engineering', 'Hachioji', 'Japan', 'Tokyo Metropolitan University']"
https://openalex.org/W3119470003,https://openalex.org/W1964516236,Building Symmetric Two-Dimensional Two-Photon Materials,Ajit Bhaskar,https://openalex.org/A5076745718,University of Oregon,"['Department of Chemistry and Department of Macromolecular Science and Engineering, University of Michigan, Ann Arbor, Michigan 48109, and Department of Chemistry and the Materials Science Institute, University of Oregon, Eugene, Oregon 97403']"
https://openalex.org/W3119470003,https://openalex.org/W1964643866,Nonlinear Optical Properties and Excited-State Dynamics of Highly Symmetric Expanded Porphyrins,Zin Seok Yoon,https://openalex.org/A5072592283,Kyoto University,"['Contribution from the Department of Chemistry and Center for Ultrafast Optical Characteristics Control, Yonsei University, Seoul 120-749, Korea, Department of Chemistry and Biochemistry, 1 University Station, A5300, The University of Texas at Austin, Austin, Texas 78712-0165, and Department of Chemistry, Graduate School of Science, Kyoto University, and Core Research for Evolutional Science and Technology (CREST) of Japan Science and Technology Agency (JST), Kyoto 606-8502, Japan']"
https://openalex.org/W3119470003,https://openalex.org/W1975670191,Interpretation of the UV−vis Spectra of the <i>meso</i>(Ferrocenyl)-Containing Porphyrins using a TDDFT Approach: Is Gouterman’s Classic Four-Orbital Model Still in Play?,Victor N. Nemykin,https://openalex.org/A5059700931,"University of Minnesota, Duluth","['Department of Chemistry and Biochemistry, University of Minnesota—Duluth, Duluth, Minnesota 55812, United States']"
https://openalex.org/W3119470003,https://openalex.org/W1984901123,"Giant Macrocycles Composed of Thiophene, Acetylene, and Ethylene Building Blocks",Kazumi Nakao,https://openalex.org/A5027302928,Tokyo Metropolitan University,"['Department of Chemistry, Graduate School of Science and Engineering, Tokyo Metropolitan University, Hachioji, Tokyo, 192-0397, Japan']"
https://openalex.org/W3119470003,https://openalex.org/W1985245441,Copper‐Mediated Aryl‐Aryl Couplings for the Construction of Oligophenylenes and Related Heteroaromatics,Masahiko Iyoda,https://openalex.org/A5006114858,Tokyo Metropolitan University,"['Department of Chemistry, Graduate School of Science and Engineering, Tokyo Metropolitan University, Hachioji, Tokyo 192‐0397 (Japan), Fax: (+81)42‐677‐2525']"
https://openalex.org/W3119470003,https://openalex.org/W1987923206,"Heteroatom-Substituted Expanded Radialenes: One-Pot Synthesis and Characterization of Expanded 1,3-Dithiolane[<i>n</i>]radialenes",Yu‐Long Zhao,https://openalex.org/A5074279053,Northeast Normal University,"['Department of Chemistry, Northeast Normal University, Changchun 130024, China, and Changchun Institute of Applied Chemistry, Chinese Academy of Science, Changchun 130022, China']"
https://openalex.org/W3119470003,https://openalex.org/W1989364027,Synthesis and two-photon absorption property of phenylacetylene macrocycles,Ok Soon Pyun,https://openalex.org/A5078579633,Korea University,"['Molecular Opto-Electronics Laboratory, Department of Chemistry and Center for Electro- and Photo-Responsive Molecules, Korea University, 1-Anamdong, Seoul 136-701, Republic of Korea']"
https://openalex.org/W3119470003,https://openalex.org/W1992476283,Aromaticity and homoaromaticity of annulene ring carbomers,Christine Lepetit,https://openalex.org/A5039159384,Laboratoire de Chimie de Coordination,"['Laboratoire de Chimie de Coordination, CNRS-UPR 8241, 205 route de Narbonne, Toulouse cedex-4, France']"
https://openalex.org/W3119470003,https://openalex.org/W1993023905,Photophysical processes in electronic states of zinc tetraphenyl porphyrin accessed on one- and two-photon excitation in the soret region,Adam Łukaszewicz,https://openalex.org/A5042679024,Adam Mickiewicz University in Poznań,"['Faculty of Physics, Adam Mickiewicz University, Umultowska 85, Poznan, Poland']"
https://openalex.org/W3119470003,https://openalex.org/W2001351184,Conjugated Macrocycles: Concepts and Applications,Masahiko Iyoda,https://openalex.org/A5006114858,Tokyo Metropolitan University,"['Department of Chemistry, Graduate School of Science and Engineering, Tokyo Metropolitan University, Hachioji, Tokyo 192‐0397 (Japan), Fax: (+81)\u200942‐677‐2731 http://www.comp.tmu.ac.jp/iyoda/']"
https://openalex.org/W3119470003,https://openalex.org/W2004726571,Highly π electron-rich macro-aromatics: bis(p-aminophenyl)-carbo-benzenes and their DBA acyclic references,Arnaud Rives,https://openalex.org/A5006341804,error,['Laboratoire de chimie de coordination']
https://openalex.org/W3119470003,https://openalex.org/W2010036846,ELF Analysis of Out-of-Plane Aromaticity and In-Plane Homoaromaticity in Carbo[<i>N</i>]annulenes and [<i>N</i>]Pericyclynes,Christine Lepetit,https://openalex.org/A5039159384,Laboratoire de Chimie de Coordination,"['Laboratoire de Chimie de Coordination, UPR 8241 CNRS, 205 Route de Narbonne, F-31077 Toulouse Cedex, France, and Laboratoire de Chimie Théorique, UMR 7616 CNRS, Université P. et M. Curie, Tour 22-23, 1er étage, 4, Place Jussieu, 75252 Paris Cedex 05, France']"
https://openalex.org/W3119470003,https://openalex.org/W2010675730,Measurements of two-photon absorption cross sections of common blue dyes,C.H. Chen,https://openalex.org/A5090581281,Oak Ridge National Laboratory,"['Chemical Physics Section, Oak Ridge National Laboratory, Oak Ridge, TN 37831-6378, USA']"
https://openalex.org/W3119470003,https://openalex.org/W2012844323,Synthesis and nonlinear optical properties of linear and Λ-shaped pyranone-based chromophores,Guy Koeckelberghs,https://openalex.org/A5024209261,KU Leuven,"['Laboratory of Macromolecular and Physical Organic Chemistry, Katholieke Universiteit Leuven, Celestijnenlaan 200F, B-3001 Heverlee, Belgium', 'Laboratory of Molecular Electronics and Photonics, Katholieke Universiteit Leuven, Celestijnenlaan 200D, B-3001 Heverlee, Belgium']"
https://openalex.org/W3119470003,https://openalex.org/W2015787285,Ultrafast Dynamics of Porphyrins in the Condensed Phase: II. Zinc Tetraphenylporphyrin,Hua‐Zhong Yu,https://openalex.org/A5028734301,California Institute of Technology,"['Laboratory for Molecular Sciences, Arthur Amos Noyes Laboratory of Chemical Physics, California Institute of Technology, Pasadena, California 91125']"
https://openalex.org/W3119470003,https://openalex.org/W2015988125,Decamethyl[5]pericyclyne. A novel homoconjugated cyclic polyacetylene,Lawrence T. Scott,https://openalex.org/A5076899693,error,[]
https://openalex.org/W3119470003,https://openalex.org/W2017220615,Spectra of porphyrins,Martin Gouterman,https://openalex.org/A5008923051,Harvard University,"['Conant Chemical Laboratory, Harvard University, Cambridge, Massachusetts, USA']"
https://openalex.org/W3119470003,https://openalex.org/W2017701936,“Carbomers”. I. A general concept of expanded molecules,Rémi Chauvin,https://openalex.org/A5048169052,Laboratoire de Chimie de Coordination,"['Laboratoire de Chimie de Coordination du CNRS, 205 Route de Narbonne, 31 077 Toulouse cedex France']"
https://openalex.org/W3119470003,https://openalex.org/W2018686615,"From Hexaoxy‐[6]Pericyclynes to <i>Carbo</i>‐Cyclohexadienes, <i>Carbo</i>‐Benzenes, and Dihydro‐<i>Carbo</i>‐Benzenes: Synthesis, Structure, and Chromophoric and Redox Properties",Léo Leroyer,https://openalex.org/A5026542934,Université de Toulouse,"['CNRS, LCC (Laboratoire de Chimie de Coordination), 205 Route de Narbonne, 31077 Toulouse (France), Fax: (+33)\u2009561‐55‐30‐03', 'Université de Toulouse, UPS, INPT, LCC, 31077 Toulouse (France)']"
https://openalex.org/W3119470003,https://openalex.org/W2023537018,DFT exploration of structural and magnetic properties of [n]annulene ring carbomers,Cyril Godard,https://openalex.org/A5079560691,Laboratoire de Chimie de Coordination,"['Laboratoire de Chimie de Coordination, UPR 8241 CNRS, 205 Route de Narbonne, Toulouse cedex 4, France.']"
https://openalex.org/W3119470003,https://openalex.org/W2025123866,"Nonlinear Optical Properties as a Guide to Aromaticity in Congeneric Pentapyrrolic Expanded Porphyrins: Pentaphyrin, Sapphyrin, Isosmaragdyrin, and Orangarin",Zin Seok Yoon,https://openalex.org/A5072592283,The University of Texas at Austin,"['Department of Chemistry, Yonsei University, Seoul 120-749, Korea, and Department of Chemistry and Biochemistry and Institute for Cellular and Molecular Biology, 1 University Station A5300, The University of Texas at Austin, Austin, Texas 78712-0156']"
https://openalex.org/W3119470003,https://openalex.org/W2036516706,The synthesis and properties of novel diazo chromophores based on thiophene conjugating spacers and tricyanofuran acceptors,Kunpeng Guo,https://openalex.org/A5012214568,Technical Institute of Physics and Chemistry,"['Graduate University of Chinese Academy of Sciences (GUCAS), Beijing 100049, China', 'Technical Institute of Physics and Chemistry (TIPC), Chinese Academy of Sciences (CAS), Beijing 100080, China']"
https://openalex.org/W3119470003,https://openalex.org/W2038607271,Design and Synthesis of a Low Band Gap Conjugated Macroinitiator: Toward Rod−Coil Donor−Acceptor Block Copolymers,Karin van de Wetering,https://openalex.org/A5052335015,École des Ponts ParisTech,"[""Laboratoire d'Ingénierie des Polymères pour les Hautes Technologies, UMR 7165, Université Louis Pasteur, Ecole Européenne de Chimie, Polymères et Matériaux, 25, rue Becquerel, 67000 Strasbourg, France""]"
https://openalex.org/W3119470003,https://openalex.org/W2038798777,A synthetic method for formyl→ethynyl conversion (RCHO→RCCH or RCCR′),E. J. Corey,https://openalex.org/A5062182194,Harvard University,"['Department of Chemistry, Harvard University Cambridge, Massachusetts 02138 U.S.A']"
https://openalex.org/W3119470003,https://openalex.org/W2044298518,Enhanced π-frustration in carbo-benzenic chromophores,Iaroslav Baglai,https://openalex.org/A5055460123,error,"['KNU [Kiev]', 'Laboratoire de chimie de coordination']"
https://openalex.org/W3119470003,https://openalex.org/W2056137417,Renaissance of Annulene Chemistry,Eric L. Spitler,https://openalex.org/A5000127784,University of Oregon,"['Department of Chemistry and Materials Science Institute, University of Oregon, Eugene, Oregon 97403-1253']"
https://openalex.org/W3119470003,https://openalex.org/W2058973852,Nonlinear Optical Properties of Porphyrins,Ma­thias O. Senge,https://openalex.org/A5003317795,Trinity College Dublin,"['School of Chemistry, SFI Tetrapyrrole Laboratory, Trinity College Dublin, Dublin 2 (Ireland)']"
https://openalex.org/W3119470003,https://openalex.org/W2064611168,Triphenylamine derivatized phenylacetylene macrocycle with large two-photon absorption cross-section,Zhen Fang,https://openalex.org/A5057183219,National University of Singapore,"['Department of Chemistry, National University of Singapore, 3 Science Drive 3, Singapore 117543 (Singapore)']"
https://openalex.org/W3119470003,https://openalex.org/W2068835360,"Cyclynes. Part 4. Pericyclynes of the order [5], [6], [7], and [8]. Simple convergent syntheses and chemical reactions of the first homoconjugated cyclic polyacetylenes",Lawrence T. Scott,https://openalex.org/A5076899693,error,[]
https://openalex.org/W3119470003,https://openalex.org/W2080798226,Fluorescence from the second excited singlet state of [18] annulenes,Urs P. Wild,https://openalex.org/A5086390650,École Polytechnique Fédérale de Lausanne,"['Physical Chemistry Laboratory, Swiss Federal Institute of Technology, CH 8092 Zurich, #N#Switzerland']"
https://openalex.org/W3119470003,https://openalex.org/W2090594610,Nonlinear refraction in CS2,R. A. Ganeev,https://openalex.org/A5083070845,The University of Tokyo,"['Institute for Solid State Physics, University of Tokyo, 5-1-5 Kashiwanoha, Kashiwa, 277-8581, Chiba, Japan']"
https://openalex.org/W3119470003,https://openalex.org/W2095505023,Shape‐Persistent Macrocycles: Structures and Synthetic Approaches from Arylene and Ethynylene Building Blocks,Wei Zhang,https://openalex.org/A5100710906,University of Illinois Urbana-Champaign,"['Department of Chemistry and Materials Science & Engineering, University of Illinois at Urbana-Champaign, 600 South Mathews Avenue, Urbana, IL 61801, USA, Fax: (+1)\u2009217-244-8024']"
https://openalex.org/W3119470003,https://openalex.org/W2097578667,Sensitive measurement of optical nonlinearities using a single beam,Mansoor Sheik‐Bahae,https://openalex.org/A5090529719,University of Central Florida,"['Center for Res. in Electro-Opt. & Lasers, Univ. of Central Florida, Orlando, FL, USA']"
https://openalex.org/W3119470003,https://openalex.org/W2099664086,Optical properties of fully conjugated cyclo[<i>n</i>]thiophenes – An experimental and theoretical approach,Elena Mena‐Osteritz,https://openalex.org/A5028090762,Universität Ulm,"['Institute of Organic Chemistry II and Advanced Materials, University of Ulm, Albert-Einstein-Allee 11, 89081 Ulm, Germany.']"
https://openalex.org/W3119470003,https://openalex.org/W2105281193,Variation of aromaticity by twisting or expanding the ring content,Rémi Chauvin,https://openalex.org/A5048169052,Laboratoire de Chimie de Coordination,"['1Laboratory of Coordination Chemistry (LCC), CNRS, 205, Route de Narbonne, F-31077 Toulouse, France']"
https://openalex.org/W3119470003,https://openalex.org/W2109258882,"A Concise Modular Synthesis of 2,5-Diethynyl-3,4-dibutyl-thiophene-Bridged Back-to-Back Terpyridine Ligands",Céline Ringenbach,https://openalex.org/A5068516920,Laboratoire de Chimie Moléculaire,"['Laboratoire de Chimie Moléculaire, Ecole de Chimie, Polymères, Matériaux (ECPM), Université Louis Pasteur (ULP), 25 rue Becquerel, 67087 Strasbourg Cedex 02, France']"
https://openalex.org/W3119470003,https://openalex.org/W2109536273,Shape-persistent arylene ethynylene macrocycles: syntheses and supramolecular chemistry,Dahui Zhao,https://openalex.org/A5017330347,University of Illinois Urbana-Champaign,"['Departments of Chemistry and Materials Science & Engineering, University of Illinois,Urbana,USA']"
https://openalex.org/W3119470003,https://openalex.org/W2109838869,Redox-triggered chiroptical molecular switches,James W. Canary,https://openalex.org/A5002521020,New York University,"['Department of Chemistry, New York University, New York, USA']"
https://openalex.org/W3119470003,https://openalex.org/W2122116086,"Difluorenyl <i>carbo</i>‐Benzenes: Synthesis, Electronic Structure, and Two‐Photon Absorption Properties of Hydrocarbon Quadrupolar Chromophores",Iaroslav Baglai,https://openalex.org/A5055460123,error,['Laboratoire de chimie de coordination']
https://openalex.org/W3119470003,https://openalex.org/W2124788078,Ring carbo-mers: From questionable homoaromaticity to bench aromaticity,Chunhai Zou,https://openalex.org/A5104307753,Centre National de la Recherche Scientifique,"['1Laboratoire de Chimie de Coordination du CNRS, UPR 8241, 205 Route de Narbonne, 31700, Toulouse Cédex 4, France']"
https://openalex.org/W3119470003,https://openalex.org/W2141997911,"Charge transfer induced enhancement of near-IR two-photon absorption of 5,15-bis(azulenylethynyl) zinc(ii) porphyrins",Kil Suk Kim,https://openalex.org/A5062339874,Yonsei University,"['Department of Chemistry, Yonsei University, Seoul, Korea']"
https://openalex.org/W3119470003,https://openalex.org/W2143803583,<i>CRYSTALS</i>version 12: software for guided crystal structure analysis,P. W. Betteridge,https://openalex.org/A5026330327,Oxford Research Group,"['University of Oxford, Chemical Crystallography Laboratory, Chemistry Research Building, Mansfield Road, Oxford OX1 3TA, UK']"
https://openalex.org/W3119470003,https://openalex.org/W2146546360,<i>Carbo</i>‐Quinoids: Stability and Reversible Redox‐Proaromatic Character towards <i>Carbo</i>‐Benzenes,Kévin Cocq,https://openalex.org/A5001611545,error,['Laboratoire de chimie de coordination']
https://openalex.org/W3119470003,https://openalex.org/W2163036182,Towards graphyne molecular electronics,Zhihai Li,https://openalex.org/A5010156467,Temple University,['Temple University [Philadelphia]']
https://openalex.org/W3119470003,https://openalex.org/W2165528549,<i>SUPERFLIP</i>– a computer program for the solution of crystal structures by charge flipping in arbitrary dimensions,Lukáš Palatinus,https://openalex.org/A5038764642,École Polytechnique Fédérale de Lausanne,"['Laboratoire de Cristallographie, Le Cubotron, Ecole Polytechnique Fédérale de Lausanne, 1015 Lausanne, Switzerland']"
https://openalex.org/W3119470003,https://openalex.org/W2167188767,"Expanded Porphyrins: Intriguing Structures, Electronic Properties, and Reactivities",Shohei Saito,https://openalex.org/A5069742195,Kyoto University,"['Department of Chemistry, Graduate School of Science, Kyoto University']"
https://openalex.org/W3119470003,https://openalex.org/W2326521177,Fluorescence and Phosphorescence from Higher Excited States of Organic Molecules,Takaò Itoh,https://openalex.org/A5103395352,Hiroshima University,"['Graduate School of Integrated Arts and Sciences,\rHiroshima\rUniversity, 1-7-1 Kagamiyama, Higashi-Hiroshima City, 739-8521 Japan']"
https://openalex.org/W3119470003,https://openalex.org/W2338929346,"Aromatic Fused [30] Heteroannulenes with NIR Absorption and NIR Emission: Synthesis, Characterization, and Excited-State Dynamics",Abhijit Mallick,https://openalex.org/A5084661793,Indian Association for the Cultivation of Science,"['Department of Inorganic Chemistry; Indian Association for the Cultivation of Science; 2A/2B Raja S. C. Mullick Road, Jadavpur Kolkata 700 032 India), Fax']"
https://openalex.org/W3119470003,https://openalex.org/W2341027165,Hexakis(<i>m</i>-phenylene ethynylene) Macrocycles with Multiple H-Bonding Side Chains and Modified Cavities: Altered Stacking Strength and Persistent Tubular Assembly,Yulong Zhong,https://openalex.org/A5024104088,Beijing Normal University,"['College\rof Chemistry, Beijing Normal University, Beijing 100875, China']"
https://openalex.org/W3119470003,https://openalex.org/W2466356299,Molecular nonlinear optics: recent advances and applications,Bobo Gu,https://openalex.org/A5050541716,Hunan University,"['Key Laboratory for Micro-/Nano-Optoelectronic Devices of Ministry of Education, School of Physics and Electronics, Hunan University, Changsha 410082, China']"
https://openalex.org/W3119470003,https://openalex.org/W2468262865,"Phenanthrylene-butadiynylene and Phenanthrylene-thienylene Macrocycles: Synthesis, Structure, and Properties",Bhimrao Vaijnath Phulwale,https://openalex.org/A5065036583,Masaryk University,"['CEITEC\r- Central European Institute of Technology, Masaryk University, Kamenice 5, 625 00 Brno-Bohunice, Czech Republic', 'Department\rof Chemistry, Faculty of Science, Masaryk University, Kotlářská\r2, 611 37 Brno, Czech Republic']"
https://openalex.org/W3119470003,https://openalex.org/W2554112494,Two-Photon Absorbing Phosphorescent Metalloporphyrins: Effects of π-Extension and Peripheral Substitution,Tatiana V. Esipova,https://openalex.org/A5103229093,error,[]
https://openalex.org/W3119470003,https://openalex.org/W2566849257,Lipidic <i>Carbo</i>-benzenes: Molecular Probes of Magnetic Anisotropy and Stacking Properties of α-Graphyne,Chongwei Zhu,https://openalex.org/A5031469295,Université Toulouse III - Paul Sabatier,"['Laboratoire de chimie de coordination', 'Université Toulouse III - Paul Sabatier']"
https://openalex.org/W3119470003,https://openalex.org/W2587062079,"Synthesis, solvent-dependent emission and two-photon absorption of a triangular –[D–π–A]<sub>3</sub>– macrocycle",Tian Li,https://openalex.org/A5070459818,Beijing National Laboratory for Molecular Sciences,"['Beijing', 'Beijing National Laboratory for Molecular Sciences, Centre for the Soft Matter Science and Engineering and the Key Lab of Polymer Chemistry & Physics of the Ministry of Education, College of Chemistry, Peking University, Beijing, China', 'Centre for the Soft Matter Science and Engineering and the Key Lab of Polymer Chemistry & Physics of the Ministry of Education', 'College of Chemistry', 'Peking University']"
https://openalex.org/W3119470003,https://openalex.org/W2589408006,Efficient Blue Electroluminescence from a Single-layer Organic Device Composed Solely of Hydrocarbons,Takako Izumi,https://openalex.org/A5006770605,The University of Tokyo,"['Department of Chemistry The University of Tokyo  Hongo, Bunkyo-ku Tokyo 113-0033 Japan', 'Department of Chemistry, The University of Tokyo, Hongo, Bunkyo-ku, Tokyo, 113-0033 Japan', 'JST, ERATO, Isobe Degenerate π-Integration Project Aoba-ku Sendai 980-8577 Japan']"
https://openalex.org/W3119470003,https://openalex.org/W2592479304,A series of polycyclic aromatic hydrocarbon-substituted metal-free porphyrins: Substituent effect on two-photon absorption property,Ning Sheng,https://openalex.org/A5102932134,Jining University,"['Key Laboratory of Inorganic Chemistry in Universities of Shandong, Department of Chemistry and Chemical Engineering, Jining University, Qufu, 273155, Shandong, China']"
https://openalex.org/W3119470003,https://openalex.org/W2612036608,3D and 2D supramolecular assemblies and thermotropic behaviour of a carbo-benzenic mesogen,Chongwei Zhu,https://openalex.org/A5031469295,Université Toulouse III - Paul Sabatier,"['Laboratoire de chimie de coordination', 'Université Toulouse III - Paul Sabatier']"
https://openalex.org/W3119470003,https://openalex.org/W2762006196,Breaking the Kasha Rule for More Efficient Photochemistry,Alexander P. Demchenko,https://openalex.org/A5072933850,Palladin Institute of Biochemistry,"['Palladin\rInstitute of Biochemistry, National Academy of Sciences of Ukraine, 9 Leontovicha Street, Kyiv 01030, Ukraine']"
https://openalex.org/W3119470003,https://openalex.org/W2767830291,Columnar Liquid Crystals from a Giant Macrocycle Mesogen,S. Kawano,https://openalex.org/A5100658513,Nagoya University,['Department of Chemistry Graduate School of Science Nagoya University Furo-cho Chikusa-ku Nagoya 464-8602 Japan']
https://openalex.org/W3119470003,https://openalex.org/W2786634294,From open-shell singlet diradicaloids to polyradicaloids,Tullimilli Y. Gopalakrishna,https://openalex.org/A5012283082,National University of Singapore,"['Department of Chemistry, National University of Singapore, 3 Science Drive 3, 117543, Singapore', 'Singapore']"
https://openalex.org/W3119470003,https://openalex.org/W2789052583,Magneto-electroluminescence effects in the single-layer organic light-emitting devices with macrocyclic aromatic hydrocarbons,Song-Toan Pham,https://openalex.org/A5084716864,Advanced Institute of Materials Science,"['WPI Advanced Institute for Materials Research, Tohoku University 1 , Aoba-ku, Sendai 980-8577, Japan']"
https://openalex.org/W3119470003,https://openalex.org/W2796890367,"Steric/π‐Electronic Insulation of the <i>carbo</i>‐Benzene Ring: Dramatic Effects of <i>tert</i>‐Butyl versus Phenyl Crowns on Geometric, Chromophoric, Redox, and Magnetic Properties",Dymytrii Listunov,https://openalex.org/A5052807585,Laboratoire de Chimie de Coordination,"['CNRS, LCC (Laboratoire de Chimie de Coordination), 205 route de Narbonne, BP 44099, 31077 Toulouse Cedex 4, France', 'Université de Toulouse, UPS, ICT-FR 2599  118 route de Narbonne 31062 Toulouse Cedex 9 France']"
https://openalex.org/W3119470003,https://openalex.org/W2802013636,Synthesis and properties of π-conjugated donor–acceptor macrocycles derived from phenanthrylene building blocks,Bhimrao Vaijnath Phulwale,https://openalex.org/A5065036583,Masaryk University,"['CEITEC - Central European Institute of Technology, Masaryk University, Kamenice 5, 625 00 Brno-Bohunice, Czech Republic', 'Department of Chemistry, Faculty of Science, Masaryk University, Kotlářská 2, 611 37 Brno, Czech Republic']"
https://openalex.org/W3119470003,https://openalex.org/W2885465838,Photophysical behaviour of BODIPY-phenylacetylene macrocyclic dyads for light-harvesting applications,Muhammad Yousaf,https://openalex.org/A5056509771,Toronto Metropolitan University,"['Canada', 'Department of Chemistry and Biology, Ryerson University, 350 Victoria St, Toronto, Canada', 'Institute of Chemistry', 'Institute of Chemistry, University of the Punjab, Quaid-i-Azam Campus, Lahore-54590, Pakistan', 'Toronto']"
https://openalex.org/W3119470003,https://openalex.org/W2891559203,"Cycloparaphenylenes (CPPs): An Overview of Synthesis, Properties, and Potential Applications",Di Wu,https://openalex.org/A5062142807,Wuhan University of Technology,"['School of Chemistry, Chemical Engineering and Life Science, Wuhan University of Technology, No. 122 Luoshi Road, Wuhan, 430070 China']"
https://openalex.org/W3119470003,https://openalex.org/W2894787488,Fully Conjugated [4]Chrysaorene. Redox-Coupled Anion Binding in a Tetraradicaloid Macrocycle,Hanna Gregolińska,https://openalex.org/A5036660733,University of Wrocław,"['Wydział Chemii, Uniwersytet Wrocławski, ul. F. Joliot-Curie 14, 50-383 Wrocław, Poland']"
https://openalex.org/W3119470003,https://openalex.org/W2896585063,Synthesis of Functional Carbo-benzenes with Functional Properties: The C2 Tether Key,Kévin Cocq,https://openalex.org/A5001611545,error,['Laboratoire de chimie de coordination']
https://openalex.org/W3119470003,https://openalex.org/W2919473886,Functional molecular switches involving tetrapyrrolic macrocycles,Alexander G. Martynov,https://openalex.org/A5032109012,Frumkin Institute of Physical Chemistry and Electrochemistry,"['A.N. Frumkin Institute of Physical Chemistry and Electrochemistry, Russian Academy of Sciences, 119071, Leninskiy pr., 31, bldg.4, Moscow, Russia']"
https://openalex.org/W3119470003,https://openalex.org/W2922347881,Conjugated Macrocycles in Organic Electronics,Melissa L. Ball,https://openalex.org/A5057905397,Columbia University,"['Department of Chemistry, Columbia University, New York, New York 10027, United States']"
https://openalex.org/W3119470003,https://openalex.org/W2951140470,From Macrocyclic Oligo-acetylenes to Aromatic Ring <i>Carbo</i>-mers,Valérie Maraval,https://openalex.org/A5016136653,Laboratoire de Chimie de Coordination,"['Laboratoire de Chimie de Coordination du CNRS, UPR 8241, 205 Route de Narbonne 31 077, Toulouse Cedex 4, France']"
https://openalex.org/W3119470003,https://openalex.org/W2969450936,"Shape-Persistent π-Conjugated Macrocycles with Aggregation-Induced Emission Property: Synthesis, Mechanofluorochromism, and Mercury(II) Detection",Yi Liu,https://openalex.org/A5012332972,Shenzhen University,"['Shenzhen Key Laboratory of Polymer Science and Technology, Guangdong Research Center for Interfacial Engineering of Functional Materials, College of Materials Science and Engineering \xa0and\xa0 Centre for AIE Research, Shenzhen University, Shenzhen 518060, China']"
https://openalex.org/W3119470003,https://openalex.org/W2969647220,"A macrocyclic oligofuran: synthesis, solid state structure and electronic properties",Sandip V. Mulay,https://openalex.org/A5050160858,Hebrew University of Jerusalem,"['Institute of Chemistry, The Hebrew University of Jerusalem, Edmond J. Safra Campus, Jerusalem, Israel', 'Israel', 'Jerusalem']"
https://openalex.org/W3119470003,https://openalex.org/W2972759905,Unusual near infrared (NIR) fluorescent palladium(<scp>ii</scp>) macrocyclic complexes containing M–C bonds with bioimaging capability,Yuhang Yao,https://openalex.org/A5071052075,Beijing National Laboratory for Molecular Sciences,"['Beijing 100871', 'Beijing National Laboratory for Molecular Sciences, State Key Laboratory of Rare Earth Materials Chemistry and Applications, College of Chemistry and Molecular Engineering, Peking University, Beijing 100871, P. R. China', 'College of Chemistry and Molecular Engineering', 'Peking University', 'State Key Laboratory of Rare Earth Materials Chemistry and Applications']"
https://openalex.org/W3119470003,https://openalex.org/W2992870611,Controllable Photophysical and Nonlinear Properties in Conformation Isomerization of Macrocyclic [32]Octaphyrin(1.0.1.0.1.0.1.0) Involving Hückel and Möbius Topologies,Zeyu Liu,https://openalex.org/A5100376642,Jiangsu University of Science and Technology,"[""College of Biotechnology, Jiangsu University of Science and Technology, Zhenjiang 212018, People's Republic of China""]"
https://openalex.org/W3119470003,https://openalex.org/W2997008709,Thermally Activated Delayed Fluorescent Donor–Acceptor–Donor–Acceptor π-Conjugated Macrocycle for Organic Light-Emitting Diodes,Saika Izumi,https://openalex.org/A5009611949,Osaka University,"['Department of Applied Chemistry, Graduate School of Engineering, Osaka University, Yamadaoka 2-1, Suita, Osaka 565-0871, Japan']"
https://openalex.org/W3119470003,https://openalex.org/W3003377280,Exceptionally high NLO response and deep ultraviolet transparency of superalkali doped macrocyclic oligofuran rings,Hasnain Sajid,https://openalex.org/A5038884843,Abbottabad University of Science and Technology,"['Abbottabad 22060', 'COMSATS University Islamabad', 'Department of Chemistry, COMSATS University Islamabad, Abbottabad Campus, Abbottabad 22060, Pakistan', 'Pakistan']"
https://openalex.org/W3178957797,https://openalex.org/W1974802781,Two-Dimensional Line Shapes Derived from Coherent Third-Order Nonlinear Spectroscopy,Andrei Tokmakoff,https://openalex.org/A5021659494,Massachusetts Institute of Technology,"['Department of Chemistry, Massachusetts Institute of Technology, Cambridge, Massachusetts 02139']"
https://openalex.org/W3178957797,https://openalex.org/W2007556342,A Mathematical Model for the Narrowing of Spectral Lines by Exchange or Motion,P. W. Anderson,https://openalex.org/A5061367232,error,"['Bell Telephone Laboratories, Inc. Fulbright Lecturer, Tokyo University']"
https://openalex.org/W3178957797,https://openalex.org/W2013669807,Theory of transient excitonic optical nonlinearities in semiconductor quantum-well structures,S. Schmitt‐Rink,https://openalex.org/A5033218721,AT&T (United States),"['AT&T Bell Laboratories Murray Hill, New Jersey 07974']"
https://openalex.org/W3178957797,https://openalex.org/W2017524297,Homogeneous Emission Line Broadening in the Organo Lead Halide Perovskite CH<sub>3</sub>NH<sub>3</sub>PbI<sub>3–<i>x</i></sub>Cl<sub><i>x</i></sub>,Christian Wehrenfennig,https://openalex.org/A5021063053,University of Oxford,"['University of Oxford, Department of Physics, Clarendon Laboratory, Parks Road, Oxford OX1 3PU, United Kingdom']"
https://openalex.org/W3178957797,https://openalex.org/W2606949807,Many-Body Interactions in Semiconductors Probed by Optical Two-Dimensional Fourier Transform Spectroscopy,Xiaoqin Li,https://openalex.org/A5100707516,National Institute of Standards and Technology,"['JILA, University of Colorado and National Institute of Standards and Technology, Boulder, Colorado 80309-0440, USA']"
https://openalex.org/W3178957797,https://openalex.org/W2040955846,Optical spectroscopy of two-dimensional layered (C_6H_5C_2H_4-NH_3)_2-PbI_4 perovskite,K. Gauthron,https://openalex.org/A5005151407,Centre National de la Recherche Scientifique,"['Laboratoire de Photonique et de Nanostructures , Centre National de la Recherche Scientifique , route de Nozay, 91460 Marcoussis, France']"
https://openalex.org/W3178957797,https://openalex.org/W2047868588,Role of excitation-induced shift in the coherent optical response of semiconductors,Justin M. Shacklette,https://openalex.org/A5005898996,National Institute of Standards and Technology,"['JILA, University of Colorado and National Institute of Standards and Technology Boulder, Colorado 80309']"
https://openalex.org/W3178957797,https://openalex.org/W2051409547,Luminescence linewidths of excitons in GaAs quantum wells below 150 K,Johnson Lee,https://openalex.org/A5064406162,error,"['GTE Laboratories, Inc., 40 Sylvan Road, Waltham, Massachusetts 02254']"
https://openalex.org/W3178957797,https://openalex.org/W2078901757,Dielectric confinement effect for exciton and biexciton states in PbI4-based two-dimensional semiconductor structures,Teruya Ishihara,https://openalex.org/A5067894370,Brown University,"['Division of Engineering and Department of Physics Brown University, Providence, RI 02912, USA']"
https://openalex.org/W3178957797,https://openalex.org/W2085416858,Resonance lineshapes in two-dimensional Fourier transform spectroscopy,Mark E. Siemens,https://openalex.org/A5067287328,National Institute of Standards and Technology,"['JILA, University of Colorado and National Institute of Standards and Technology, Boulder, Colorado\u200980309-0440 USA']"
https://openalex.org/W3178957797,https://openalex.org/W2159312847,Experimental Implementations of Two-Dimensional Fourier Transform Electronic Spectroscopy,Franklin D. Fuller,https://openalex.org/A5090922242,University of Michigan–Ann Arbor,"['Department of Physics, University of Michigan, Ann Arbor, Michigan 48109;']"
https://openalex.org/W3178957797,https://openalex.org/W2320924056,Analysis of Multivalley and Multibandgap Absorption and Enhancement of Free Carriers Related to Exciton Screening in Hybrid Perovskites,Jacky Even,https://openalex.org/A5055401545,Fonctions Optiques pour les Technologies de l’information,"[""FOTON - Fonctions Optiques pour les Technologies de l'informatiON (ENSSAT 6, rue de Kerampont CS 80518 22305 LANNION Cedex - France)""]"
https://openalex.org/W3178957797,https://openalex.org/W2320924056,Analysis of Multivalley and Multibandgap Absorption and Enhancement of Free Carriers Related to Exciton Screening in Hybrid Perovskites,Jacky Even,https://openalex.org/A5055401545,Fonctions Optiques pour les Technologies de l’information,"[""FOTON - Fonctions Optiques pour les Technologies de l'informatiON (ENSSAT 6, rue de Kerampont CS 80518 22305 LANNION Cedex - France)""]"
https://openalex.org/W3178957797,https://openalex.org/W2417573578,Photophysics of Hybrid Lead Halide Perovskites: The Role of Microstructure,Ajay Ram Srimath Kandada,https://openalex.org/A5023786923,Center for Nano Science and Technology,"['Center for Nano Science and\rTechnology @Polimi, Istituto Italiano di Tecnologia, via Giovanni\rPascoli 70/3, 20133 Milan, Italy']"
https://openalex.org/W3178957797,https://openalex.org/W2533641981,Local Polar Fluctuations in Lead Halide Perovskite Crystals,Omer Yaffe,https://openalex.org/A5009430471,Columbia University,"['Department of Chemistry, Columbia University, New York, New York 10027, USA']"
https://openalex.org/W3178957797,https://openalex.org/W2615965776,Giant Bandgap Renormalization and Exciton–Phonon Scattering in Perovskite Nanocrystals,Rinku Saran,https://openalex.org/A5084318088,University of Manchester,"['The Photon Science Institute, School of Electrical and Electronic Engineering, The University of Manchester, Alan Turing Building, Oxford Road, Manchester, M13 9PL UK']"
https://openalex.org/W3178957797,https://openalex.org/W2850935192,Phonon Coupling with Excitons and Free Carriers in Formamidinium Lead Bromide Perovskite Nanocrystals,Supriya Ghosh,https://openalex.org/A5014892894,Indian Institute of Technology Mandi,"['School of Basic Sciences and Advanced Material Research Center, Indian Institute of Technology Mandi, Kamand, 175005 Himachal Pradesh, India']"
https://openalex.org/W3178957797,https://openalex.org/W2883072253,Phonon coherences reveal the polaronic character of excitons in two-dimensional lead halide perovskites,Félix Thouin,https://openalex.org/A5008622332,Georgia Institute of Technology,"['School of Physics, Georgia Institute of Technology, Atlanta, GA, USA']"
https://openalex.org/W3178957797,https://openalex.org/W2899631718,Two-Dimensional Hybrid Halide Perovskites: Principles and Promises,Lingling Mao,https://openalex.org/A5071764319,Northwestern University,"['Department of Chemistry, Northwestern University, 2145 Sheridan Road, Evanston, Illinois 60208, United States']"
https://openalex.org/W3178957797,https://openalex.org/W2903727814,Lattice vibrations and dynamic disorder in two-dimensional hybrid lead-halide perovskites,Vlad Alexandru Dragomir,https://openalex.org/A5003884213,error,[]
https://openalex.org/W3178957797,https://openalex.org/W2911025402,Quantum and Dielectric Confinement Effects in Lower-Dimensional Hybrid Perovskite Semiconductors,Claudine Katan,https://openalex.org/A5013980649,Centre National de la Recherche Scientifique,"['Univ Rennes, ENSCR, INSA Rennes, CNRS, ISCR (Institut des Sciences Chimiques de Rennes) - UMR 6226, F-35000 Rennes, France']"
https://openalex.org/W3178957797,https://openalex.org/W2911288843,Anomalous Temperature-Dependent Exciton–Phonon Coupling in Cesium Lead Bromide Perovskite Nanosheets,Xiangzhou Lao,https://openalex.org/A5070230670,University of Hong Kong,"['Department of Physics, Shenzhen Institute of Research and Innovation (HKU-SIRI), The University of Hong Kong, Pokfulam Road, Hong Kong, China']"
https://openalex.org/W3178957797,https://openalex.org/W2916441805,Longer Cations Increase Energetic Disorder in Excitonic 2D Hybrid Perovskites,Daniel B. Straus,https://openalex.org/A5023058395,University of Pennsylvania,"['Departments of Chemistry, University of Pennsylvania, Philadelphia, Pennsylvania 19104, United States']"
https://openalex.org/W3178957797,https://openalex.org/W2941002141,Enhanced screening and spectral diversity in many-body elastic scattering of excitons in two-dimensional hybrid metal-halide perovskites,Félix Thouin,https://openalex.org/A5008622332,State Street (United States),"['School of Physics, Georgia Institute of Technology, 837 State Street NW, Atlanta, Georgia 30332, USA']"
https://openalex.org/W3178957797,https://openalex.org/W2968005694,Electron–Phonon Couplings Inherent in Polarons Drive Exciton Dynamics in Two-Dimensional Metal-Halide Perovskites,Félix Thouin,https://openalex.org/A5008622332,Georgia Institute of Technology,"['School of Physics, Georgia Institute of Technology, 837 State Street NW, Atlanta, Georgia 30332, United States']"
https://openalex.org/W3178957797,https://openalex.org/W2981602912,Exciton–phonon interaction in quasi-two dimensional layered (PEA)<sub>2</sub>(CsPbBr<sub>3</sub>)<sub>n−1</sub>PbBr<sub>4</sub> perovskite,Hao Long,https://openalex.org/A5027003517,Xiamen University,"[""People's Republic of China"", ""School of Electronic Science and Engineering (National Model Microelectronics College), Xiamen University, Xiamen 361005, People's Republic of China"", 'Xiamen 361005', 'Xiamen University']"
https://openalex.org/W3178957797,https://openalex.org/W3030400954,Role of Exciton Binding Energy on LO Phonon Broadening and Polaron Formation in (BA)₂PbI₄ Ruddlesden–Popper Films,Hamidreza Esmaielpour,https://openalex.org/A5072226857,error,[]
https://openalex.org/W3178957797,https://openalex.org/W3038387099,Tunable exciton binding energy in 2D hybrid layered perovskites through donor–acceptor interactions within the organic layer,James Passarelli,https://openalex.org/A5052028298,Northwestern University,"['Department of Chemistry, Northwestern University, Evanston, IL, USA']"
https://openalex.org/W3178957797,https://openalex.org/W3049540612,Suppressing Strong Exciton–Phonon Coupling in Blue Perovskite Nanoplatelet Solids by Binary Systems,Lin Yu,https://openalex.org/A5101825450,University of Macau,"['Joint Key Laboratory of the Ministry of Education, Institute of Applied Physics and Materials Engineering, University of Macau, Macao SAR, 999078 China', 'These authors contributed equally to this work.']"
https://openalex.org/W3178957797,https://openalex.org/W3096957020,Toward Engineering Intrinsic Line Widths and Line Broadening in Perovskite Nanoplatelets,Albert Liu,https://openalex.org/A5012580765,University of Michigan–Ann Arbor,"['Department of Physics, University of Michigan, Ann Arbor, Michigan 48109, United States']"
https://openalex.org/W3178957797,https://openalex.org/W3099554465,Stochastic scattering theory for excitation-induced dephasing: Comparison to the Anderson–Kubo lineshape,Hao Li,https://openalex.org/A5100348592,University of Houston,"['Department of Chemistry, University of Houston 1 , Houston, Texas 77204, USA']"
https://openalex.org/W3178957797,https://openalex.org/W3117740921,Disentangling Electron–Phonon Coupling and Thermal Expansion Effects in the Band Gap Renormalization of Perovskite Nanocrystals,Andrea Rubino,https://openalex.org/A5059486342,Instituto de Ciencia de Materiales de Sevilla,"['Institute of Materials Science of Seville, Spanish National Research Council-University of Seville, C/Américo Vespucio 49, 41092 Seville, Spain']"
https://openalex.org/W3178957797,https://openalex.org/W3165674458,"Polaronic quantum confinement in bulk <mml:math xmlns:mml=""http://www.w3.org/1998/Math/MathML""><mml:mrow><mml:mi>CsPb</mml:mi><mml:msub><mml:mi>Br</mml:mi><mml:mn>3</mml:mn></mml:msub></mml:mrow></mml:math> perovskite crystals revealed by state-resolved pump/probe spectroscopy",Colin Sonnichsen,https://openalex.org/A5080918290,McGill University,"['Department of Chemistry, McGill University, Montreal H3A 0B8, Canada']"
https://openalex.org/W3178957797,https://openalex.org/W3172530001,Exciton linewidth broadening induced by exciton–phonon interactions in CsPbBr3 nanocrystals,Buyang Yu,https://openalex.org/A5061134102,Collaborative Innovation Center of Advanced Microstructures,"['National Laboratory of Solid State Microstructures, School of Physics, and Collaborative Innovation Center for Advanced Microstructures, Nanjing University, Nanjing 210093, China']"
https://openalex.org/W3178957797,https://openalex.org/W3174521587,Peculiar anharmonicity of Ruddlesden Popper metal halides: Temperature-dependent phonon dephasing,Esteban Rojas Gatjens,https://openalex.org/A5026049408,Georgia Institute of Technology,['Georgia Institute of Technology']
https://openalex.org/W3178957797,https://openalex.org/W641544850,Concepts and Methods of 2D Infrared Spectroscopy,Peter Hamm,https://openalex.org/A5083426169,University of Zurich,"['[University of Zurich, Zürich, Switzerland]']"
https://openalex.org/W3197250576,https://openalex.org/W1965829423,Direct Correlation of Charge Transfer Absorption with Molecular Donor:Acceptor Interfacial Area via Photothermal Deflection Spectroscopy,Ester Buchaca-Domingo,https://openalex.org/A5081259778,Imperial College London,"['Department of Materials and Centre for Plastic Electronics , Imperial College London , London SW7 2AZ , U.K.', 'Division\rof Physical Sciences and Engineering, Solar and Photovoltaic Engineering\rResearch Center, King Abdullah University of Science and Technology (KAUST), Thuwal 23955-6900, Saudi Arabia']"
https://openalex.org/W3197250576,https://openalex.org/W1989355537,Liquid-crystalline semiconducting polymers with high charge-carrier mobility,Iain McCulloch,https://openalex.org/A5034296749,Merck (United Kingdom),"['Merck Chemicals, Chilworth Science Park, Southampton, S016 7QD, UK']"
https://openalex.org/W3197250576,https://openalex.org/W2022996148,Organic Semiconductor:Insulator Polymer Ternary Blends for Photovoltaics,Toby A. M. Ferenczi,https://openalex.org/A5068361042,Imperial College London,"['Department of Physics, Blackett Laboratory, Imperial College London, London SW7 2AZ, UK']"
https://openalex.org/W3197250576,https://openalex.org/W2032525825,The effect of phase morphology on the nature of long-lived charges in semiconductor polymer:fullerene systems,Fei Dou,https://openalex.org/A5085702012,Regroupement Québécois sur les Matériaux de Pointe,"['Canada', 'Department of Materials and Centre for Plastic Electronics', 'Département de physique & Regroupement québécois sur les matériaux de pointe', 'Montréal', 'Université de Montréal']"
https://openalex.org/W3197250576,https://openalex.org/W2035711782,Molecular Basis of Mesophase Ordering in a Thiophene-Based Copolymer,Dean M. DeLongchamp,https://openalex.org/A5055991751,National Institute of Standards and Technology,"['National Institute of Standards and Technology, Gaithersburg, Maryland 20899; Stanford Synchrotron Radiation Laboratory, Menlo Park, California 94025; Department of Materials, Queen Mary, University of London, London E1 4NS, U.K.; and Department of Chemistry, Imperial College of London, London SW7 2AZ, U.K.']"
https://openalex.org/W3197250576,https://openalex.org/W2059801952,There Is a Hole in My Bucky,Jan C. Hummelen,https://openalex.org/A5000680547,"University of California, Santa Barbara","['Dipartimento di Scienze Farmaceutiche Piazzale Europa 1, 34127 Trieste, Italy', 'Institute for Polymers and Organic Solids Department of Chemistry and Physics University of California, Santa Barbara Santa Barbara, California 93106']"
https://openalex.org/W3197250576,https://openalex.org/W2071134066,Polymer Photovoltaic Cells: Enhanced Efficiencies via a Network of Internal Donor-Acceptor Heterojunctions,Gang Yu,https://openalex.org/A5101753831,"University of California, Santa Barbara","['Institute for Polymers and Organic Solids, University of California at Santa Barbara, Santa Barbara, CA 93106-5090, USA.']"
https://openalex.org/W3197250576,https://openalex.org/W2087536963,Preparation and Characterization of Fulleroid and Methanofullerene Derivatives,Jan C. Hummelen,https://openalex.org/A5000680547,error,['Chemistry of (Bio)organic Materials and Devices']
https://openalex.org/W3197250576,https://openalex.org/W2099465962,"Use of X‐Ray Diffraction, Molecular Simulations, and Spectroscopy to Determine the Molecular Packing in a Polymer‐Fullerene Bimolecular Crystal",Nichole Cates,https://openalex.org/A5051389123,Stanford University,"['Department of Materials Science and Engineering, Stanford University, Stanford, CA 94305, USA']"
https://openalex.org/W3197250576,https://openalex.org/W2101150782,Additive-assisted supramolecular manipulation of polymer:fullerene blend phase morphologies and its influence on photophysical processes,Ester Buchaca-Domingo,https://openalex.org/A5081259778,Imperial College London,"['Department of Materials and Centre for Plastic Electronics', 'Imperial College London', 'London, UK']"
https://openalex.org/W3197250576,https://openalex.org/W2130810321,Fullerenecrystallisation as a key driver of charge separation in polymer/fullerene bulk heterojunction solar cells,Fiona C. Jamieson,https://openalex.org/A5062410635,Imperial College London,"['Centre for Plastic Electronics, Department of Chemistry, Imperial College London, Exhibition Road,London,UK']"
https://openalex.org/W3197250576,https://openalex.org/W2156845579,Factors Governing Intercalation of Fullerenes and Other Small Molecules Between the Side Chains of Semiconducting Polymers Used in Solar Cells,Nichole Cates,https://openalex.org/A5051389123,Stanford University,"['Department of Materials Science and Engineering, Stanford University, Stanford, CA 94305, USA']"
https://openalex.org/W3197250576,https://openalex.org/W2507834122,The fate of electron–hole pairs in polymer:fullerene blends for organic photovoltaics,Martina Causa’,https://openalex.org/A5042707238,University of Fribourg,"['Department of Chemistry, University of Fribourg, Chemin du Musée 9, Fribourg, CH-1700, Switzerland']"
https://openalex.org/W3197250576,https://openalex.org/W2619070828,Vapor phase infiltration (VPI) for transforming polymers into organic–inorganic hybrid materials: a critical review of current progress and future challenges,Collen Z. Leng,https://openalex.org/A5039590210,Georgia Institute of Technology,"['Atlanta', 'School of Materials Science and Engineering, Georgia Institute of Technology, 771 Ferst Drive NW, Atlanta, GA 30332, USA', 'USA']"
https://openalex.org/W3197250576,https://openalex.org/W2634755761,Morphology visualization of P3HT:Fullerene blends by using subsurface atomic layer deposition,Stas Obuchovsky,https://openalex.org/A5088673307,Technion – Israel Institute of Technology,"['Department of Materials Science and Engineering, Technion, Israel Institute of Technology, Haifa, 32000, Israel']"
https://openalex.org/W3197250576,https://openalex.org/W2897168609,Terahertz short-range mobilities in neat and intermixed regions of polymer:fullerene blends with controlled phase morphology,Philipp Krauspe,https://openalex.org/A5008026591,University of Bern,"['3012 Switzerland', 'Department of Chemistry and Biochemistry, University of Bern, Freiestrasse 3, 3012 Switzerland', 'University of Bern']"
https://openalex.org/W3197250576,https://openalex.org/W2964377950,Impact of Marginal Exciton–Charge-Transfer State Offset on Charge Generation and Recombination in Polymer:Fullerene Solar Cells,Michelle S. Vezie,https://openalex.org/A5008368914,Imperial College London,"['Department of Physics and Centre for Plastic Electronics, Imperial College London, London SW7 2AZ, United Kingdom']"
https://openalex.org/W3197250576,https://openalex.org/W3036983971,Toward Fast Screening of Organic Solar Cell Blends,Artem Levitsky,https://openalex.org/A5033755770,Technion – Israel Institute of Technology,['Department of Material Science and Engineering Technion—Israel Institute of Technology  Haifa 3200003 Israel']
https://openalex.org/W3197250576,https://openalex.org/W3166647847,Providing a Window into the Phase Behavior of Semiconducting Polymers,Ioan Botiz,https://openalex.org/A5008610037,Babeș-Bolyai University,"['Interdisciplinary Research Institute on Bio-Nano-Sciences, Babes-Bolyai University, Treboniu Laurian nr. 42, Cluj-Napoca 400271, Romania']"
https://openalex.org/W4386536801,https://openalex.org/W1596845954,A Stochastic Theory of Line Shape,Ryogo Kubo,https://openalex.org/A5014821132,The University of Tokyo,"['Department of Physics, University of Tokyo (Japan)']"
https://openalex.org/W4386536801,https://openalex.org/W1973362186,Stochastic theory of resonance Raman line shapes of polyatomic molecules in condensed phases,Shaul Mukamel,https://openalex.org/A5085637107,University of Rochester,"['Department of Chemistry, University of Rochester, Rochester, New York 14627']"
https://openalex.org/W4386536801,https://openalex.org/W1978553093,Teleporting an unknown quantum state via dual classical and Einstein-Podolsky-Rosen channels,Charles H. Bennett,https://openalex.org/A5053166798,IBM Research - Thomas J. Watson Research Center,"['IBM Research Division, Thomas J. Watson Research Center, Yorktown Heights, New York 10598']"
https://openalex.org/W4386536801,https://openalex.org/W2001433719,Effect of the dipole-dipole interaction for two atoms with different couplings in a non-Markovian environment,Li Yang,https://openalex.org/A5100421097,Peking University,"[""CREAM Group, State Key Laboratory of Advanced Optical Communication Systems and Networks (Peking University) and Institute of Quantum Electronics, School of Electronics Engineering and Computer Science, and Center for Computational Science and Engineering (CCSE), Peking University, Beijing 100871, People's Republic of China""]"
https://openalex.org/W4386536801,https://openalex.org/W2006422372,Relaxation Processes in a System of Two Spins,I. Solomon,https://openalex.org/A5046593076,Harvard University Press,"['Lyman Laboratory, Harvard University, Cambridge, Massachusetts']"
https://openalex.org/W4386536801,https://openalex.org/W2007556342,A Mathematical Model for the Narrowing of Spectral Lines by Exchange or Motion,P. W. Anderson,https://openalex.org/A5061367232,error,"['Bell Telephone Laboratories, Inc. Fulbright Lecturer, Tokyo University']"
https://openalex.org/W4386536801,https://openalex.org/W2020725861,Communication via one- and two-particle operators on Einstein-Podolsky-Rosen states,Charles H. Bennett,https://openalex.org/A5053166798,IBM Research - Thomas J. Watson Research Center,"['IBM Research Division, Thomas J. Watson Research Center, Yorktown Heights, New York 10598']"
https://openalex.org/W4386536801,https://openalex.org/W2027072262,Theory of Spin Resonance and Relaxation,Petros N. Argyres,https://openalex.org/A5088029360,MIT Lincoln Laboratory,"['Lincoln Laboratory, Massachusetts Institute of Technology, Lexington, Massachusetts']"
https://openalex.org/W4386536801,https://openalex.org/W2036411054,Cross-correlation effects in the transverse relaxation of multiple-quantum transitions of heteronuclear spin systems,Robert Konrat,https://openalex.org/A5077702058,error,"['Institute of Organic and Pharmaceutical Chemistry, Leopold-Franzens University, Innrain 52, A-6020 Innstruck, Austria West Germany']"
https://openalex.org/W4386536801,https://openalex.org/W2063785360,On the Theory of Relaxation Processes,Alfred G. Redfield,https://openalex.org/A5043473088,Harvard University Press,"['Harvard University, USA']"
https://openalex.org/W4386536801,https://openalex.org/W2066245794,Note on the Stochastic Theory of Resonance Absorption,Ryogo Kubo,https://openalex.org/A5014821132,The University of Tokyo,"['Department of Physics, University of Tokyo']"
https://openalex.org/W4386536801,https://openalex.org/W2799933590,"Dynamics of entanglement protection of two qubits using a driven laser field and detunings: Independent and common, Markovian and/or non-Markovian regimes",Sare Golkar,https://openalex.org/A5080258814,Yazd University,"['Atomic and Molecular Group, Faculty of Physics, Yazd University, Yazd 89195-741, Iran']"
https://openalex.org/W4386536801,https://openalex.org/W3099554465,Stochastic scattering theory for excitation-induced dephasing: Comparison to the Anderson–Kubo lineshape,Hao Li,https://openalex.org/A5100348592,University of Houston,"['Department of Chemistry, University of Houston 1 , Houston, Texas 77204, USA']"
https://openalex.org/W4386536801,https://openalex.org/W2788645026,Theory of open quantum dynamics with hybrid noise,Anatoly Yu. Smirnov,https://openalex.org/A5042193075,D-Wave Systems (Canada),"['D-Wave Systems Inc., 3033 Beta Avenue, Burnaby BC, Canada']"
https://openalex.org/W4386536801,https://openalex.org/W3079678319,Stochastic scattering theory for excitation-induced dephasing: Time-dependent nonlinear coherent exciton lineshapes,Ajay Ram Srimath Kandada,https://openalex.org/A5023786923,Wake Forest University,"['Department of Physics and Center for Functional Materials, Wake Forest University 1 , 1834 Wake Forest Road, Winston-Salem, North Carolina 27109, USA']"
https://openalex.org/W4386536801,https://openalex.org/W3204385084,Entanglement instability in the interaction of two qubits with a common non-Markovian environment,G. Mouloudakis,https://openalex.org/A5032510151,University of Crete,"['Department of Physics, University of Crete, P.O. Box 2208, GR-71003, Heraklion, Crete, Greece']"
https://openalex.org/W4386536801,https://openalex.org/W4283717052,"Coalescence of non-Markovian dissipation, quantum Zeno effect, and non-Hermitian physics in a simple realistic quantum system",G. Mouloudakis,https://openalex.org/A5032510151,FORTH Institute of Electronic Structure and Laser,"['Department of Physics, University of Crete, P.O. Box 2208, 71003 Heraklion, Crete, Greece and Institute of Electronic Structure and Laser, FORTH, P.O. Box 1527, 71110 Heraklion, Greece']"
https://openalex.org/W4386536801,https://openalex.org/W4311358481,Entanglement Dynamics of Coupled Quantum Oscillators in Independent NonMarkovian Baths,Jen-Tsung Hsiang,https://openalex.org/A5042888445,National Central University,"['Center for High Energy and High Field Physics, National Central University, Taoyuan 320317, Taiwan']"
https://openalex.org/W4387232342,https://openalex.org/W1596845954,A Stochastic Theory of Line Shape,Ryogo Kubo,https://openalex.org/A5014821132,The University of Tokyo,"['Department of Physics, University of Tokyo (Japan)']"
https://openalex.org/W4387232342,https://openalex.org/W2007556342,A Mathematical Model for the Narrowing of Spectral Lines by Exchange or Motion,P. W. Anderson,https://openalex.org/A5061367232,error,"['Bell Telephone Laboratories, Inc. Fulbright Lecturer, Tokyo University']"
https://openalex.org/W4387232342,https://openalex.org/W2022814886,Thermally-Limited Exciton Delocalization in Superradiant Molecular Aggregates,Dylan H. Arias,https://openalex.org/A5030314152,Massachusetts Institute of Technology,"['Department\rof Chemistry and Center for Excitonics and ‡Research Laboratory of Electronics\rand Center for Excitonics, Massachusetts Institute of Technology, Cambridge, Massachusetts 02139,\rUnited States']"
https://openalex.org/W4387232342,https://openalex.org/W2055128322,The theory of contraction of proteins under their excitation,A. S. Davydov,https://openalex.org/A5059595265,error,"['The Institute of Theoretical Physics, Academy of Sciences of the Ukrainian S.S.R., Kiev, U.S.S.R.']"
https://openalex.org/W4387232342,https://openalex.org/W2063402633,On the complete integrability of a nonlinear Schr�dinger equation,В. Е. Захаров,https://openalex.org/A5025409614,error,[]
https://openalex.org/W4387232342,https://openalex.org/W2066245794,Note on the Stochastic Theory of Resonance Absorption,Ryogo Kubo,https://openalex.org/A5014821132,The University of Tokyo,"['Department of Physics, University of Tokyo']"
https://openalex.org/W4387232342,https://openalex.org/W2072703702,Solitons in Polyacetylene,W. P. Su,https://openalex.org/A5022855322,University of Pennsylvania,['Department of Physics University of Pennsylvania Philadelphia. Pennsylvania 19104']
https://openalex.org/W4387232342,https://openalex.org/W2076602648,The fluctuation-dissipation theorem,Ryogo Kubo,https://openalex.org/A5014821132,The University of Tokyo,"['Department of Physics, University of Tokyo (Japan)']"
https://openalex.org/W4387232342,https://openalex.org/W2464969954,Observation of the topological soliton state in the Su–Schrieffer–Heeger model,Erich Meier,https://openalex.org/A5055019386,University of Illinois Urbana-Champaign,"['Department of Physics, University of Illinois at Urbana-Champaign, Urbana, 61801-3080, Illinois, USA']"
https://openalex.org/W4387232342,https://openalex.org/W2607738424,Excitonic coupling dominates the homogeneous photoluminescence excitation linewidth in semicrystalline polymeric semiconductors,Pascal Grégoire,https://openalex.org/A5090176524,Regroupement Québécois sur les Matériaux de Pointe,"['Département de Physique and Regroupement québécois sur les matériaux de pointe, Université de Montréal, Case Postale 6128, succursale Centre-ville, Montréal H3C 3J7, Canada']"
https://openalex.org/W4387232342,https://openalex.org/W2883374895,Generalized Su-Schrieffer-Heeger Model in One Dimensional Optomechanical Arrays,Xun-Wei Xu,https://openalex.org/A5039859057,East China Jiaotong University,"['Department of Applied Physics, East China Jiaotong University, Nanchang, China', 'Key Laboratory of Low-Dimensional Quantum Structures and Quantum Control of Ministry of Education, Key Laboratory for Matter Microstructure and Function of Hunan Province, Department of Physics and Synergetic Innovation Center for Quantum Effects and Applications, Hunan Normal University, Changsha, China']"
https://openalex.org/W4387232342,https://openalex.org/W3101431017,Chemical Reactions In Condensed Phases,Abraham Nitzan,https://openalex.org/A5035641566,error,[]
https://openalex.org/W4387232342,https://openalex.org/W4220784572,Interplay of Quantum Mechanics and Nonlinearity,V. M. Kenkre,https://openalex.org/A5071418217,University of New Mexico,"['University of New Mexico, Albuquerque, USA']"
https://openalex.org/W3174521587,https://openalex.org/W648186649,Solid State Physics: Essential Concepts,David W. Snoke,https://openalex.org/A5091421596,University of Pittsburgh,['University of Pittsburgh']
https://openalex.org/W2975900310,https://openalex.org/W2044803677,A ‘missing’ family of classical orthogonal polynomials,Luc Vinet,https://openalex.org/A5066370290,Université de Montréal,"['Centre de Recherches Mathématiques, Universite de Montréal, PO Box 6128, Centre-ville Station, Montréal (Québec), H3C 3J7, Canada']"
https://openalex.org/W3213032539,https://openalex.org/W1965434391,Electrochromic organic and polymeric materials for display applications,Roger J. Mortimer,https://openalex.org/A5003203843,University of Florida,"['The George and Josephine Butler Polymer Research Laboratory, Department of Chemistry, Center for Macromolecular Sciences and Engineering, University of Florida, Gainesville, FL 32611, USA']"
https://openalex.org/W3213032539,https://openalex.org/W1972277019,In vivo recordings of brain activity using organic transistors,Dion Khodagholy,https://openalex.org/A5010668757,Mines Saint-Étienne,"['Ecole Nationale Supérieure des Mines de Saint-Etienne, Centre Microélectronique de Provence (EMSE-CMP)']"
https://openalex.org/W3213032539,https://openalex.org/W1981192087,Structural Model of Regioregular Poly(3-hexylthiophene) Obtained by Electron Diffraction Analysis,Navaphun Kayunkid,https://openalex.org/A5001870558,Université de Strasbourg,"['Institut Charles Sadron, CNRS-Université de Strasbourg, 23 rue du Loess, 67034 Strasbourg, France']"
https://openalex.org/W3213032539,https://openalex.org/W1981696091,Conjugated Polymer Actuators for Biomedical Applications,Elisabeth Smela,https://openalex.org/A5088261669,error,[]
https://openalex.org/W3213032539,https://openalex.org/W1991557939,Evidence of a Novel Side Chain Structure in Regioregular Poly(3-alkylthiophenes),Ty J. Prosa,https://openalex.org/A5039416839,University of Wisconsin–Madison,"['Department of Physics, University of Wisconsin, Madison, Wisconsin 53706']"
https://openalex.org/W3213032539,https://openalex.org/W2008766615,The influence of the structural defects and microscopic aggregation of poly(3-alkylthiophenes) on electrochemical and optical properties of the polymer films: discussion of an origin of redox peaks in the cyclic voltammograms,Magdalena Skompska,https://openalex.org/A5050601645,University of Warsaw,"['Laboratory of Electrochemistry, Department of Chemistry, University of Warsaw, ul. Pasteura 1, 02 093 Warsaw, Poland']"
https://openalex.org/W3213032539,https://openalex.org/W2009456380,"In Situ Spectroelectrochemical Raman Studies of Poly(3,4-ethylenedioxythiophene) (PEDT)",S. Garreau,https://openalex.org/A5016489762,Institut des Matériaux Jean Rouxel,"['Laboratoire de Physique Cristalline, Institut des Matériaux de Nantes, B.P. 32229, 44322 Nantes Cedex 3, France']"
https://openalex.org/W3213032539,https://openalex.org/W2010302203,"Studies of dopant effects in poly(3,4-ethylenedi-oxythiophene) using Raman spectroscopy",William W. Chiu,https://openalex.org/A5041201111,University of Auckland,"['Polymer Electronics Research Centre, Department of Chemistry, The University of Auckland, Private Bag 92019, Auckland, New Zealand']"
https://openalex.org/W3213032539,https://openalex.org/W2012781661,Designing conducting polymer-based sensors: selective ionochromic response in crown ether-containing polythiophenes,Michael J. Marsella,https://openalex.org/A5053620260,error,[]
https://openalex.org/W3213032539,https://openalex.org/W2042707645,Organic Electrode Materials for Rechargeable Lithium Batteries,Yanliang Liang,https://openalex.org/A5043474041,Nankai University,"['Key Laboratory of Advanced Energy Materials Chemistry, (Ministry of Education), Chemistry College, Nankai University, Tianjin 300071, China.']"
https://openalex.org/W3213032539,https://openalex.org/W2043008793,Enzymatic sensing with organic electrochemical transistors,Daniel A. Bernards,https://openalex.org/A5075044871,Cornell University,"['Cornell University, Ithaca, NY, USA']"
https://openalex.org/W3213032539,https://openalex.org/W2044688936,Organic Electrochemical Transistors for Clinical Applications,P. Leleux,https://openalex.org/A5004485471,Mines Saint-Étienne,"['Department of Bioelectronics Ecole Nationale Supérieure des Mines  CMP‐EMSE, MOC 13541 Gardanne France', 'INSERM, UMR_S 1106, F‐13005 Marseille, France Aix‐Marseille Université  F‐13005 Marseille France', ""MicroVitae Technologies, Pôle d'Activité Y. Morandat  1480 rue d'Arménie 13120 Gardanne France""]"
https://openalex.org/W3213032539,https://openalex.org/W2048400654,Electrochemical properties of luminescent polymers and polymer light-emitting electrochemical cells,Yongfang Li,https://openalex.org/A5100694086,"University of California, Santa Barbara","['Institute for Polymers and Organic Solids, University of California at Santa Barbara, Santa Barbara, CA 93106-5090, USA']"
https://openalex.org/W3213032539,https://openalex.org/W2054810869,"A general relationship between disorder, aggregation and charge transport in conjugated polymers",Rodrigo Noriega,https://openalex.org/A5002553841,"University of California, Berkeley","['Department of Applied Physics, Stanford University, Stanford, California 94305, USA', 'Present addresses: Department of Chemistry, University of California Berkeley, 94720, USA (R.N.); Department of Bioelectronics, Ecole Nationale Supérieure des Mines, CMP-EMSE, MOC, 13541 Gardanne, France (J.R.),']"
https://openalex.org/W3213032539,https://openalex.org/W2059148518,Resonance Chemical Imaging of Polythiophene/Fullerene Photovoltaic Thin Films: Mapping Morphology-Dependent Aggregated and Unaggregated C═C Species,Yongqian Gao,https://openalex.org/A5100951626,University of New Mexico,"['Department of Chemistry and Chemical Biology, University of New Mexico, Albuquerque, New Mexico 87131']"
https://openalex.org/W3213032539,https://openalex.org/W2059263224,The organic electrochemical transistor for biological applications,Xenofon Strakosas,https://openalex.org/A5085890600,Mines Saint-Étienne,"['Department of Bioelectronics Ecole Nationale Supérieure des Mines CMP‐EMSE, MOC, 880 avenue de Mimet 13541 Gardanne France', 'Xenofon Strakosas and Manuelle Bongo contributed equally to this work.']"
https://openalex.org/W3213032539,https://openalex.org/W2066620132,"Vibrational spectroscopy and structure of polymer electrolytes, poly(ethylene oxide) complexes of alkali metal salts",B. L. Papke,https://openalex.org/A5002212341,Northwestern University,"['Department of Chemistry and Materials Research Center, Northwestern University, Evanston, IL 60201, U.S.A.']"
https://openalex.org/W3213032539,https://openalex.org/W2074546090,Tuning of the aqueous electroactivity of substituted poly(thiophene)s by ether groups,Jean Roncali,https://openalex.org/A5037633237,Centre National de la Recherche Scientifique,"['Laboratoire des Matériaux Moléculaires, CNRS ER 241, 2 rue Henry Dunant, 94320 Thiais France']"
https://openalex.org/W3213032539,https://openalex.org/W2078853455,Conducting-polymer-based supercapacitor devices and electrodes,Graeme A. Snook,https://openalex.org/A5007454868,CSIRO Manufacturing,"['CSIRO Process Science and Engineering, Box 312, Clayton South, Victoria 3169, Australia']"
https://openalex.org/W3213032539,https://openalex.org/W2092227202,Electrical conductivity in ionic complexes of poly(ethylene oxide),Peter V. Wright,https://openalex.org/A5103470073,University of Sheffield,"['Department of Ceramics, Glasses and Polymers, University of Sheffield S10 2TZ']"
https://openalex.org/W3213032539,https://openalex.org/W2094133943,The chemical and structural origin of efficient p-type doping in P3HT,Duc T. Duong,https://openalex.org/A5042854247,Stanford University,"['Department of Materials Science and Engineering Stanford University, Stanford CA 94305, USA']"
https://openalex.org/W3213032539,https://openalex.org/W2117881244,Electronic control of Ca2+ signalling in neuronal cells using an organic electronic ion pump,Joakim Isaksson,https://openalex.org/A5057559353,Linköping University,"['Department of Science and Technology, Campus Norrköping, Linköpings Universitet, SE-601 74 Norrköping, Sweden']"
https://openalex.org/W3213032539,https://openalex.org/W2132826051,H- and J-Aggregate Behavior in Polymeric Semiconductors,Frank C. Spano,https://openalex.org/A5061558119,Temple University,"['Department of Chemistry, Temple University, Philadelphia, Pennsylvania 19122;']"
https://openalex.org/W3213032539,https://openalex.org/W2134249793,Printable All‐Organic Electrochromic Active‐Matrix Displays,Peter Andersson Ersman,https://openalex.org/A5068553326,Linköping University,"['ITN, Linköpings Universitet, 601 74 Norrköping (Sweden)']"
https://openalex.org/W3213032539,https://openalex.org/W2139364364,Dynamic Processes in Sandwich Polymer Light‐Emitting Electrochemical Cells,Stephan van Reenen,https://openalex.org/A5076221668,Eindhoven University of Technology,"['Department of Applied Physics, Eindhoven University of Technology, PO Box 513, 5600 MB, Eindhoven, The Netherlands']"
https://openalex.org/W3213032539,https://openalex.org/W2155999340,Exciton‐Charge Annihilation in Organic Semiconductor Films,Justin M. Hodgkiss,https://openalex.org/A5079771199,MacDiarmid Institute for Advanced Materials and Nanotechnology,"['Cavendish Laboratory, Department of Physics, University of Cambridge, Cambridge, CB3 0HE, UK', 'MacDiarmid Institute for Advanced, Materials and Nanotechnology, School of Chemical and Physical Sciences, Victoria University of Wellington, Wellington, PO Box 600, New Zealand']"
https://openalex.org/W3213032539,https://openalex.org/W2157059098,Pump-Probe Spectroscopy in Organic Semiconductors: Monitoring Fundamental Processes of Relevance in Optoelectronics,Juan Cabanillas‐González,https://openalex.org/A5011067692,Madrid Institute for Advanced Studies,"['Instituto Madrileño de Estudios Avanzados en Nanociencia, (IMDEA-Nanociencia), Cantoblanco, 28049–Madrid, Spain']"
https://openalex.org/W3213032539,https://openalex.org/W2315814813,Role of confinement and aggregation in charge transport in semicrystalline polythiophene thin films,Duc T. Duong,https://openalex.org/A5042854247,Stanford University,"['Department of Materials Science and Engineering, Stanford University, Stanford, California 94305, USA']"
https://openalex.org/W3213032539,https://openalex.org/W2319820076,Characterization of the Polymer Energy Landscape in Polymer:Fullerene Bulk Heterojunctions with Pure and Mixed Phases,Sean Sweetnam,https://openalex.org/A5020864770,Stanford University,"['Materials\rScience and Engineering Department, Stanford University, Stanford, California 94305-4034, United States']"
https://openalex.org/W3213032539,https://openalex.org/W2321831642,Optical measurement of doping efficiency in poly(3-hexylthiophene) solutions and thin films,Chenchen Wang,https://openalex.org/A5100363978,Stanford University,"['Department of Applied Physics, Stanford University, Stanford, California 94305, USA']"
https://openalex.org/W3213032539,https://openalex.org/W2331068783,The Nature of In-Plane Skeleton Raman Modes of P3HT and Their Correlation to the Degree of Molecular Order in P3HT:PCBM Blend Thin Films,Wing Chung Tsoi,https://openalex.org/A5049956167,Imperial College London,"['Department of Physics and Centre for Plastic Electronics, Imperial College London, London SW7\u20092AZ, United Kingdom', 'National Physical Laboratory (NPL), Teddington, Middlesex TW11\u20090LW, United Kingdom']"
https://openalex.org/W3213032539,https://openalex.org/W2335393164,"Oligoethylene-Glycol-Functionalized Polyoxythiophenes for Cell Engineering: Syntheses, Characterizations, and Cell Compatibilities",Haichao Zhao,https://openalex.org/A5091292878,RIKEN Advanced Science Institute,"['Yu Initiative Research Unit, RIKEN Advanced Science Institute, 2-1 Hirosawa, Wako, Saitama 351-0198,\rJapan']"
https://openalex.org/W3213032539,https://openalex.org/W2336569366,Structural control of mixed ionic and electronic transport in conducting polymers,Jonathan Rivnay,https://openalex.org/A5066036682,Mines Saint-Étienne,"['Department of Bioelectronics, Ecole Nationale Supérieure des Mines, CMP-EMSE, MOC, Gardanne, 13541, France']"
https://openalex.org/W3213032539,https://openalex.org/W2464811097,Organic Bioelectronics: Bridging the Signaling Gap between Biology and Technology,Daniel T. Simon,https://openalex.org/A5017161153,Linköping University,"['Laboratory\rof Organic Electronics, Department of Science and Technology, Linköping University, 60174 Norrköping, Sweden']"
https://openalex.org/W3213032539,https://openalex.org/W2530175031,Controlling the mode of operation of organic transistors through side-chain engineering,Alexander Giovannitti,https://openalex.org/A5072114407,Imperial College London,"['Department of Chemistry and Centre for Plastic Electronics, Imperial College London, London SW7 2AZ, United Kingdom;']"
https://openalex.org/W3213032539,https://openalex.org/W2626620820,Electrochemical strain microscopy probes morphology-induced variations in ion uptake and performance in organic electrochemical transistors,Rajiv Giridharagopal,https://openalex.org/A5061053574,University of Washington,"['Department of Chemistry, University of Washington, Seattle, Washington 98195, USA']"
https://openalex.org/W3213032539,https://openalex.org/W2738297906,Impact of Organic Semiconductor Microstructure on Transport: Basic Concepts,Alberto Salleo,https://openalex.org/A5075568011,Stanford University,"['Department of Materials Science and Engineering, Stanford University, Stanford CA 94305, USA']"
https://openalex.org/W3213032539,https://openalex.org/W2800128614,The Photophysics of Polythiophene Nanoparticles for Biological Applications,Ilaria Bargigia,https://openalex.org/A5084084531,Center for Nano Science and Technology,"['Center for Nano Science and Technology @Polimi, Istituto Italiano di Tecnologia, via Pascoli 70/3, 20133 Milano, Italy']"
https://openalex.org/W3213032539,https://openalex.org/W2884871524,Active Materials for Organic Electrochemical Transistors,Erica Zeglio,https://openalex.org/A5036184776,ARC Centre of Excellence for Electromaterials Science,"['Intelligent Polymer Research Institute, ARC Centre of Excellence for Electromaterials Science, AIIM Facility, Innovation Campus, University of Wollongong, Wollongong, NSW, 2522 Australia']"
https://openalex.org/W3213032539,https://openalex.org/W2891358078,X‐Ray Scattering Reveals Ion‐Induced Microstructural Changes During Electrochemical Gating of Poly(3‐Hexylthiophene),Elayne M. Thomas,https://openalex.org/A5001401098,"University of California, Santa Barbara",['Materials Department University of California Santa Barbara Santa Barbara CA 93106 USA']
https://openalex.org/W3213032539,https://openalex.org/W2904278165,"Materials in Organic Electrochemical Transistors for Bioelectronic Applications: Past, Present, and Future",Maximilian Moser,https://openalex.org/A5090435394,Imperial College London,"['Department of Chemistry and Centre for Plastic Electronics, Imperial College London, London, SW7 2AZ UK']"
https://openalex.org/W3213032539,https://openalex.org/W2904636712,Linear Artificial Muscle Based on Ionic Electroactive Polymer: A Rational Design for Open‐Air and Vacuum Actuation,Adelyne Fannir,https://openalex.org/A5076157339,CY Cergy Paris Université,"['Laboratoire de Physicochimie des Polymères et des Interfaces (LPPI, EA2528)Institut des MateriauxUniversité de Cergy‐Pontoise 5 mail Gay Lussac Neuville sur Oise 95031 Cergy‐Pontoise France']"
https://openalex.org/W3213032539,https://openalex.org/W2911012458,Ion Electron–Coupled Functionality in Materials and Devices Based on Conjugated Polymers,Magnus Berggren,https://openalex.org/A5088574290,Linköping University,['Laboratory of Organic Electronics Department of Science and Technology Linköping University  SE‐601 74 Norrköping Sweden']
https://openalex.org/W3213032539,https://openalex.org/W2916455373,Polymer Crystallinity Controls Water Uptake in Glycol Side-Chain Polymer Organic Electrochemical Transistors,Lucas Q. Flagg,https://openalex.org/A5065043914,University of Washington,"['Department of Chemistry, University of Washington, Seattle, Washington 98195, United States']"
https://openalex.org/W3213032539,https://openalex.org/W2927761179,Disentangling Redox Properties and Capacitance in Solution-Processed Conjugated Polymers,Anna M. Österholm,https://openalex.org/A5026497978,Georgia Institute of Technology,"['School of Chemistry and Biochemistry, School of Materials Science and Engineering, Center for Organic Photonics and Electronics, Georgia Tech Polymer Network, Georgia Institute of Technology, Atlanta, Georgia 30332, United States']"
https://openalex.org/W3213032539,https://openalex.org/W2937698100,How conducting polymer electrodes operate,Magnus Berggren,https://openalex.org/A5088574290,Linköping University,"['Laboratory of Organic Electronics, ITN, Linköping University, Linköping, Sweden.']"
https://openalex.org/W3213032539,https://openalex.org/W2969761778,Organic mixed ionic–electronic conductors,Bryan D. Paulsen,https://openalex.org/A5073456011,Northwestern University,"['Department of Biomedical Engineering, Northwestern University, Evanston, IL, USA']"
https://openalex.org/W3213032539,https://openalex.org/W2996399233,Excited State Dynamics of a Self‐Doped Conjugated Polyelectrolyte,Δήμητρα Τσόκκου,https://openalex.org/A5029891003,University of Bern,"['Department of Chemistry and Biochemistry, University of Bern, Freiestrasse 3, 3012 Bern, Switzerland']"
https://openalex.org/W3213032539,https://openalex.org/W3014069552,A Reversible Structural Phase Transition by Electrochemically-Driven Ion Injection into a Conjugated Polymer,Connor G. Bischak,https://openalex.org/A5048628755,University of Washington,"['Department of Chemistry, University of Washington, Seattle, Washington 98195-1700, United States']"
https://openalex.org/W3213032539,https://openalex.org/W3033827564,Identification of the local electrical properties of crystalline and amorphous domains in electrochemically doped conjugated polymer thin films,Hemanth Maddali,https://openalex.org/A5005469375,"Rutgers, The State University of New Jersey","['Department of Chemistry and Chemical Biology, Rutgers University, 610 Taylor Road., Piscataway, NJ, USA', 'Rutgers University', 'USA']"
https://openalex.org/W3213032539,https://openalex.org/W3103514251,Determining exciton bandwidth and film microstructure in polythiophene films using linear absorption spectroscopy,Jenny Clark,https://openalex.org/A5070060370,Politecnico di Milano,"['Politecnico di Milano 1 Dipartimento di Fisica, , Piazza Leonardo da Vinci, 32, Milano 20133, Italy']"
https://openalex.org/W3213032539,https://openalex.org/W4211040736,Organic electrochemical transistors,Jonathan Rivnay,https://openalex.org/A5066036682,Northwestern University,"['Department of Biomedical Engineering, Northwestern University, Evanston, IL, USA']"
https://openalex.org/W3213032539,https://openalex.org/W4232211340,Managing Local Order in Conjugated Polymer Blends via Polarity Contrast,Matthew Dyson,https://openalex.org/A5019471999,Eindhoven University of Technology,"['Centre for Plastic Electronics, Imperial College London, Exhibition Rd, London, SW7 2AZ, UK', 'Molecular Materials and Nanosystems, Eindhoven University of Technology, P.O. Box 513, 5600 MB Eindhoven, Netherlands']"
https://openalex.org/W3213032539,https://openalex.org/W4249439985,Simultaneous Electronic and Ionic Conduction in a Block Copolymer: Application in Lithium Battery Electrodes,Anna E. Javier,https://openalex.org/A5091040126,Lawrence Berkeley National Laboratory,"['Department of Chemical Engineering, University of California at Berkeley, Berkeley, CA 94720 (USA)', 'Environmental Energy Technologies Division, Lawrence Berkeley National Laboratory (LBNL), Berkeley, CA 94720 (USA)']"
https://openalex.org/W3213032539,https://openalex.org/W4386454850,Balancing Charge Storage and Mobility in an Oligo(Ether) Functionalized Dioxythiophene Copolymer for Organic‐ and Aqueous‐ Based Electrochemical Devices and Transistors,Lisa R. Savagian,https://openalex.org/A5023814723,error,[]
https://openalex.org/W4256410803,https://openalex.org/W1965434391,Electrochromic organic and polymeric materials for display applications,Roger J. Mortimer,https://openalex.org/A5003203843,University of Florida,"['The George and Josephine Butler Polymer Research Laboratory, Department of Chemistry, Center for Macromolecular Sciences and Engineering, University of Florida, Gainesville, FL 32611, USA']"
https://openalex.org/W4256410803,https://openalex.org/W1972277019,In vivo recordings of brain activity using organic transistors,Dion Khodagholy,https://openalex.org/A5010668757,Mines Saint-Étienne,"['Ecole Nationale Supérieure des Mines de Saint-Etienne, Centre Microélectronique de Provence (EMSE-CMP)']"
https://openalex.org/W4256410803,https://openalex.org/W1981192087,Structural Model of Regioregular Poly(3-hexylthiophene) Obtained by Electron Diffraction Analysis,Navaphun Kayunkid,https://openalex.org/A5001870558,Université de Strasbourg,"['Institut Charles Sadron, CNRS-Université de Strasbourg, 23 rue du Loess, 67034 Strasbourg, France']"
https://openalex.org/W4256410803,https://openalex.org/W1981696091,Conjugated Polymer Actuators for Biomedical Applications,Elisabeth Smela,https://openalex.org/A5088261669,error,[]
https://openalex.org/W4256410803,https://openalex.org/W1991557939,Evidence of a Novel Side Chain Structure in Regioregular Poly(3-alkylthiophenes),Ty J. Prosa,https://openalex.org/A5039416839,University of Wisconsin–Madison,"['Department of Physics, University of Wisconsin, Madison, Wisconsin 53706']"
https://openalex.org/W4256410803,https://openalex.org/W2008766615,The influence of the structural defects and microscopic aggregation of poly(3-alkylthiophenes) on electrochemical and optical properties of the polymer films: discussion of an origin of redox peaks in the cyclic voltammograms,Magdalena Skompska,https://openalex.org/A5050601645,University of Warsaw,"['Laboratory of Electrochemistry, Department of Chemistry, University of Warsaw, ul. Pasteura 1, 02 093 Warsaw, Poland']"
https://openalex.org/W4256410803,https://openalex.org/W2009456380,"In Situ Spectroelectrochemical Raman Studies of Poly(3,4-ethylenedioxythiophene) (PEDT)",S. Garreau,https://openalex.org/A5016489762,Institut des Matériaux Jean Rouxel,"['Laboratoire de Physique Cristalline, Institut des Matériaux de Nantes, B.P. 32229, 44322 Nantes Cedex 3, France']"
https://openalex.org/W4256410803,https://openalex.org/W2010302203,"Studies of dopant effects in poly(3,4-ethylenedi-oxythiophene) using Raman spectroscopy",William W. Chiu,https://openalex.org/A5041201111,University of Auckland,"['Polymer Electronics Research Centre, Department of Chemistry, The University of Auckland, Private Bag 92019, Auckland, New Zealand']"
https://openalex.org/W4256410803,https://openalex.org/W2012781661,Designing conducting polymer-based sensors: selective ionochromic response in crown ether-containing polythiophenes,Michael J. Marsella,https://openalex.org/A5053620260,error,[]
https://openalex.org/W4256410803,https://openalex.org/W2042707645,Organic Electrode Materials for Rechargeable Lithium Batteries,Yanliang Liang,https://openalex.org/A5043474041,Nankai University,"['Key Laboratory of Advanced Energy Materials Chemistry, (Ministry of Education), Chemistry College, Nankai University, Tianjin 300071, China.']"
https://openalex.org/W4256410803,https://openalex.org/W2043008793,Enzymatic sensing with organic electrochemical transistors,Daniel A. Bernards,https://openalex.org/A5075044871,Cornell University,"['Cornell University, Ithaca, NY, USA']"
https://openalex.org/W4256410803,https://openalex.org/W2044688936,Organic Electrochemical Transistors for Clinical Applications,P. Leleux,https://openalex.org/A5004485471,Mines Saint-Étienne,"['Department of Bioelectronics Ecole Nationale Supérieure des Mines  CMP‐EMSE, MOC 13541 Gardanne France', 'INSERM, UMR_S 1106, F‐13005 Marseille, France Aix‐Marseille Université  F‐13005 Marseille France', ""MicroVitae Technologies, Pôle d'Activité Y. Morandat  1480 rue d'Arménie 13120 Gardanne France""]"
https://openalex.org/W4256410803,https://openalex.org/W2048400654,Electrochemical properties of luminescent polymers and polymer light-emitting electrochemical cells,Yongfang Li,https://openalex.org/A5100694086,"University of California, Santa Barbara","['Institute for Polymers and Organic Solids, University of California at Santa Barbara, Santa Barbara, CA 93106-5090, USA']"
https://openalex.org/W4256410803,https://openalex.org/W2054810869,"A general relationship between disorder, aggregation and charge transport in conjugated polymers",Rodrigo Noriega,https://openalex.org/A5002553841,"University of California, Berkeley","['Department of Applied Physics, Stanford University, Stanford, California 94305, USA', 'Present addresses: Department of Chemistry, University of California Berkeley, 94720, USA (R.N.); Department of Bioelectronics, Ecole Nationale Supérieure des Mines, CMP-EMSE, MOC, 13541 Gardanne, France (J.R.),']"
https://openalex.org/W4256410803,https://openalex.org/W2059148518,Resonance Chemical Imaging of Polythiophene/Fullerene Photovoltaic Thin Films: Mapping Morphology-Dependent Aggregated and Unaggregated C═C Species,Yongqian Gao,https://openalex.org/A5100951626,University of New Mexico,"['Department of Chemistry and Chemical Biology, University of New Mexico, Albuquerque, New Mexico 87131']"
https://openalex.org/W4256410803,https://openalex.org/W2059263224,The organic electrochemical transistor for biological applications,Xenofon Strakosas,https://openalex.org/A5085890600,Mines Saint-Étienne,"['Department of Bioelectronics Ecole Nationale Supérieure des Mines CMP‐EMSE, MOC, 880 avenue de Mimet 13541 Gardanne France', 'Xenofon Strakosas and Manuelle Bongo contributed equally to this work.']"
https://openalex.org/W4256410803,https://openalex.org/W2066620132,"Vibrational spectroscopy and structure of polymer electrolytes, poly(ethylene oxide) complexes of alkali metal salts",B. L. Papke,https://openalex.org/A5002212341,Northwestern University,"['Department of Chemistry and Materials Research Center, Northwestern University, Evanston, IL 60201, U.S.A.']"
https://openalex.org/W4256410803,https://openalex.org/W2074546090,Tuning of the aqueous electroactivity of substituted poly(thiophene)s by ether groups,Jean Roncali,https://openalex.org/A5037633237,Centre National de la Recherche Scientifique,"['Laboratoire des Matériaux Moléculaires, CNRS ER 241, 2 rue Henry Dunant, 94320 Thiais France']"
https://openalex.org/W4256410803,https://openalex.org/W2078853455,Conducting-polymer-based supercapacitor devices and electrodes,Graeme A. Snook,https://openalex.org/A5007454868,CSIRO Manufacturing,"['CSIRO Process Science and Engineering, Box 312, Clayton South, Victoria 3169, Australia']"
https://openalex.org/W4256410803,https://openalex.org/W2092227202,Electrical conductivity in ionic complexes of poly(ethylene oxide),Peter V. Wright,https://openalex.org/A5103470073,University of Sheffield,"['Department of Ceramics, Glasses and Polymers, University of Sheffield S10 2TZ']"
https://openalex.org/W4256410803,https://openalex.org/W2094133943,The chemical and structural origin of efficient p-type doping in P3HT,Duc T. Duong,https://openalex.org/A5042854247,Stanford University,"['Department of Materials Science and Engineering Stanford University, Stanford CA 94305, USA']"
https://openalex.org/W4256410803,https://openalex.org/W2117881244,Electronic control of Ca2+ signalling in neuronal cells using an organic electronic ion pump,Joakim Isaksson,https://openalex.org/A5057559353,Linköping University,"['Department of Science and Technology, Campus Norrköping, Linköpings Universitet, SE-601 74 Norrköping, Sweden']"
https://openalex.org/W4256410803,https://openalex.org/W2132826051,H- and J-Aggregate Behavior in Polymeric Semiconductors,Frank C. Spano,https://openalex.org/A5061558119,Temple University,"['Department of Chemistry, Temple University, Philadelphia, Pennsylvania 19122;']"
https://openalex.org/W4256410803,https://openalex.org/W2134249793,Printable All‐Organic Electrochromic Active‐Matrix Displays,Peter Andersson Ersman,https://openalex.org/A5068553326,Linköping University,"['ITN, Linköpings Universitet, 601 74 Norrköping (Sweden)']"
https://openalex.org/W4256410803,https://openalex.org/W2139364364,Dynamic Processes in Sandwich Polymer Light‐Emitting Electrochemical Cells,Stephan van Reenen,https://openalex.org/A5076221668,Eindhoven University of Technology,"['Department of Applied Physics, Eindhoven University of Technology, PO Box 513, 5600 MB, Eindhoven, The Netherlands']"
https://openalex.org/W4256410803,https://openalex.org/W2155999340,Exciton‐Charge Annihilation in Organic Semiconductor Films,Justin M. Hodgkiss,https://openalex.org/A5079771199,MacDiarmid Institute for Advanced Materials and Nanotechnology,"['Cavendish Laboratory, Department of Physics, University of Cambridge, Cambridge, CB3 0HE, UK', 'MacDiarmid Institute for Advanced, Materials and Nanotechnology, School of Chemical and Physical Sciences, Victoria University of Wellington, Wellington, PO Box 600, New Zealand']"
https://openalex.org/W4256410803,https://openalex.org/W2157059098,Pump-Probe Spectroscopy in Organic Semiconductors: Monitoring Fundamental Processes of Relevance in Optoelectronics,Juan Cabanillas‐González,https://openalex.org/A5011067692,Madrid Institute for Advanced Studies,"['Instituto Madrileño de Estudios Avanzados en Nanociencia, (IMDEA-Nanociencia), Cantoblanco, 28049–Madrid, Spain']"
https://openalex.org/W4256410803,https://openalex.org/W2315814813,Role of confinement and aggregation in charge transport in semicrystalline polythiophene thin films,Duc T. Duong,https://openalex.org/A5042854247,Stanford University,"['Department of Materials Science and Engineering, Stanford University, Stanford, California 94305, USA']"
https://openalex.org/W4256410803,https://openalex.org/W2319820076,Characterization of the Polymer Energy Landscape in Polymer:Fullerene Bulk Heterojunctions with Pure and Mixed Phases,Sean Sweetnam,https://openalex.org/A5020864770,Stanford University,"['Materials\rScience and Engineering Department, Stanford University, Stanford, California 94305-4034, United States']"
https://openalex.org/W4256410803,https://openalex.org/W2321831642,Optical measurement of doping efficiency in poly(3-hexylthiophene) solutions and thin films,Chenchen Wang,https://openalex.org/A5100363978,Stanford University,"['Department of Applied Physics, Stanford University, Stanford, California 94305, USA']"
https://openalex.org/W4256410803,https://openalex.org/W2331068783,The Nature of In-Plane Skeleton Raman Modes of P3HT and Their Correlation to the Degree of Molecular Order in P3HT:PCBM Blend Thin Films,Wing Chung Tsoi,https://openalex.org/A5049956167,Imperial College London,"['Department of Physics and Centre for Plastic Electronics, Imperial College London, London SW7\u20092AZ, United Kingdom', 'National Physical Laboratory (NPL), Teddington, Middlesex TW11\u20090LW, United Kingdom']"
https://openalex.org/W4256410803,https://openalex.org/W2335393164,"Oligoethylene-Glycol-Functionalized Polyoxythiophenes for Cell Engineering: Syntheses, Characterizations, and Cell Compatibilities",Haichao Zhao,https://openalex.org/A5091292878,RIKEN Advanced Science Institute,"['Yu Initiative Research Unit, RIKEN Advanced Science Institute, 2-1 Hirosawa, Wako, Saitama 351-0198,\rJapan']"
https://openalex.org/W4256410803,https://openalex.org/W2336569366,Structural control of mixed ionic and electronic transport in conducting polymers,Jonathan Rivnay,https://openalex.org/A5066036682,Mines Saint-Étienne,"['Department of Bioelectronics, Ecole Nationale Supérieure des Mines, CMP-EMSE, MOC, Gardanne, 13541, France']"
https://openalex.org/W4256410803,https://openalex.org/W2464811097,Organic Bioelectronics: Bridging the Signaling Gap between Biology and Technology,Daniel T. Simon,https://openalex.org/A5017161153,Linköping University,"['Laboratory\rof Organic Electronics, Department of Science and Technology, Linköping University, 60174 Norrköping, Sweden']"
https://openalex.org/W4256410803,https://openalex.org/W2530175031,Controlling the mode of operation of organic transistors through side-chain engineering,Alexander Giovannitti,https://openalex.org/A5072114407,Imperial College London,"['Department of Chemistry and Centre for Plastic Electronics, Imperial College London, London SW7 2AZ, United Kingdom;']"
https://openalex.org/W4256410803,https://openalex.org/W2626620820,Electrochemical strain microscopy probes morphology-induced variations in ion uptake and performance in organic electrochemical transistors,Rajiv Giridharagopal,https://openalex.org/A5061053574,University of Washington,"['Department of Chemistry, University of Washington, Seattle, Washington 98195, USA']"
https://openalex.org/W4256410803,https://openalex.org/W2738297906,Impact of Organic Semiconductor Microstructure on Transport: Basic Concepts,Alberto Salleo,https://openalex.org/A5075568011,Stanford University,"['Department of Materials Science and Engineering, Stanford University, Stanford CA 94305, USA']"
https://openalex.org/W4256410803,https://openalex.org/W2800128614,The Photophysics of Polythiophene Nanoparticles for Biological Applications,Ilaria Bargigia,https://openalex.org/A5084084531,Center for Nano Science and Technology,"['Center for Nano Science and Technology @Polimi, Istituto Italiano di Tecnologia, via Pascoli 70/3, 20133 Milano, Italy']"
https://openalex.org/W4256410803,https://openalex.org/W2884871524,Active Materials for Organic Electrochemical Transistors,Erica Zeglio,https://openalex.org/A5036184776,ARC Centre of Excellence for Electromaterials Science,"['Intelligent Polymer Research Institute, ARC Centre of Excellence for Electromaterials Science, AIIM Facility, Innovation Campus, University of Wollongong, Wollongong, NSW, 2522 Australia']"
https://openalex.org/W4256410803,https://openalex.org/W2891358078,X‐Ray Scattering Reveals Ion‐Induced Microstructural Changes During Electrochemical Gating of Poly(3‐Hexylthiophene),Elayne M. Thomas,https://openalex.org/A5001401098,"University of California, Santa Barbara",['Materials Department University of California Santa Barbara Santa Barbara CA 93106 USA']
https://openalex.org/W4256410803,https://openalex.org/W2904278165,"Materials in Organic Electrochemical Transistors for Bioelectronic Applications: Past, Present, and Future",Maximilian Moser,https://openalex.org/A5090435394,Imperial College London,"['Department of Chemistry and Centre for Plastic Electronics, Imperial College London, London, SW7 2AZ UK']"
https://openalex.org/W4256410803,https://openalex.org/W2904636712,Linear Artificial Muscle Based on Ionic Electroactive Polymer: A Rational Design for Open‐Air and Vacuum Actuation,Adelyne Fannir,https://openalex.org/A5076157339,CY Cergy Paris Université,"['Laboratoire de Physicochimie des Polymères et des Interfaces (LPPI, EA2528)Institut des MateriauxUniversité de Cergy‐Pontoise 5 mail Gay Lussac Neuville sur Oise 95031 Cergy‐Pontoise France']"
https://openalex.org/W4256410803,https://openalex.org/W2911012458,Ion Electron–Coupled Functionality in Materials and Devices Based on Conjugated Polymers,Magnus Berggren,https://openalex.org/A5088574290,Linköping University,['Laboratory of Organic Electronics Department of Science and Technology Linköping University  SE‐601 74 Norrköping Sweden']
https://openalex.org/W4256410803,https://openalex.org/W2916455373,Polymer Crystallinity Controls Water Uptake in Glycol Side-Chain Polymer Organic Electrochemical Transistors,Lucas Q. Flagg,https://openalex.org/A5065043914,University of Washington,"['Department of Chemistry, University of Washington, Seattle, Washington 98195, United States']"
https://openalex.org/W4256410803,https://openalex.org/W2927761179,Disentangling Redox Properties and Capacitance in Solution-Processed Conjugated Polymers,Anna M. Österholm,https://openalex.org/A5026497978,Georgia Institute of Technology,"['School of Chemistry and Biochemistry, School of Materials Science and Engineering, Center for Organic Photonics and Electronics, Georgia Tech Polymer Network, Georgia Institute of Technology, Atlanta, Georgia 30332, United States']"
https://openalex.org/W4256410803,https://openalex.org/W2937698100,How conducting polymer electrodes operate,Magnus Berggren,https://openalex.org/A5088574290,Linköping University,"['Laboratory of Organic Electronics, ITN, Linköping University, Linköping, Sweden.']"
https://openalex.org/W4256410803,https://openalex.org/W2969761778,Organic mixed ionic–electronic conductors,Bryan D. Paulsen,https://openalex.org/A5073456011,Northwestern University,"['Department of Biomedical Engineering, Northwestern University, Evanston, IL, USA']"
https://openalex.org/W4256410803,https://openalex.org/W2996399233,Excited State Dynamics of a Self‐Doped Conjugated Polyelectrolyte,Δήμητρα Τσόκκου,https://openalex.org/A5029891003,University of Bern,"['Department of Chemistry and Biochemistry, University of Bern, Freiestrasse 3, 3012 Bern, Switzerland']"
https://openalex.org/W4256410803,https://openalex.org/W3014069552,A Reversible Structural Phase Transition by Electrochemically-Driven Ion Injection into a Conjugated Polymer,Connor G. Bischak,https://openalex.org/A5048628755,University of Washington,"['Department of Chemistry, University of Washington, Seattle, Washington 98195-1700, United States']"
https://openalex.org/W4256410803,https://openalex.org/W3033827564,Identification of the local electrical properties of crystalline and amorphous domains in electrochemically doped conjugated polymer thin films,Hemanth Maddali,https://openalex.org/A5005469375,"Rutgers, The State University of New Jersey","['Department of Chemistry and Chemical Biology, Rutgers University, 610 Taylor Road., Piscataway, NJ, USA', 'Rutgers University', 'USA']"
https://openalex.org/W4256410803,https://openalex.org/W3103514251,Determining exciton bandwidth and film microstructure in polythiophene films using linear absorption spectroscopy,Jenny Clark,https://openalex.org/A5070060370,Politecnico di Milano,"['Politecnico di Milano 1 Dipartimento di Fisica, , Piazza Leonardo da Vinci, 32, Milano 20133, Italy']"
https://openalex.org/W4256410803,https://openalex.org/W4211040736,Organic electrochemical transistors,Jonathan Rivnay,https://openalex.org/A5066036682,Northwestern University,"['Department of Biomedical Engineering, Northwestern University, Evanston, IL, USA']"
https://openalex.org/W4256410803,https://openalex.org/W4232211340,Managing Local Order in Conjugated Polymer Blends via Polarity Contrast,Matthew Dyson,https://openalex.org/A5019471999,Eindhoven University of Technology,"['Centre for Plastic Electronics, Imperial College London, Exhibition Rd, London, SW7 2AZ, UK', 'Molecular Materials and Nanosystems, Eindhoven University of Technology, P.O. Box 513, 5600 MB Eindhoven, Netherlands']"
https://openalex.org/W4256410803,https://openalex.org/W4249439985,Simultaneous Electronic and Ionic Conduction in a Block Copolymer: Application in Lithium Battery Electrodes,Anna E. Javier,https://openalex.org/A5091040126,Lawrence Berkeley National Laboratory,"['Department of Chemical Engineering, University of California at Berkeley, Berkeley, CA 94720 (USA)', 'Environmental Energy Technologies Division, Lawrence Berkeley National Laboratory (LBNL), Berkeley, CA 94720 (USA)']"
https://openalex.org/W4256410803,https://openalex.org/W4386454850,Balancing Charge Storage and Mobility in an Oligo(Ether) Functionalized Dioxythiophene Copolymer for Organic‐ and Aqueous‐ Based Electrochemical Devices and Transistors,Lisa R. Savagian,https://openalex.org/A5023814723,error,[]
https://openalex.org/W3168738416,https://openalex.org/W1972333973,Role of Intermolecular Coupling in the Photophysics of Disordered Organic Semiconductors: Aggregate Emission in Regioregular Polythiophene,Jenny Clark,https://openalex.org/A5070060370,University of Cambridge,"['Cavendish Laboratory, University of Cambridge J. J. Thomson Avenue, Cambridge CB3 0HE, United Kingdom']"
https://openalex.org/W3168738416,https://openalex.org/W1976513562,Thermoreversible gelation of atactic polystyrene solutions,Hao Tan,https://openalex.org/A5103146561,error,[]
https://openalex.org/W3168738416,https://openalex.org/W2018494532,Room-temperature Bose–Einstein condensation of cavity exciton–polaritons in a polymer,J. D. Plumhof,https://openalex.org/A5019660323,IBM (United States),"['1] IBM Research-Zurich, Säumerstrasse 4, Rüschlikon 8803, Switzerland [2].']"
https://openalex.org/W3168738416,https://openalex.org/W2020378474,An Order–Disorder Transition in the Conjugated Polymer MEH-PPV,Anna Köhler,https://openalex.org/A5035558194,University of Bayreuth,"['Organic Semiconductors, Experimental Physics II, Department\rof Physics and Bayreuth Institute of Macromolecular Science(BIMF), University of Bayreuth, Bayreuth 95440, Germany']"
https://openalex.org/W3168738416,https://openalex.org/W2023113596,Viscoelastic properties of thermoreversible gelation of atactic polystyrene,Noureddine Lehsaini,https://openalex.org/A5051644151,Institut Charles Sadron,['Institut Charles Sadron / Université Louis Pasteur 6 rue Boussingault 67083 Strasbourg‐Cedex France']
https://openalex.org/W3168738416,https://openalex.org/W2025308916,Enhanced order and electronic delocalization in conjugated polymers oriented by gel processing in polyethylene,T.W. Hagler,https://openalex.org/A5077213579,"University of California, Santa Barbara","['Department of Physics and Institute for Polymers and Organic Solids, University of California, Santa Barbara, Santa Barbara, California 93106']"
https://openalex.org/W3168738416,https://openalex.org/W2031185845,"The red-phase of poly[2-methoxy-5-(2-ethylhexyloxy)-1,4-phenylenevinylene] (MEH-PPV): A disordered HJ-aggregate",H. Yamagata,https://openalex.org/A5045137349,Temple University,"['Temple University 1 Department of Chemistry, , Philadelphia, Pennsylvania 19122, USA']"
https://openalex.org/W3168738416,https://openalex.org/W2034381056,Conformational Effects on the Photophysics of Conjugated Polymers: A Two Species Model for MEH−PPV Spectroscopy and Dynamics,Christopher J. Collison,https://openalex.org/A5037194345,University of Rochester,"['Department of Chemistry, Hutchison Hall, University of Rochester, Rochester, New York 14627']"
https://openalex.org/W3168738416,https://openalex.org/W2035649072,Determining exciton coherence from the photoluminescence spectral line shape in poly(3-hexylthiophene) thin films,Frank C. Spano,https://openalex.org/A5061558119,Temple University,"['Temple University 1 Department of Chemistry, , Philadelphia, Pennsylvania 19122, USA']"
https://openalex.org/W3168738416,https://openalex.org/W2037566815,Structure and Dynamics of Single Conjugated Polymer Chromophores by Surface-Enhanced Raman Spectroscopy,Zhenjia Wang,https://openalex.org/A5101625530,University of Rochester,"['Department of Chemistry, University of Rochester, Rochester, New York 14627']"
https://openalex.org/W3168738416,https://openalex.org/W2040107580,"Spectra and structure of small ring compounds. XXXVI. 2‐methyl‐1,3‐dioxolane; 2‐methyl‐1,3‐dioxolane‐d<sub>4</sub>; 2‐methyltetrahydrofuran; and methylcyclopentane",J. R. Durig,https://openalex.org/A5044868665,University of South Carolina,"['Dept. of Chemistry, University of South Carolina, Columbia, S.C., U.S.A.']"
https://openalex.org/W3168738416,https://openalex.org/W2046483131,Interplay between intrachain and interchain interactions in semiconducting polymer assemblies: The HJ-aggregate model,H. Yamagata,https://openalex.org/A5045137349,Temple University,"['Temple University Department of Chemistry, , Philadelphia, Pennsylvania 19122, USA']"
https://openalex.org/W3168738416,https://openalex.org/W2047972432,Identification of the optically active vibrational modes in the photoluminescence of MEH-PPV films,Marco Aurélio Toledo da Silva,https://openalex.org/A5068716585,Universidade Estadual de Londrina,"['Universidade Estadual de Londrina 1 Departamento de Fisica, , C.P. 6001, Londrina, CEP 86051-970 Paraná, Brazil']"
https://openalex.org/W3168738416,https://openalex.org/W2050209996,Resonance Raman studies of excited state structural displacements of conjugated polymers in donor/acceptor charge transfer complexes,Adam J. Wise,https://openalex.org/A5013285796,University of New Mexico,['Department of Chemistry & Chemical Biology University of New Mexico Albuquerque USA']
https://openalex.org/W3168738416,https://openalex.org/W2087761498,Modeling disorder in polymer aggregates: The optical spectroscopy of regioregular poly(3-hexylthiophene) thin films,Frank C. Spano,https://openalex.org/A5061558119,Temple University,"['Department of Chemistry, Temple University, Philadelphia, Pennsylvania 19122, USA. spano@temple.edu']"
https://openalex.org/W3168738416,https://openalex.org/W2087969268,Photoluminescence and Raman spectra study of para-phenylenevinylene at low temperatures,Qingguang Zeng,https://openalex.org/A5009265359,error,[]
https://openalex.org/W3168738416,https://openalex.org/W2129995310,Principles of Fluorescence Spectroscopy,Joseph R. Lakowicz,https://openalex.org/A5074798370,"University of Maryland, Baltimore","['University of Maryland School of Medicine, Baltimore, USA']"
https://openalex.org/W3168738416,https://openalex.org/W2132826051,H- and J-Aggregate Behavior in Polymeric Semiconductors,Frank C. Spano,https://openalex.org/A5061558119,Temple University,"['Department of Chemistry, Temple University, Philadelphia, Pennsylvania 19122;']"
https://openalex.org/W3168738416,https://openalex.org/W2159355928,The Spectral Signatures of Frenkel Polarons in H- and J-Aggregates,Frank C. Spano,https://openalex.org/A5061558119,Temple University,"['Department of Chemistry, Temple University, Philadelphia, Pennsylvania 19122']"
https://openalex.org/W3168738416,https://openalex.org/W2204638111,Interference between Coulombic and CT-mediated couplings in molecular aggregates: H- to J-aggregate transformation in perylene-based π-stacks,Nicholas J. Hestand,https://openalex.org/A5061801939,Temple University,"['Temple University Department of Chemistry, , Philadelphia, Pennsylvania 19122, USA']"
https://openalex.org/W3168738416,https://openalex.org/W2326956512,"HJ-Aggregate Behavior of Crystalline 7,8,15,16-Tetraazaterrylene: Introducing a New Design Paradigm for Organic Materials",H. Yamagata,https://openalex.org/A5045137349,Temple University,"['Department\rof Chemistry, Temple University, Philadelphia, Pennsylvania 19122, United States']"
https://openalex.org/W3188872891,https://openalex.org/W1965777749,Effect of interchain coupling on a biexciton in organic polymers,Kun Gao,https://openalex.org/A5038210442,Shandong University,"['School of Physics, Shandong University, Jinan 250100, China', 'State Key Laboratory of Crystal Materials, Shandong University, Jinan 250100, China']"
https://openalex.org/W3188872891,https://openalex.org/W1971536574,Efficient exciton dissociation via two-step photoexcitation in polymeric semiconductors,Carlos Silva,https://openalex.org/A5100417531,University of Cambridge,"['Cavendish Laboratory, University of Cambridge, Madingley Road, Cambridge CB3 0HE, United Kingdom']"
https://openalex.org/W3188872891,https://openalex.org/W1972731647,Tunable exciton interactions in optical lattices with polar molecules,Ping Xiang,https://openalex.org/A5053923667,University of British Columbia,"['Department of Chemistry, University of British Columbia, Vancouver, Canada V6T 1Z1']"
https://openalex.org/W3188872891,https://openalex.org/W1975192734,A new approach to the molecular biexciton theory,G. B. Vektaris,https://openalex.org/A5042814033,Vilnius University,"['Institute of Theoretical Physics and Astronomy, A. Goštauto 12, 2600 Vilnius, Lithuania']"
https://openalex.org/W3188872891,https://openalex.org/W1981619366,Evidence for exciton-exciton binding in a molecular aggregate,Aparna Chakrabarti,https://openalex.org/A5071394477,University of Arizona,"['Department of Physics, University of Arizona, Tucson, Arizona 85721.']"
https://openalex.org/W3188872891,https://openalex.org/W2012833647,Exciton-to-biexciton transition in quasi-one-dimensional organics,S. Mazumdar,https://openalex.org/A5047309480,Optical Sciences (United States),"['Department of Physics, and The Optical Sciences Center, University of Arizona, Tucson, Arizona 85721']"
https://openalex.org/W3188872891,https://openalex.org/W2020039974,Stable Biexcitons in Conjugated Polymers,Fan Guo,https://openalex.org/A5100729588,University of Arizona,"['Department of Physics, University of Arizona, Tucson, Arizona 85721']"
https://openalex.org/W3188872891,https://openalex.org/W2023957325,On the Transformation of light into Heat in Solids. I,J. Frenkel,https://openalex.org/A5018844921,University of Minnesota,"['Department of Physics, University of Minnesota']"
https://openalex.org/W3188872891,https://openalex.org/W2028814881,Polymerisation und polymere Adsorption als Ursache neuartiger Absorptionsbanden von organischen Farbstoffen,G. Scheibe,https://openalex.org/A5047373020,error,[]
https://openalex.org/W3188872891,https://openalex.org/W2029452299,Theory of biexcitons in one-dimensional polymers,Frank B. Gallagher,https://openalex.org/A5027735971,Temple University,"['Department of Chemistry, Temple University, Philadelphia, Pennsylvania 19122']"
https://openalex.org/W3188872891,https://openalex.org/W2035649072,Determining exciton coherence from the photoluminescence spectral line shape in poly(3-hexylthiophene) thin films,Frank C. Spano,https://openalex.org/A5061558119,Temple University,"['Temple University 1 Department of Chemistry, , Philadelphia, Pennsylvania 19122, USA']"
https://openalex.org/W3188872891,https://openalex.org/W2052477989,Biexciton states and two-photon absorption in molecular monolayers,Francis C. Spano,https://openalex.org/A5061538255,Temple University,"['Department of Chemistry, Temple University, Philadelphia, Pennsylvania 19122']"
https://openalex.org/W3188872891,https://openalex.org/W2064502374,Kinematic Frenkel biexcitons,V.M. Agranovich,https://openalex.org/A5036174940,Russian Academy of Sciences,"['Institute of Spectroscopy, Russian Academy of Sciences, 142092  Troitsk, Moscow Region, Russia']"
https://openalex.org/W3188872891,https://openalex.org/W2069688935,Spectral Absorption and Fluorescence of Dyes in the Molecular State,Edwin E. Jelley,https://openalex.org/A5052487732,Kodak (United Kingdom),"['Kodak Research Laboratory, Harrow']"
https://openalex.org/W3188872891,https://openalex.org/W2087761498,Modeling disorder in polymer aggregates: The optical spectroscopy of regioregular poly(3-hexylthiophene) thin films,Frank C. Spano,https://openalex.org/A5061558119,Temple University,"['Department of Chemistry, Temple University, Philadelphia, Pennsylvania 19122, USA. spano@temple.edu']"
https://openalex.org/W3188872891,https://openalex.org/W2131693811,Exciton and polaron dynamics in a step-ladder polymeric semiconductor: the influence of interchain order,Carlos Silva,https://openalex.org/A5100417531,University of Cambridge,"['Cavendish Laboratory, University of Cambridge   Madingley Road, Cambridge CB3 0HE, UK']"
https://openalex.org/W3188872891,https://openalex.org/W2150852355,Lessons from nature about solar light harvesting,Gregory D. Scholes,https://openalex.org/A5029838157,University of Toronto,"['Department of Chemistry, University of Toronto, Toronto, Canada']"
https://openalex.org/W3188872891,https://openalex.org/W3090863799,Collective Properties of Frenkel Excitons,V. M. Agranovich,https://openalex.org/A5003401157,error,[]
https://openalex.org/W3188872891,https://openalex.org/W3121024155,Mechanistic understanding of entanglement and heralding in cascade emitters,K. Nasiri Avanaki,https://openalex.org/A5028113108,Northwestern University,"['Department of Chemistry, Northwestern University , 2145 Sheridan Road, Evanston, Illinois 60208-3113, USA']"
https://openalex.org/W3214418016,https://openalex.org/W2009638482,Time resolved luminescence of photoexcited <i>p</i>-type gallium arsenide by population mixing,David L. Rosen,https://openalex.org/A5068485726,City College of New York,"['Picosecond Laser and Spectroscopy Laboratory, Physcis Department, The City College of New York, New York, New York 10031']"
https://openalex.org/W3214418016,https://openalex.org/W2049640245,X-ray photoelectron spectroscopic study of water adsorption on iron sulphide minerals,Stephen W. Knipe,https://openalex.org/A5060629388,Western University,"['Department of Chemistry, The University of Western Ontario, London, Ontario, N6A 5B7, Canada']"
https://openalex.org/W3214418016,https://openalex.org/W2120669370,"Synthesis, characterization and phase transitions of the inorganic–organic layered perovskite-type hybrids [(C<sub>n</sub>H<sub>2n+1</sub>NH<sub>3</sub>)<sub>2</sub>PbI<sub>4</sub>], n = 7, 8, 9 and 10",A. Lemmerer,https://openalex.org/A5024511081,University of the Witwatersrand,['Molecular Sciences Institute; School of Chemistry; University of the Witwatersrand; Johannesburg PO Wits 2050 South Africa']
https://openalex.org/W3214418016,https://openalex.org/W2425887664,Confinement Effects in Low-Dimensional Lead Iodide Perovskite Hybrids,Machteld E. Kamminga,https://openalex.org/A5002283399,University of Groningen,"['Zernike Institute for Advanced Materials, University of Groningen, Nijenborgh 4, 9747 AG Groningen, The Netherlands']"
https://openalex.org/W3214418016,https://openalex.org/W2522162104,Nonlinear Carrier Interactions in Lead Halide Perovskites and the Role of Defects,Ajay Ram Srimath Kandada,https://openalex.org/A5023786923,Center for Nano Science and Technology,"['Center\rfor Nano Science and Technology @Polimi, Istituto Italiano di Tecnologia, via Giovanni Pascoli 70/3, 20133 Milano, Italy']"
https://openalex.org/W3214418016,https://openalex.org/W2576659444,Single-crystal microplates of two-dimensional organic–inorganic lead halide layered perovskites for optoelectronics,Dewei Ma,https://openalex.org/A5037729379,University of Wisconsin–Madison,"['Department of Chemistry, University of Wisconsin-Madison, Madison, Wisconsin, 53706, USA']"
https://openalex.org/W3214418016,https://openalex.org/W2602430337,"Chemical Distribution of Multiple Cation (Rb<sup>+</sup>, Cs<sup>+</sup>, MA<sup>+</sup>, and FA<sup>+</sup>) Perovskite Materials by Photoelectron Spectroscopy",Bertrand Philippe,https://openalex.org/A5061191655,Uppsala University,"['Department\rof Physics and Astronomy, Uppsala University, Box 516, 75120 Uppsala, Sweden']"
https://openalex.org/W3214418016,https://openalex.org/W2904190616,Multi-inch single-crystalline perovskite membrane for high-detectivity flexible photosensors,Yucheng Liu,https://openalex.org/A5058539060,Shaanxi Normal University,"['Institute for Advanced Energy Materials', 'Key Laboratory of Applied Surface and Colloid Chemistry, Ministry of Education', 'School of Materials Science and Engineering, Shaanxi Normal University, 710119, Xi’an, P. R. China', 'Shaanxi Engineering Lab for Advanced Energy Technology', 'Shaanxi Key Laboratory for Advanced Energy Devices']"
https://openalex.org/W3214418016,https://openalex.org/W2911516389,High‐Performance Perovskite Solar Cells with Enhanced Environmental Stability Based on a (<i>p</i>‐FC<sub>6</sub>H<sub>4</sub>C<sub>2</sub>H<sub>4</sub>NH<sub>3</sub>)<sub>2</sub>[PbI<sub>4</sub>] Capping Layer,Qin Zhou,https://openalex.org/A5101521198,Tianjin University,"['CAS Key Laboratory of Design and Assembly of Functional Nanostructures Fujian Institute of Research on the Structure of Matter Chinese Academy of Sciences Fuzhou 350002 China', 'School of Chemical Engineering and Technology Tianjin University Tianjin 300072 China', 'School of Physical Sciences University of Chinese Academy of Sciences Beijing 100049 P. R. China']"
https://openalex.org/W3214418016,https://openalex.org/W2937258374,Sources of Pb(0) artefacts during XPS analysis of lead halide perovskites,James McGettrick,https://openalex.org/A5019718006,Swansea University,"['SPECIFIC, College of Engineering, Swansea University Bay Campus, Swansea SA1 8EN, United Kingdom']"
https://openalex.org/W3214418016,https://openalex.org/W2943542797,Surface passivation of perovskite film for efficient solar cells,error,error,error,error
https://openalex.org/W3214418016,https://openalex.org/W2972944593,Crystal Orientation Drives the Interface Physics at Two/Three-Dimensional Hybrid Perovskites,Marine E. F. Bouduban,https://openalex.org/A5069275333,École Polytechnique Fédérale de Lausanne,"['Photochemical Dynamics Group, Institute of Chemical Sciences and Engineering, EPFL, Station 6, CH-1015 Lausanne, Switzerland']"
https://openalex.org/W3214418016,https://openalex.org/W2981346441,Optimal Interfacial Engineering with Different Length of Alkylammonium Halide for Efficient and Stable Perovskite Solar Cells,Hyeonwoo Kim,https://openalex.org/A5100667696,Ulsan National Institute of Science and Technology,"['Perovtronics Research Center, Department of Energy Engineering, School of Energy and Chemical Engineering, Ulsan National Institute of Science and Technology, 50 UNIST-gil, Eonyang-eup, Ulju-gun, Ulsan, 44919 Republic of Korea']"
https://openalex.org/W3214418016,https://openalex.org/W2995464005,Ethanol induced structure reorganization of 2D layered perovskites (OA)2(MA)n-1PbnI3n+1,Hua Yan,https://openalex.org/A5011695682,Nanjing University,"['Key Laboratory of Mesoscopic Chemistry of MOE, School of Chemistry and Chemical Engineering, Nanjing University, Nanjing, Jiangsu, 210023, China']"
https://openalex.org/W3214418016,https://openalex.org/W3005970538,Vacuum-Induced Degradation of 2D Perovskites,Yvonne J. Hofstetter,https://openalex.org/A5048781342,TU Dresden,"['Integrated Centre for Applied Physics and Photonic Materials and Centre for Advancing Electronics Dresden (CFAED), Technical University of Dresden, Dresden, Germany', 'Kirchhoff Institute for Physics and the Centre for Advanced Materials, Heidelberg University, Heidelberg, Germany']"
https://openalex.org/W3214418016,https://openalex.org/W3008736366,Tailored Amphiphilic Molecular Mitigators for Stable Perovskite Solar Cells with 23.5% Efficiency,Hongwei Zhu,https://openalex.org/A5041077281,Tianjin University,"['Collaborative Innovation Center of Chemical Science and Engineering Tianjin 300072 China', 'Laboratory of Photonics and Interfaces (LPI) Department of Chemistry and Chemical Engineering École Polytechnique Fédérale de Lausanne  Lausanne CH‐1015 Switzerland', 'School of Chemical Engineering and Technology Tianjin University Tianjin 300072 China']"
https://openalex.org/W3214418016,https://openalex.org/W3020144358,"Synthesis, optoelectronic properties and applications of halide perovskites",Lata Chouhan,https://openalex.org/A5033460795,Hokkaido University,"['Graduate School of Environmental Science and Research Institute for Electronic Science, Hokkaido University, Sapporo, Hokkaido 001-0020, Japan', 'Hokkaido University', 'Japan', 'Sapporo']"
https://openalex.org/W3214418016,https://openalex.org/W3023152388,In Situ Analysis Reveals the Role of 2D Perovskite in Preventing Thermal-Induced Degradation in 2D/3D Perovskite Interfaces,Albertus Adrian Sutanto,https://openalex.org/A5030985205,École Polytechnique Fédérale de Lausanne,"['Group for Molecular Engineering of Functional Materials, Institute of Chemical Sciences and Engineering, École Polytechnique Fédérale de Lausanne (EPFL), Valais Wallis, Rue de l’Industrie 17, CH-1951 Sion, Switzerland']"
https://openalex.org/W3214418016,https://openalex.org/W3036060063,Disentangling Second Harmonic Generation from Multiphoton Photoluminescence in Halide Perovskites using Multidimensional Harmonic Generation,Darien J. Morrow,https://openalex.org/A5081649702,University of Wisconsin–Madison,"['Department of Chemistry, University of Wisconsin−Madison, 1101 University Avenue, Madison, Wisconsin 53706, United States']"
https://openalex.org/W3214418016,https://openalex.org/W3082290582,Defect Tolerance and Intolerance in Metal‐Halide Perovskites,Guan‐Woo Kim,https://openalex.org/A5014476587,Center for Nano Science and Technology,"['Center for Nano Science and Technology@Polimi, Istituto Italiano di Tecnologia, via Giovanni Pascoli 70/3, Milan, 20133 Italy']"
https://openalex.org/W3214418016,https://openalex.org/W3085481167,Defect passivation strategies in perovskites for an enhanced photovoltaic performance,Lin Fu,https://openalex.org/A5088595485,Shandong University,"['Jinan 250061', 'Key Laboratory for Liquid-Solid Structural Evolution and Processing of Materials, Ministry of Education, School of Materials Science and Engineering, Shandong University, Jinan 250061, P. R. China', 'Ministry of Education', 'School of Materials Science and Engineering', 'Shandong University']"
https://openalex.org/W3214418016,https://openalex.org/W3088349018,Shallow Iodine Defects Accelerate the Degradation of α-Phase Formamidinium Perovskite,Shaun Tan,https://openalex.org/A5033789355,California NanoSystems Institute,"['Department of Materials Science and Engineering and California NanoSystems Institute, University of California, Los Angeles, Los Angeles, CA 90095, USA']"
https://openalex.org/W3214418016,https://openalex.org/W3112042913,Unraveling the compositional heterogeneity and carrier dynamics of alkali cation doped 3D/2D perovskites with improved stability,Ming‐Chun Tang,https://openalex.org/A5027298708,Physical Measurement Laboratory,"['Gaithersburg', 'Institute for Research in Electronics and Applied Physics & Maryland NanoCenter, University of Maryland, College Park, MD 20742, USA', 'King Abdullah University of Science and Technology (KAUST), KAUST Solar Center (KSC), and Physical Science and Engineering Division (PSE), Thuwal, Saudi Arabia', 'Physical Measurement Laboratory, National Institute of Standards and Technology (NIST), Gaithersburg, MD 20899, USA', 'USA']"
https://openalex.org/W3214418016,https://openalex.org/W3130174494,Efficient perovskite solar cells via improved carrier management,Jason J. Yoo,https://openalex.org/A5035590680,Massachusetts Institute of Technology,"['Department of Chemistry, Massachusetts Institute of Technology, Cambridge, MA, USA']"
https://openalex.org/W3214418016,https://openalex.org/W3143921035,Nonlinear photocarrier dynamics and the role of shallow traps in mixed-halide mixed-cation hybrid perovskites,David A. Valverde-Chávez,https://openalex.org/A5047845773,Georgia Institute of Technology,"['Atlanta', 'Georgia Institute of Technology', 'School of Chemistry and Biochemistry, Georgia Institute of Technology, Atlanta, GA 30332, USA', 'USA']"
https://openalex.org/W3214418016,https://openalex.org/W3179103525,Stable and low-photovoltage-loss perovskite solar cells by multifunctional passivation,Guang Yang,https://openalex.org/A5013304509,Hong Kong Polytechnic University,"['Department of Electronic and Information Engineering, Research Institute for Smart Energy (RISE), The Hong Kong Polytechnic University, Hong Kong, China', 'Key Laboratory of Artificial Micro/Nano Structures of Ministry of Education, School of Physics and Technology, Wuhan University, Wuhan, China']"
https://openalex.org/W4236747092,https://openalex.org/W648186649,Solid State Physics: Essential Concepts,David W. Snoke,https://openalex.org/A5091421596,University of Pittsburgh,['University of Pittsburgh']
